customer_id,gender,senior_citizen,partner,dependents,tenure_months,phone_service,multiple_lines,internet_service,online_security,online_backup,device_protection,tech_support,streaming_tv,streaming_movies,contract_type,paperless_billing,payment_method,monthly_charges,total_charges,churn,total_charges_outlier_flag,tenure_group,total_addon_services,average_charge_per_month,is_new_customer,has_any_streaming,is_fully_automated_payer,avg_charge_per_month
CUST-00005,Male,No,Yes,Yes,53,Yes,No,No,No internet service,No internet service,No internet service,No internet service,No internet service,No internet service,Two Year,Yes,Electronic check,29.29,1553.16,No,0,Loyal (49m+),0,29.30490566037736,0,0,0,29.3
CUST-00001,Male,No,No,Yes,61,Yes,No,Fiber optic,Yes,No,No,No,No,No,Month-To-Month,No,Credit card,87.04,5303.45,No,0,Loyal (49m+),1,86.94180327868852,0,0,0,86.94
CUST-00002,Female,No,No,No,68,Yes,No,No,No internet service,No internet service,No internet service,No internet service,No internet service,No internet service,Month-To-Month,No,Credit card,28.63,1944.52,No,0,Loyal (49m+),0,28.595882352941175,0,0,0,28.6
CUST-00003,Male,No,No,No,62,Yes,No,No,No internet service,No internet service,No internet service,No internet service,No internet service,No internet service,Two Year,Yes,Credit card,27.85,1736.17,No,0,Loyal (49m+),0,28.002741935483872,0,0,0,28.0
CUST-00004,Male,Yes,Yes,No,1,Yes,Yes,DSL,No,Yes,No,No,No,Yes,Month-To-Month,Yes,Electronic check,67.92,62.16,Yes,0,New (0-12m),2,62.16,1,1,0,62.16
CUST-00006,Female,No,Yes,No,15,Yes,Yes,DSL,No,Yes,No,No,Yes,No,Month-To-Month,No,Electronic check,68.26,1029.89,No,0,Mid-term (13-24m),2,68.65933333333334,0,1,0,68.66
CUST-00007,Male,Yes,Yes,No,54,No,No phone service,DSL,No,No,No,No,Yes,No,Two Year,Yes,Electronic check,49.91,2685.71,No,0,Loyal (49m+),1,49.73537037037037,0,1,0,49.74
CUST-00008,Male,No,No,Yes,42,Yes,No,Fiber optic,No,No,No,No,No,Yes,Month-To-Month,Yes,Mailed check,84.77,3552.44,Yes,0,Established (25-48m),1,84.58190476190477,0,1,0,84.58
CUST-00009,Male,No,No,Yes,60,Yes,No,Fiber optic,No,Yes,No,No,No,No,Month-To-Month,Yes,Bank transfer,86.68,5194.73,No,0,Loyal (49m+),1,86.57883333333332,0,0,0,86.58
CUST-00010,Female,Yes,No,Yes,37,Yes,No,No,No internet service,No internet service,No internet service,No internet service,No internet service,No internet service,One Year,No,Mailed check,30.98,1145.37,Yes,0,Established (25-48m),0,30.955945945945942,0,0,0,30.96
CUST-00011,Male,No,No,Yes,44,Yes,Yes,Fiber optic,No,No,No,No,Yes,Yes,Two Year,No,Bank transfer,95.99,4213.86,Yes,0,Established (25-48m),2,95.76954545454545,0,1,0,95.77
CUST-00012,Male,Yes,Yes,No,50,No,No phone service,Fiber optic,No,No,No,Yes,No,No,Month-To-Month,No,Credit card,75.45,3771.13,No,0,Loyal (49m+),1,75.4226,0,0,0,75.42
CUST-00013,Male,No,No,Yes,41,Yes,No,DSL,No,Yes,No,No,No,No,Two Year,Yes,Bank transfer,57.74,2360.57,No,0,Established (25-48m),1,57.57487804878049,0,0,0,57.57
CUST-00014,Male,No,Yes,No,23,Yes,No,Fiber optic,Yes,Yes,No,No,Yes,Yes,Month-To-Month,No,Mailed check,101.24,2335.51,No,0,Mid-term (13-24m),4,101.54391304347827,0,1,0,101.54
CUST-00015,Female,No,No,Yes,29,Yes,No,DSL,No,No,No,No,Yes,No,One Year,Yes,Electronic check,59.29,1719.14,No,0,Established (25-48m),1,59.28068965517242,0,1,0,59.28
CUST-00016,Male,Yes,No,Yes,36,Yes,Yes,DSL,No,No,No,No,Yes,No,Month-To-Month,Yes,Electronic check,66.68,2391.9,No,0,Established (25-48m),1,66.44166666666666,0,1,0,66.44
CUST-00017,Female,No,No,No,52,Yes,Yes,Fiber optic,No,Yes,Yes,Yes,No,Yes,Month-To-Month,Yes,Mailed check,103.73,5393.22,No,0,Loyal (49m+),4,103.71576923076924,0,1,0,103.72
CUST-00018,Female,No,Yes,No,62,Yes,No,No,No internet service,No internet service,No internet service,No internet service,No internet service,No internet service,Month-To-Month,Yes,Bank transfer,30.85,1912.3,No,0,Loyal (49m+),0,30.843548387096774,0,0,0,30.84
CUST-00019,Female,No,Yes,No,10,Yes,Yes,Fiber optic,No,Yes,No,No,No,No,Two Year,No,Mailed check,90.52,901.19,No,0,New (0-12m),1,90.119,0,0,0,90.12
CUST-00020,Male,No,No,Yes,22,Yes,Yes,DSL,Yes,Yes,Yes,No,No,No,Two Year,No,Bank transfer,73.06,1604.68,No,0,Mid-term (13-24m),3,72.94,0,0,0,72.94
CUST-00021,Female,No,No,Yes,49,Yes,Yes,DSL,No,Yes,No,Yes,No,No,Month-To-Month,Yes,Electronic check,68.18,3350.23,No,0,Loyal (49m+),2,68.37204081632653,0,0,0,68.37
CUST-00022,F,No,No,No,54,Yes,Yes,DSL,No,No,No,Yes,No,No,Two Year,No,Electronic check,67.5,3639.94,No,0,Loyal (49m+),1,67.4062962962963,0,0,0,67.41
CUST-00023,Female,No,Yes,No,54,Yes,No,DSL,Yes,No,No,Yes,No,No,Month-To-Month,Yes,Bank transfer,64.18,3469.25,No,0,Loyal (49m+),2,64.24537037037037,0,0,0,64.25
CUST-00024,Female,No,Yes,Yes,3,Yes,No,DSL,Yes,Yes,No,No,Yes,Yes,One Year,Yes,Electronic check,74.54,226.84,Yes,0,New (0-12m),4,75.61333333333333,1,1,0,75.61
CUST-00025,Female,No,Yes,No,53,Yes,No,Fiber optic,No,No,No,Yes,No,Yes,Month-To-Month,Yes,Bank transfer,91.78,4862.79,No,0,Loyal (49m+),2,91.75075471698113,0,1,0,91.75
CUST-00026,Female,No,No,No,60,Yes,Yes,DSL,No,No,No,No,Yes,Yes,One Year,Yes,Credit card,70.66,4248.24,No,0,Loyal (49m+),2,70.804,0,1,0,70.8
CUST-00027,Female,No,Yes,Yes,4,Yes,No,DSL,No,No,No,No,No,Yes,Month-To-Month,Yes,Electronic check,60.9,248.99,No,0,New (0-12m),1,62.2475,0,1,0,62.25
CUST-00028,Female,Yes,No,No,17,Yes,No,No,No internet service,No internet service,No internet service,No internet service,No internet service,No internet service,Month-To-Month,No,Mailed check,30.68,511.98,Yes,0,Mid-term (13-24m),0,30.116470588235295,0,0,0,30.12
CUST-00029,Female,No,Yes,Yes,43,Yes,Yes,Fiber optic,No,No,No,No,No,Yes,One Year,No,Bank transfer,89.12,3831.87,No,0,Established (25-48m),1,89.11325581395349,0,1,0,89.11
CUST-00030,Female,Yes,No,Yes,30,Yes,Yes,DSL,Yes,No,No,Yes,Yes,No,Two Year,No,Bank transfer,76.65,2291.78,No,0,Established (25-48m),3,76.39266666666667,0,1,0,76.39
CUST-00031,Male,No,No,Yes,20,Yes,Yes,Fiber optic,No,No,Yes,No,No,No,One Year,Yes,Electronic check,87.67,1749.14,No,0,Mid-term (13-24m),1,87.45700000000001,0,0,0,87.46
CUST-00032,Male,No,Yes,No,46,Yes,No,Fiber optic,No,No,Yes,No,Yes,No,Two Year,No,Credit card,89.34,4104.41,No,0,Established (25-48m),2,89.22630434782609,0,1,0,89.23
CUST-00033,M,No,No,No,29,Yes,No,Fiber optic,Yes,No,No,No,No,Yes,Month-To-Month,No,Electronic check,92.27,2680.94,Yes,0,Established (25-48m),2,92.44620689655173,0,1,0,92.45
CUST-00034,Female,No,No,No,54,Yes,Yes,No,No internet service,No internet service,No internet service,No internet service,No internet service,No internet service,Month-To-Month,No,Electronic check,34.39,1852.04,Yes,0,Loyal (49m+),0,34.297037037037036,0,0,0,34.3
CUST-00035,Female,No,No,No,67,No,No phone service,Fiber optic,Yes,No,Yes,No,Yes,Yes,Month-To-Month,Yes,Electronic check,87.58,5877.72,No,0,Loyal (49m+),4,87.72716417910448,0,1,0,87.73
CUST-00036,Male,No,Yes,Yes,68,Yes,No,Fiber optic,No,Yes,Yes,No,Yes,Yes,One Year,No,Electronic check,98.46,6687.85,No,0,Loyal (49m+),4,98.35073529411765,0,1,0,98.35
CUST-00037,Female,No,No,Yes,40,Yes,Yes,No,No internet service,No internet service,No internet service,No internet service,No internet service,No internet service,Two Year,No,Electronic check,37.22,1487.03,No,0,Established (25-48m),0,37.17575,0,0,0,37.18
CUST-00038,Male,No,Yes,No,44,Yes,Yes,Fiber optic,No,No,Yes,No,No,Yes,Two Year,No,Electronic check,96.75,4256.79,No,0,Established (25-48m),2,96.74522727272728,0,1,0,96.75
CUST-00039,Male,No,Yes,No,29,Yes,No,No,No internet service,No internet service,No internet service,No internet service,No internet service,No internet service,Two Year,Yes,Mailed check,28.48,824.58,No,0,Established (25-48m),0,28.433793103448277,0,0,0,28.43
CUST-00040,Male,No,No,No,44,Yes,No,Fiber optic,Yes,Yes,Yes,No,No,No,One Year,Yes,Electronic check,97.39,4277.03,Yes,0,Established (25-48m),3,97.20522727272727,0,0,0,97.21
CUST-00041,Male,No,Yes,No,44,Yes,Yes,No,No internet service,No internet service,No internet service,No internet service,No internet service,No internet service,Two Year,Yes,Credit card,33.29,1459.28,No,0,Established (25-48m),0,33.165454545454544,0,0,0,33.17
CUST-00042,Male,No,No,Yes,44,Yes,Yes,No,No internet service,No internet service,No internet service,No internet service,No internet service,No internet service,Month-To-Month,Yes,Electronic check,37.46,1648.66,Yes,0,Established (25-48m),0,37.469545454545454,0,0,0,37.47
CUST-00043,Female,No,Yes,No,54,Yes,Yes,Fiber optic,Yes,Yes,Yes,Yes,No,Yes,Month-To-Month,Yes,Credit card,106.22660000000005,6038.88,No,0,Loyal (49m+),5,111.83111111111111,0,1,0,111.83
CUST-00044,Female,No,No,Yes,58,Yes,Yes,DSL,No,Yes,No,No,No,No,One Year,No,Credit card,67.06,3893.25,No,0,Loyal (49m+),1,67.125,0,0,0,67.12
CUST-00045,Female,No,Yes,No,4,Yes,No,No,No internet service,No internet service,No internet service,No internet service,No internet service,No internet service,Month-To-Month,Yes,Mailed check,28.2,113.69,Yes,0,New (0-12m),0,28.4225,0,0,0,28.42
CUST-00046,Female,No,No,No,31,Yes,No,No,No internet service,No internet service,No internet service,No internet service,No internet service,No internet service,Two Year,Yes,Mailed check,29.01,908.86,No,0,Established (25-48m),0,29.318064516129034,0,0,0,29.32
CUST-00047,Female,No,No,No,5,Yes,No,Fiber optic,No,Yes,No,Yes,No,Yes,Month-To-Month,Yes,Electronic check,96.01,485.27,Yes,0,New (0-12m),3,97.054,0,1,0,97.05
CUST-00048,Male,No,No,Yes,25,Yes,No,DSL,No,No,No,No,No,No,Two Year,Yes,Credit card,55.03,1383.08,No,0,Established (25-48m),0,55.3232,0,0,0,55.32
CUST-00049,Female,No,No,No,36,Yes,No,No,No internet service,No internet service,No internet service,No internet service,No internet service,No internet service,Two Year,Yes,Bank transfer,28.96,1032.81,Yes,0,Established (25-48m),0,28.689166666666665,0,0,0,28.69
CUST-00050,Female,No,Yes,Yes,12,Yes,Yes,Fiber optic,No,No,No,Yes,No,No,One Year,Yes,Credit card,90.98,1086.08,No,0,New (0-12m),1,90.50666666666666,0,0,0,90.51
CUST-00051,M,No,Yes,Yes,68,Yes,Yes,Fiber optic,No,No,No,Yes,No,Yes,Month-To-Month,Yes,Electronic check,96.4,6559.6,No,0,Loyal (49m+),2,96.46470588235294,0,1,0,96.46
CUST-00052,M,No,No,No,24,Yes,Yes,No,No internet service,No internet service,No internet service,No internet service,No internet service,No internet service,One Year,No,Credit card,33.93,809.89,No,0,Mid-term (13-24m),0,33.745416666666664,0,0,0,33.75
CUST-00053,Male,No,Yes,Yes,12,Yes,Yes,Fiber optic,No,Yes,No,No,No,No,One Year,Yes,Mailed check,87.93,1052.24,No,0,New (0-12m),1,87.68666666666667,0,0,0,87.69
CUST-00054,Female,Yes,No,Yes,19,No,No phone service,No,No internet service,No internet service,No internet service,No internet service,No internet service,No internet service,One Year,No,Credit card,20.37,388.84,No,0,Mid-term (13-24m),0,20.465263157894736,0,0,0,20.47
CUST-00055,Male,No,No,Yes,71,Yes,No,Fiber optic,No,Yes,No,No,No,No,One Year,No,Electronic check,84.48,5998.93,No,0,Loyal (49m+),1,84.49197183098592,0,0,0,84.49
CUST-00056,Female,Yes,Yes,No,59,Yes,Yes,No,No internet service,No internet service,No internet service,No internet service,No internet service,No internet service,Two Year,Yes,Bank transfer,36.89,2170.93,No,0,Loyal (49m+),0,36.79542372881355,0,0,0,36.8
CUST-00057,Female,No,Yes,Yes,72,Yes,No,Fiber optic,No,No,No,No,Yes,No,Month-To-Month,No,Bank transfer,82.73,5964.13,No,0,Loyal (49m+),1,82.83513888888889,0,1,0,82.84
CUST-00058,Male,No,No,Yes,20,Yes,Yes,No,No internet service,No internet service,No internet service,No internet service,No internet service,No internet service,Month-To-Month,Yes,Bank transfer,35.69,716.36,No,0,Mid-term (13-24m),0,35.818,0,0,0,35.82
CUST-00059,Male,No,Yes,No,60,Yes,No,Fiber optic,No,No,Yes,Yes,No,No,One Year,Yes,Mailed check,87.74,5268.11,No,0,Loyal (49m+),2,87.80183333333333,0,0,0,87.8
CUST-00060,Male,No,No,No,25,Yes,No,Fiber optic,No,Yes,No,No,No,No,Month-To-Month,Yes,Bank transfer,83.07,2083.32,No,0,Established (25-48m),1,83.3328,0,0,0,83.33
CUST-00061,Male,No,Yes,Yes,53,Yes,No,DSL,No,No,No,No,No,Yes,Two Year,Yes,Electronic check,59.34,3137.07,No,0,Loyal (49m+),1,59.190000000000005,0,1,0,59.19
CUST-00062,Male,No,Yes,Yes,41,Yes,No,Fiber optic,No,Yes,Yes,No,No,No,Month-To-Month,No,Mailed check,88.64,3633.72,Yes,0,Established (25-48m),2,88.62731707317073,0,0,0,88.63
CUST-00063,Male,No,Yes,Yes,10,Yes,No,Fiber optic,No,No,No,No,No,No,Month-To-Month,Yes,Electronic check,78.31,774.83,No,0,New (0-12m),0,77.483,0,0,0,77.48
CUST-00064,Male,No,Yes,Yes,36,Yes,No,No,No internet service,No internet service,No internet service,No internet service,No internet service,No internet service,Two Year,Yes,Electronic check,31.47,1124.39,Yes,0,Established (25-48m),0,31.23305555555556,0,0,0,31.23
CUST-00065,Male,No,Yes,No,10,Yes,No,Fiber optic,Yes,No,No,No,No,Yes,Month-To-Month,Yes,Bank transfer,88.66,891.02,No,0,New (0-12m),2,89.102,0,1,0,89.1
CUST-00066,Female,No,No,No,26,Yes,Yes,No,No internet service,No internet service,No internet service,No internet service,No internet service,No internet service,Two Year,Yes,Electronic check,34.32,898.11,No,0,Established (25-48m),0,34.542692307692306,0,0,0,34.54
CUST-00067,Female,No,Yes,Yes,33,Yes,Yes,Fiber optic,No,No,No,Yes,No,Yes,One Year,No,Electronic check,97.04,3193.37,No,0,Established (25-48m),2,96.76878787878788,0,1,0,96.77
CUST-00068,male,No,Yes,No,37,Yes,No,DSL,No,No,No,Yes,No,No,Month-To-Month,Yes,Mailed check,61.43,2279.76,Yes,0,Established (25-48m),1,61.61513513513514,0,0,0,61.62
CUST-00069,Female,No,No,Yes,60,Yes,Yes,DSL,Yes,No,No,Yes,No,No,Two Year,Yes,Credit card,70.12,4202.83,No,0,Loyal (49m+),2,70.04716666666667,0,0,0,70.05
CUST-00070,Female,Yes,No,No,52,Yes,Yes,DSL,No,No,Yes,Yes,No,No,Month-To-Month,Yes,Mailed check,67.97,3537.54,No,0,Loyal (49m+),2,68.02961538461538,0,0,0,68.03
CUST-00071,male,No,No,No,64,Yes,Yes,DSL,Yes,No,Yes,No,No,Yes,Month-To-Month,Yes,Credit card,77.23,4946.43,No,0,Loyal (49m+),3,77.28796875,0,1,0,77.29
CUST-00072,Female,Yes,Yes,No,2,Yes,Yes,Fiber optic,No,No,No,Yes,Yes,Yes,Month-To-Month,Yes,Electronic check,101.05,206.03,No,0,New (0-12m),3,103.015,1,1,0,103.02
CUST-00073,Male,No,Yes,Yes,66,Yes,Yes,Fiber optic,Yes,Yes,No,Yes,No,No,Month-To-Month,Yes,Bank transfer,97.68,6448.47,No,0,Loyal (49m+),3,97.70409090909091,0,0,0,97.7
CUST-00074,Female,No,No,Yes,27,Yes,No,Fiber optic,No,No,No,Yes,No,No,Two Year,Yes,Electronic check,87.24,2347.74,No,0,Established (25-48m),1,86.95333333333332,0,0,0,86.95
CUST-00075,Male,No,No,Yes,13,Yes,No,Fiber optic,No,No,No,No,Yes,No,Two Year,No,Credit card,82.86,1069.41,Yes,0,Mid-term (13-24m),1,82.2623076923077,0,1,0,82.26
CUST-00076,Female,No,No,No,51,Yes,No,Fiber optic,No,Yes,No,No,No,No,Month-To-Month,Yes,Mailed check,85.51,4353.83,No,0,Loyal (49m+),1,85.36921568627452,0,0,0,85.37
CUST-00077,Female,Yes,No,No,29,Yes,Yes,DSL,No,No,No,No,No,No,One Year,No,Mailed check,59.47,1733.05,No,0,Established (25-48m),0,59.7603448275862,0,0,0,59.76
CUST-00078,Female,No,Yes,Yes,57,No,No phone service,DSL,Yes,No,No,No,No,Yes,Two Year,No,Electronic check,57.4,3266.01,Yes,0,Loyal (49m+),2,57.29842105263158,0,1,0,57.3
CUST-00079,Male,No,Yes,No,53,Yes,No,Fiber optic,No,No,Yes,No,No,No,Two Year,No,Credit card,87.12,4610.42,No,0,Loyal (49m+),1,86.98905660377359,0,0,0,86.99
CUST-00080,Female,No,Yes,No,68,Yes,Yes,DSL,No,No,No,No,No,No,Month-To-Month,Yes,Bank transfer,60.49,4123.09,No,0,Loyal (49m+),0,60.633676470588235,0,0,0,60.63
CUST-00081,Male,No,Yes,Yes,14,Yes,No,Fiber optic,Yes,No,No,No,No,Yes,Two Year,No,Credit card,91.01,1264.23,No,0,Mid-term (13-24m),2,90.30214285714285,0,1,0,90.3
CUST-00082,Female,Yes,Yes,Yes,37,Yes,No,DSL,No,No,Yes,Yes,No,Yes,Month-To-Month,No,Electronic check,71.61,2655.1,No,0,Established (25-48m),3,71.75945945945946,0,1,0,71.76
CUST-00083,Male,No,No,No,13,Yes,Yes,Fiber optic,No,Yes,No,Yes,Yes,Yes,One Year,No,Electronic check,106.22660000000005,1392.7,Yes,0,Mid-term (13-24m),4,107.13076923076923,0,1,0,107.13
CUST-00084,male,No,Yes,Yes,56,Yes,Yes,Fiber optic,No,Yes,Yes,No,No,No,Two Year,Yes,Electronic check,95.5,5351.24,No,0,Loyal (49m+),2,95.55785714285715,0,0,0,95.56
CUST-00085,Male,No,No,Yes,58,Yes,Yes,Fiber optic,No,No,No,Yes,Yes,Yes,Month-To-Month,Yes,Mailed check,98.76,5737.58,No,0,Loyal (49m+),3,98.92379310344828,0,1,0,98.92
CUST-00086,Male,No,No,No,7,Yes,No,DSL,No,No,No,No,No,No,Month-To-Month,No,Credit card,54.06,375.09,No,0,New (0-12m),0,53.58428571428571,0,0,0,53.58
CUST-00087,Female,No,No,No,71,Yes,No,DSL,No,No,Yes,No,Yes,Yes,Month-To-Month,Yes,Mailed check,70.83,5020.69,No,0,Loyal (49m+),3,70.71394366197183,0,1,0,70.71
CUST-00088,Male,No,Yes,Yes,18,Yes,No,Fiber optic,Yes,No,No,Yes,Yes,No,Month-To-Month,Yes,Electronic check,95.94,1721.73,No,0,Mid-term (13-24m),3,95.65166666666667,0,1,0,95.65
CUST-00089,Female,No,No,No,31,Yes,No,No,No internet service,No internet service,No internet service,No internet service,No internet service,No internet service,Month-To-Month,Yes,Mailed check,29.36,902.14,No,0,Established (25-48m),0,29.101290322580645,0,0,0,29.1
CUST-00090,Female,No,Yes,Yes,28,Yes,Yes,DSL,No,Yes,No,No,No,Yes,One Year,No,Bank transfer,71.94,2014.06,Yes,0,Established (25-48m),2,71.93071428571429,0,1,0,71.93
CUST-00091,Female,No,No,Yes,40,Yes,No,DSL,No,Yes,Yes,Yes,Yes,No,Month-To-Month,Yes,Electronic check,74.5,2989.3,No,0,Established (25-48m),4,74.7325,0,1,0,74.73
CUST-00092,male,No,Yes,No,44,Yes,Yes,DSL,No,No,No,No,No,Yes,Month-To-Month,No,Credit card,65.99,2903.91,No,0,Established (25-48m),1,65.99795454545455,0,1,0,66.0
CUST-00093,Female,No,No,No,12,Yes,No,Fiber optic,No,No,No,No,Yes,Yes,Month-To-Month,Yes,Electronic check,88.55,1059.11,No,0,New (0-12m),2,88.25916666666666,0,1,0,88.26
CUST-00094,Female,No,Yes,Yes,26,No,No phone service,No,No internet service,No internet service,No internet service,No internet service,No internet service,No internet service,Month-To-Month,Yes,Bank transfer,19.8858,509.15,Yes,0,Established (25-48m),0,19.582692307692305,0,0,0,19.58
CUST-00095,Female,No,No,Yes,18,No,No phone service,DSL,No,No,No,No,No,No,Month-To-Month,Yes,Mailed check,45.23,816.41,No,0,Mid-term (13-24m),0,45.35611111111111,0,0,0,45.36
CUST-00096,Female,No,No,Yes,25,No,No phone service,Fiber optic,No,No,No,No,Yes,Yes,One Year,No,Electronic check,77.69,1950.85,No,0,Established (25-48m),2,78.03399999999999,0,1,0,78.03
CUST-00097,Female,No,No,No,52,Yes,No,Fiber optic,Yes,Yes,No,No,No,No,Month-To-Month,Yes,Bank transfer,87.71,4570.22,No,0,Loyal (49m+),2,87.88884615384616,0,0,0,87.89
CUST-00098,Female,No,No,Yes,50,Yes,No,No,No internet service,No internet service,No internet service,No internet service,No internet service,No internet service,Two Year,Yes,Mailed check,28.85,1451.23,No,0,Loyal (49m+),0,29.0246,0,0,0,29.02
CUST-00099,Female,No,Yes,No,36,Yes,Yes,Fiber optic,No,No,No,No,No,No,Month-To-Month,Yes,Bank transfer,86.64,3122.88,No,0,Established (25-48m),0,86.74666666666667,0,0,0,86.75
CUST-00100,Male,No,Yes,Yes,8,Yes,No,DSL,No,No,Yes,No,No,No,Two Year,Yes,Bank transfer,58.58,468.68,Yes,0,New (0-12m),1,58.585,0,0,0,58.58
CUST-00101,Male,No,Yes,No,51,Yes,Yes,Fiber optic,No,No,No,No,No,No,Month-To-Month,No,Electronic check,86.93,4429.23,No,0,Loyal (49m+),0,86.84764705882353,0,0,0,86.85
CUST-00102,Female,No,No,Yes,53,Yes,Yes,No,No internet service,No internet service,No internet service,No internet service,No internet service,No internet service,Two Year,Yes,Credit card,36.08,1921.07,No,0,Loyal (49m+),0,36.2466037735849,0,0,0,36.25
CUST-00103,Female,No,No,No,2,Yes,No,No,No internet service,No internet service,No internet service,No internet service,No internet service,No internet service,One Year,Yes,Bank transfer,30.94,62.78,No,0,New (0-12m),0,31.39,1,0,0,31.39
CUST-00104,Female,No,No,Yes,68,Yes,No,Fiber optic,No,Yes,No,No,Yes,No,Two Year,Yes,Bank transfer,90.87,6189.07,No,0,Loyal (49m+),2,91.01573529411765,0,1,0,91.02
CUST-00105,Female,No,No,Yes,7,Yes,No,DSL,No,Yes,Yes,Yes,Yes,No,One Year,Yes,Mailed check,77.38,550.03,No,0,New (0-12m),4,78.57571428571428,0,1,0,78.58
CUST-00106,Female,No,No,Yes,13,Yes,Yes,Fiber optic,Yes,No,No,No,No,No,Two Year,No,Electronic check,90.67,1176.28,No,0,Mid-term (13-24m),1,90.48307692307692,0,0,0,90.48
CUST-00107,Female,No,No,Yes,2,Yes,Yes,Fiber optic,No,Yes,No,Yes,No,No,One Year,Yes,Electronic check,95.75,199.01,No,0,New (0-12m),2,99.505,1,0,0,99.5
CUST-00108,Female,No,Yes,No,23,Yes,Yes,Fiber optic,No,No,No,Yes,Yes,No,Two Year,Yes,Credit card,94.77,2180.4,No,0,Mid-term (13-24m),2,94.8,0,1,0,94.8
CUST-00109,Female,No,Yes,No,12,Yes,Yes,Fiber optic,Yes,No,No,No,No,Yes,Two Year,Yes,Credit card,96.86,1167.17,Yes,0,New (0-12m),2,97.26416666666667,0,1,0,97.26
CUST-00110,Male,No,Yes,No,42,Yes,No,DSL,No,No,No,No,No,No,One Year,No,Mailed check,52.79,2216.8,Yes,0,Established (25-48m),0,52.780952380952385,0,0,0,52.78
CUST-00111,Female,No,Yes,No,28,Yes,Yes,DSL,Yes,No,No,No,No,Yes,Month-To-Month,Yes,Electronic check,69.22,1947.95,Yes,0,Established (25-48m),2,69.56964285714285,0,1,0,69.57
CUST-00112,Male,No,Yes,No,71,No,No phone service,Fiber optic,Yes,Yes,Yes,No,No,Yes,Month-To-Month,Yes,Bank transfer,88.93,6312.01,No,0,Loyal (49m+),4,88.90154929577466,0,1,0,88.9
CUST-00113,Female,No,Yes,Yes,50,Yes,Yes,DSL,No,Yes,Yes,No,No,No,Two Year,No,Bank transfer,69.49,3466.42,No,0,Loyal (49m+),2,69.3284,0,0,0,69.33
CUST-00114,Female,No,Yes,No,41,Yes,Yes,Fiber optic,No,No,No,No,Yes,No,Month-To-Month,No,Credit card,89.9,3693.06,Yes,0,Established (25-48m),1,90.07463414634147,0,1,0,90.07
CUST-00115,Male,No,Yes,No,30,Yes,No,Fiber optic,No,No,Yes,No,No,Yes,One Year,Yes,Electronic check,92.28,2773.52,No,0,Established (25-48m),2,92.45066666666666,0,1,0,92.45
CUST-00116,Female,No,No,No,62,Yes,No,DSL,No,No,Yes,No,Yes,No,Month-To-Month,Yes,Electronic check,67.12,4153.96,No,0,Loyal (49m+),2,66.99935483870968,0,1,0,67.0
CUST-00117,Male,No,No,No,25,Yes,No,No,No internet service,No internet service,No internet service,No internet service,No internet service,No internet service,Month-To-Month,Yes,Mailed check,30.56,764.1,No,0,Established (25-48m),0,30.564,0,0,0,30.56
CUST-00118,Female,No,No,Yes,17,Yes,No,DSL,No,No,No,No,Yes,No,One Year,No,Electronic check,57.6,982.77,No,0,Mid-term (13-24m),1,57.81,0,1,0,57.81
CUST-00119,Female,No,No,Yes,56,Yes,No,Fiber optic,No,Yes,No,No,No,Yes,One Year,No,Credit card,90.28,5053.88,No,0,Loyal (49m+),2,90.24785714285714,0,1,0,90.25
CUST-00120,Male,No,No,Yes,6,Yes,Yes,DSL,No,No,No,Yes,No,No,Month-To-Month,Yes,Electronic check,62.84,385.21,No,0,New (0-12m),1,64.20166666666667,0,0,0,64.2
CUST-00121,Female,No,No,Yes,47,Yes,Yes,DSL,No,Yes,No,No,Yes,No,Month-To-Month,No,Credit card,69.3,3265.96,No,0,Established (25-48m),2,69.48851063829787,0,1,0,69.49
CUST-00122,Male,Yes,No,No,59,Yes,Yes,No,No internet service,No internet service,No internet service,No internet service,No internet service,No internet service,Month-To-Month,Yes,Electronic check,34.02,2014.55,No,0,Loyal (49m+),0,34.14491525423729,0,0,0,34.14
CUST-00123,Female,No,Yes,No,32,No,No phone service,Fiber optic,No,Yes,No,No,Yes,Yes,One Year,No,Bank transfer,85.74,2744.3,No,0,Established (25-48m),3,85.759375,0,1,0,85.76
CUST-00124,Male,Yes,Yes,Yes,2,Yes,Yes,DSL,No,No,No,No,No,No,Month-To-Month,No,Mailed check,57.59,114.25,Yes,0,New (0-12m),0,57.125,1,0,0,57.12
CUST-00125,Male,No,No,Yes,3,Yes,No,DSL,Yes,No,No,No,No,No,One Year,No,Electronic check,61.44,186.02,Yes,0,New (0-12m),1,62.00666666666667,1,0,0,62.01
CUST-00126,Female,Yes,Yes,No,3,Yes,Yes,No,No internet service,No internet service,No internet service,No internet service,No internet service,No internet service,One Year,Yes,Mailed check,36.63,110.23,No,0,New (0-12m),0,36.74333333333333,1,0,0,36.74
CUST-00127,Female,No,Yes,No,41,Yes,No,Fiber optic,No,Yes,No,Yes,No,No,Two Year,Yes,Mailed check,87.66,3586.03,No,0,Established (25-48m),2,87.46414634146342,0,0,0,87.46
CUST-00128,Male,No,Yes,Yes,8,No,No phone service,Fiber optic,Yes,No,Yes,Yes,Yes,Yes,Month-To-Month,No,Credit card,92.91,749.04,No,0,New (0-12m),5,93.63,0,1,0,93.63
CUST-00129,Female,No,Yes,Yes,50,Yes,No,DSL,Yes,No,Yes,Yes,No,No,Month-To-Month,Yes,Electronic check,72.1,3613.82,No,0,Loyal (49m+),3,72.27640000000001,0,0,0,72.28
CUST-00130,Female,No,Yes,Yes,16,Yes,Yes,No,No internet service,No internet service,No internet service,No internet service,No internet service,No internet service,Month-To-Month,Yes,Credit card,35.58,569.09,No,0,Mid-term (13-24m),0,35.568125,0,0,0,35.57
CUST-00131,Female,No,No,Yes,16,No,No phone service,DSL,Yes,No,No,No,No,Yes,Month-To-Month,Yes,Credit card,57.3,908.03,Yes,0,Mid-term (13-24m),2,56.751875,0,1,0,56.75
CUST-00132,Male,No,Yes,No,19,Yes,Yes,DSL,Yes,No,Yes,No,No,No,Month-To-Month,Yes,Bank transfer,69.79,1322.47,No,0,Mid-term (13-24m),2,69.60368421052631,0,0,0,69.6
CUST-00133,Male,No,No,No,13,Yes,No,Fiber optic,No,No,No,No,No,No,Two Year,No,Bank transfer,78.45,1012.3,No,0,Mid-term (13-24m),0,77.86923076923077,0,0,0,77.87
CUST-00134,Male,No,No,No,21,Yes,No,No,No internet service,No internet service,No internet service,No internet service,No internet service,No internet service,Month-To-Month,Yes,Electronic check,29.35,625.96,No,0,Mid-term (13-24m),0,29.80761904761905,0,0,0,29.81
CUST-00135,Male,No,No,Yes,51,Yes,Yes,Fiber optic,Yes,No,No,No,No,No,Month-To-Month,Yes,Mailed check,92.14,4691.88,No,0,Loyal (49m+),1,91.99764705882353,0,0,0,92.0
CUST-00136,Male,No,Yes,No,26,No,No phone service,Fiber optic,No,Yes,Yes,No,Yes,Yes,Month-To-Month,Yes,Bank transfer,88.08,2281.69,No,0,Established (25-48m),4,87.75730769230769,0,1,0,87.76
CUST-00137,Male,Yes,No,No,42,Yes,No,Fiber optic,No,No,No,No,Yes,No,Two Year,No,Bank transfer,86.96,3652.76,No,0,Established (25-48m),1,86.97047619047619,0,1,0,86.97
CUST-00138,Male,No,No,Yes,2,Yes,No,DSL,No,No,No,Yes,No,No,Month-To-Month,No,Mailed check,60.15,111.6,No,0,New (0-12m),1,55.8,1,0,0,55.8
CUST-00139,Male,Yes,No,Yes,7,Yes,Yes,No,No internet service,No internet service,No internet service,No internet service,No internet service,No internet service,Month-To-Month,Yes,Credit card,32.85,232.63,Yes,0,New (0-12m),0,33.23285714285714,0,0,0,33.23
CUST-00140,Male,No,No,Yes,9,Yes,No,Fiber optic,Yes,Yes,Yes,Yes,No,Yes,Month-To-Month,Yes,Mailed check,104.5,947.88,No,0,New (0-12m),5,105.32,0,1,0,105.32
CUST-00141,Female,No,Yes,Yes,28,Yes,Yes,DSL,No,No,Yes,No,No,No,One Year,Yes,Credit card,63.72,1779.17,Yes,0,Established (25-48m),1,63.541785714285716,0,0,0,63.54
CUST-00142,Male,No,No,Yes,39,Yes,Yes,Fiber optic,No,No,Yes,No,No,Yes,Two Year,Yes,Mailed check,95.38,3728.36,No,0,Established (25-48m),2,95.59897435897436,0,1,0,95.6
CUST-00143,Female,No,No,Yes,64,Yes,No,Fiber optic,Yes,Yes,No,Yes,No,No,Month-To-Month,No,Electronic check,93.26,5971.56,Yes,0,Loyal (49m+),3,93.305625,0,0,0,93.31
CUST-00144,F,No,No,No,20,Yes,No,Fiber optic,No,No,No,No,Yes,No,Month-To-Month,Yes,Bank transfer,87.21,1737.45,Yes,0,Mid-term (13-24m),1,86.8725,0,1,0,86.87
CUST-00145,Female,No,No,No,23,Yes,No,Fiber optic,No,Yes,No,No,Yes,No,Month-To-Month,Yes,Bank transfer,88.56,2039.77,No,0,Mid-term (13-24m),2,88.68565217391304,0,1,0,88.69
CUST-00146,male,No,Yes,No,72,Yes,Yes,DSL,No,Yes,No,Yes,Yes,Yes,Month-To-Month,Yes,Electronic check,80.66,5798.98,No,0,Loyal (49m+),4,80.54138888888889,0,1,0,80.54
CUST-00147,Male,Yes,No,No,59,Yes,Yes,DSL,No,Yes,No,No,No,No,Month-To-Month,No,Electronic check,66.66,3929.93,No,0,Loyal (49m+),1,66.60898305084746,0,0,0,66.61
CUST-00148,Male,No,No,No,25,Yes,No,DSL,No,No,No,Yes,Yes,Yes,Two Year,No,Mailed check,70.48,1752.32,No,0,Established (25-48m),3,70.0928,0,1,0,70.09
CUST-00149,Male,No,No,No,8,Yes,No,Fiber optic,No,Yes,No,No,No,Yes,Month-To-Month,No,Electronic check,90.78,725.07,No,0,New (0-12m),2,90.63375,0,1,0,90.63
CUST-00150,Female,No,No,Yes,19,Yes,Yes,No,No internet service,No internet service,No internet service,No internet service,No internet service,No internet service,Month-To-Month,Yes,Bank transfer,34.55,663.09,No,0,Mid-term (13-24m),0,34.89947368421053,0,0,0,34.9
CUST-00151,Male,No,No,Yes,55,No,No phone service,No,No internet service,No internet service,No internet service,No internet service,No internet service,No internet service,Month-To-Month,Yes,Electronic check,19.8858,994.5,No,0,Loyal (49m+),0,18.081818181818182,0,0,0,18.08
CUST-00152,Male,No,No,Yes,35,Yes,Yes,DSL,Yes,No,No,Yes,No,Yes,Two Year,No,Electronic check,73.16,2554.58,No,0,Established (25-48m),3,72.988,0,1,0,72.99
CUST-00153,Male,No,Yes,No,35,Yes,No,Fiber optic,No,No,No,No,Yes,Yes,One Year,Yes,Bank transfer,91.01,3179.0,No,0,Established (25-48m),2,90.82857142857142,0,1,0,90.83
CUST-00154,Male,No,No,No,72,Yes,No,No,No internet service,No internet service,No internet service,No internet service,No internet service,No internet service,Two Year,No,Mailed check,31.49,2271.36,Yes,0,Loyal (49m+),0,31.546666666666667,0,0,0,31.55
CUST-00155,Male,No,Yes,Yes,21,Yes,No,Fiber optic,Yes,Yes,No,No,No,No,Month-To-Month,Yes,Credit card,91.71,1929.23,Yes,0,Mid-term (13-24m),2,91.86809523809524,0,0,0,91.87
CUST-00156,Female,No,Yes,Yes,0,Yes,Yes,DSL,No,Yes,No,No,No,Yes,Month-To-Month,Yes,Mailed check,69.31,0.0,No,0,New (0-12m),2,69.31,1,1,0,69.31
CUST-00157,Male,No,No,No,68,Yes,No,Fiber optic,Yes,No,No,No,Yes,No,One Year,Yes,Mailed check,92.34,6282.56,No,0,Loyal (49m+),2,92.39058823529412,0,1,0,92.39
CUST-00158,Female,Yes,Yes,Yes,72,Yes,No,Fiber optic,Yes,No,No,No,No,Yes,Month-To-Month,No,Mailed check,90.71,6536.73,No,0,Loyal (49m+),2,90.78791666666666,0,1,0,90.79
CUST-00159,Male,No,No,Yes,36,Yes,Yes,DSL,Yes,Yes,No,Yes,No,Yes,One Year,Yes,Bank transfer,78.27,2823.05,No,0,Established (25-48m),4,78.41805555555555,0,1,0,78.42
CUST-00160,Female,No,Yes,No,71,Yes,Yes,Fiber optic,Yes,No,No,No,No,No,Month-To-Month,No,Mailed check,87.84,6234.75,No,0,Loyal (49m+),1,87.81338028169014,0,0,0,87.81
CUST-00161,Male,No,No,No,12,Yes,Yes,Fiber optic,Yes,No,No,No,No,No,Month-To-Month,No,Electronic check,90.22,1088.92,Yes,0,New (0-12m),1,90.74333333333334,0,0,0,90.74
CUST-00162,male,Yes,Yes,No,42,Yes,Yes,Fiber optic,No,No,No,Yes,Yes,No,Month-To-Month,No,Electronic check,96.21,4038.62,No,0,Established (25-48m),2,96.15761904761905,0,1,0,96.16
CUST-00163,Female,No,Yes,Yes,36,No,No phone service,Fiber optic,No,Yes,No,No,Yes,No,One Year,Yes,Electronic check,77.59,2796.15,No,0,Established (25-48m),2,77.67083333333333,0,1,0,77.67
CUST-00164,Female,No,No,No,24,Yes,Yes,No,No internet service,No internet service,No internet service,No internet service,No internet service,No internet service,Month-To-Month,Yes,Electronic check,32.61,787.85,Yes,0,Mid-term (13-24m),0,32.827083333333334,0,0,0,32.83
CUST-00165,male,No,Yes,Yes,20,Yes,Yes,DSL,Yes,No,No,No,No,No,Two Year,No,Electronic check,65.39,1312.91,No,0,Mid-term (13-24m),1,65.6455,0,0,0,65.65
CUST-00166,Male,No,Yes,No,40,Yes,Yes,DSL,No,No,No,No,Yes,Yes,Month-To-Month,Yes,Electronic check,72.45,2894.94,No,0,Established (25-48m),2,72.3735,0,1,0,72.37
CUST-00167,Female,No,Yes,Yes,72,Yes,No,Fiber optic,Yes,No,Yes,No,No,No,Two Year,Yes,Credit card,91.19,6567.1,Yes,0,Loyal (49m+),2,91.20972222222223,0,0,0,91.21
CUST-00168,Male,No,Yes,Yes,41,Yes,No,Fiber optic,Yes,No,Yes,Yes,Yes,No,Month-To-Month,Yes,Electronic check,98.26,4030.94,Yes,0,Established (25-48m),4,98.31560975609756,0,1,0,98.32
CUST-00169,Male,No,Yes,No,41,Yes,No,No,No internet service,No internet service,No internet service,No internet service,No internet service,No internet service,Month-To-Month,Yes,Bank transfer,27.94,1140.24,No,0,Established (25-48m),0,27.810731707317075,0,0,0,27.81
CUST-00170,Female,No,No,No,1,Yes,No,Fiber optic,No,Yes,No,No,No,Yes,Two Year,Yes,Bank transfer,91.57,81.73,No,0,New (0-12m),2,81.73,1,1,0,81.73
CUST-00171,Female,No,Yes,No,67,No,No phone service,Fiber optic,Yes,No,No,Yes,No,No,Month-To-Month,No,Bank transfer,81.55,5455.84,Yes,0,Loyal (49m+),2,81.43044776119403,0,0,0,81.43
CUST-00172,Male,No,Yes,No,7,Yes,Yes,Fiber optic,No,No,No,Yes,Yes,No,One Year,No,Bank transfer,94.78,654.15,Yes,0,New (0-12m),2,93.45,0,1,0,93.45
CUST-00173,Male,No,No,No,60,Yes,Yes,DSL,Yes,No,No,Yes,Yes,Yes,One Year,Yes,Mailed check,77.68,4656.77,Yes,0,Loyal (49m+),4,77.61283333333334,0,1,0,77.61
CUST-00174,Female,No,No,Yes,13,Yes,Yes,Fiber optic,Yes,No,No,No,No,Yes,Month-To-Month,No,Mailed check,96.33,1248.81,No,0,Mid-term (13-24m),2,96.06230769230768,0,1,0,96.06
CUST-00175,Female,Yes,No,No,20,Yes,Yes,DSL,No,No,No,No,Yes,No,One Year,Yes,Electronic check,64.56,1298.52,No,0,Mid-term (13-24m),1,64.926,0,1,0,64.93
CUST-00176,Female,No,Yes,No,23,Yes,No,Fiber optic,Yes,No,No,Yes,No,No,Two Year,Yes,Mailed check,91.58,2098.84,No,0,Mid-term (13-24m),2,91.25391304347826,0,0,0,91.25
CUST-00177,Male,No,Yes,Yes,49,Yes,No,DSL,No,No,No,No,No,Yes,Month-To-Month,No,Credit card,58.22,2846.48,No,0,Loyal (49m+),1,58.09142857142857,0,1,0,58.09
CUST-00178,Male,No,Yes,No,44,No,No phone service,No,No internet service,No internet service,No internet service,No internet service,No internet service,No internet service,One Year,Yes,Credit card,19.8858,874.48,No,0,Established (25-48m),0,19.874545454545455,0,0,0,19.87
CUST-00179,Male,No,Yes,Yes,63,Yes,No,No,No internet service,No internet service,No internet service,No internet service,No internet service,No internet service,Two Year,No,Bank transfer,30.13,1897.57,No,0,Loyal (49m+),0,30.120158730158728,0,0,0,30.12
CUST-00180,Male,No,No,No,63,Yes,Yes,DSL,No,No,No,No,No,No,Month-To-Month,Yes,Credit card,59.35,3748.92,No,0,Loyal (49m+),0,59.50666666666667,0,0,0,59.51
CUST-00181,Male,No,No,No,25,Yes,Yes,Fiber optic,No,No,No,No,Yes,Yes,Month-To-Month,No,Credit card,97.45,2441.49,No,0,Established (25-48m),2,97.6596,0,1,0,97.66
CUST-00182,Male,No,Yes,Yes,31,Yes,No,No,No internet service,No internet service,No internet service,No internet service,No internet service,No internet service,Month-To-Month,Yes,Bank transfer,31.31,966.02,No,0,Established (25-48m),0,31.161935483870966,0,0,0,31.16
CUST-00183,Female,No,Yes,No,56,Yes,No,Fiber optic,No,Yes,No,Yes,No,No,One Year,Yes,Mailed check,91.65,5136.83,No,0,Loyal (49m+),2,91.72910714285715,0,0,0,91.73
CUST-00184,Male,No,Yes,No,52,Yes,Yes,Fiber optic,Yes,Yes,Yes,No,No,Yes,Two Year,Yes,Mailed check,103.71,5387.49,No,0,Loyal (49m+),4,103.60557692307692,0,1,0,103.61
CUST-00185,Male,No,Yes,No,32,Yes,No,DSL,No,Yes,No,No,Yes,No,One Year,Yes,Credit card,64.42,2065.07,No,0,Established (25-48m),2,64.5334375,0,1,0,64.53
CUST-00186,Male,No,No,No,51,Yes,Yes,DSL,No,No,No,No,No,No,Month-To-Month,Yes,Bank transfer,58.05,2951.28,No,0,Loyal (49m+),0,57.86823529411765,0,0,0,57.87
CUST-00187,Female,No,No,Yes,17,Yes,Yes,DSL,No,Yes,No,No,No,No,Month-To-Month,No,Credit card,67.49,1141.32,No,0,Mid-term (13-24m),1,67.13647058823528,0,0,0,67.14
CUST-00188,Male,No,Yes,Yes,34,No,No phone service,No,No internet service,No internet service,No internet service,No internet service,No internet service,No internet service,Two Year,Yes,Electronic check,19.8858,630.91,No,0,Established (25-48m),0,18.556176470588234,0,0,0,18.56
CUST-00189,Male,No,No,No,11,Yes,Yes,Fiber optic,No,Yes,No,No,Yes,Yes,Month-To-Month,No,Electronic check,98.0,1076.58,No,0,New (0-12m),3,97.87090909090908,0,1,0,97.87
CUST-00190,Female,No,Yes,No,50,Yes,Yes,No,No internet service,No internet service,No internet service,No internet service,No internet service,No internet service,Two Year,Yes,Electronic check,33.53,1677.57,Yes,0,Loyal (49m+),0,33.5514,0,0,0,33.55
CUST-00191,Male,No,Yes,Yes,9,Yes,No,Fiber optic,Yes,No,No,Yes,No,No,Two Year,Yes,Electronic check,90.36,808.43,No,0,New (0-12m),2,89.82555555555555,0,0,0,89.83
CUST-00192,Male,No,No,Yes,51,Yes,Yes,Fiber optic,No,Yes,No,Yes,No,No,Month-To-Month,No,Credit card,94.18,4812.75,No,0,Loyal (49m+),2,94.36764705882354,0,0,0,94.37
CUST-00193,Male,No,Yes,No,33,No,No phone service,Fiber optic,Yes,Yes,No,No,Yes,No,Month-To-Month,No,Electronic check,83.32,2747.77,No,0,Established (25-48m),3,83.26575757575758,0,1,0,83.27
CUST-00194,Male,No,No,Yes,66,Yes,No,Fiber optic,No,No,No,No,Yes,No,Month-To-Month,Yes,Mailed check,84.84,5600.68,No,0,Loyal (49m+),1,84.85878787878788,0,1,0,84.86
CUST-00195,Male,Yes,Yes,Yes,38,Yes,No,No,No internet service,No internet service,No internet service,No internet service,No internet service,No internet service,One Year,No,Electronic check,30.85,1171.57,No,0,Established (25-48m),0,30.83078947368421,0,0,0,30.83
CUST-00196,Female,No,No,Yes,7,Yes,No,DSL,Yes,No,Yes,Yes,No,No,Two Year,Yes,Electronic check,70.82,503.0,Yes,0,New (0-12m),3,71.85714285714286,0,0,0,71.86
CUST-00197,Female,No,Yes,Yes,28,Yes,Yes,DSL,No,No,No,No,No,Yes,One Year,Yes,Electronic check,62.57,1749.37,No,0,Established (25-48m),1,62.4775,0,1,0,62.48
CUST-00198,Female,No,No,No,21,Yes,Yes,DSL,No,No,Yes,No,Yes,No,Month-To-Month,Yes,Credit card,71.28,1505.74,No,0,Mid-term (13-24m),2,71.70190476190476,0,1,0,71.7
CUST-00199,Male,No,Yes,Yes,69,Yes,No,DSL,No,No,No,Yes,No,No,Month-To-Month,No,Bank transfer,58.71,4057.09,Yes,0,Loyal (49m+),1,58.79840579710145,0,0,0,58.8
CUST-00200,Male,No,Yes,No,60,Yes,No,DSL,No,No,Yes,No,No,No,Two Year,No,Bank transfer,62.11,3718.11,No,0,Loyal (49m+),1,61.9685,0,0,0,61.97
CUST-00201,Male,No,No,No,42,Yes,Yes,Fiber optic,No,No,No,Yes,No,No,Month-To-Month,Yes,Credit card,88.19,3711.65,Yes,0,Established (25-48m),1,88.37261904761905,0,0,0,88.37
CUST-00202,Female,Yes,Yes,Yes,48,No,No phone service,DSL,No,Yes,No,Yes,Yes,No,One Year,No,Credit card,59.5,2849.63,No,0,Established (25-48m),3,59.36729166666667,0,1,0,59.37
CUST-00203,Male,No,No,No,28,Yes,Yes,Fiber optic,No,Yes,No,Yes,Yes,No,Month-To-Month,No,Mailed check,99.06,2764.87,No,0,Established (25-48m),3,98.74535714285715,0,1,0,98.75
CUST-00204,M,No,No,No,30,Yes,Yes,Fiber optic,No,Yes,Yes,No,Yes,No,Month-To-Month,Yes,Electronic check,99.96,2993.23,No,0,Established (25-48m),3,99.77433333333333,0,1,0,99.77
CUST-00205,F,No,Yes,Yes,52,Yes,No,Fiber optic,No,Yes,Yes,Yes,No,Yes,Month-To-Month,No,Electronic check,99.07,5143.34,No,0,Loyal (49m+),4,98.91038461538461,0,1,0,98.91
CUST-00206,Male,No,Yes,Yes,33,Yes,Yes,DSL,No,No,Yes,No,No,Yes,Month-To-Month,Yes,Electronic check,71.36,2357.32,No,0,Established (25-48m),2,71.4339393939394,0,1,0,71.43
CUST-00207,Female,No,Yes,Yes,37,Yes,No,Fiber optic,Yes,No,Yes,Yes,No,Yes,One Year,Yes,Electronic check,99.41,3677.12,No,0,Established (25-48m),4,99.38162162162162,0,1,0,99.38
CUST-00208,Female,No,Yes,No,56,Yes,Yes,Fiber optic,No,No,No,No,Yes,Yes,Month-To-Month,No,Electronic check,94.25,5277.5,No,0,Loyal (49m+),2,94.24107142857143,0,1,0,94.24
CUST-00209,Female,No,No,No,3,Yes,Yes,DSL,No,No,No,Yes,No,No,Two Year,Yes,Electronic check,67.36,204.41,No,0,New (0-12m),1,68.13666666666667,1,0,0,68.14
CUST-00210,Male,No,Yes,No,1,Yes,Yes,Fiber optic,No,No,No,No,No,Yes,One Year,Yes,Credit card,89.52,89.49,No,0,New (0-12m),1,89.49,1,1,0,89.49
CUST-00211,Male,No,Yes,No,11,Yes,No,Fiber optic,No,No,No,No,No,No,Month-To-Month,Yes,Credit card,78.15,869.48,No,0,New (0-12m),0,79.04363636363637,0,0,0,79.04
CUST-00212,Male,No,Yes,Yes,34,Yes,Yes,DSL,No,No,No,No,Yes,No,Month-To-Month,No,Electronic check,63.84,2173.03,No,0,Established (25-48m),1,63.91264705882354,0,1,0,63.91
CUST-00213,Male,No,No,No,69,Yes,Yes,DSL,Yes,No,Yes,No,No,Yes,One Year,Yes,Credit card,76.12,5254.0,No,0,Loyal (49m+),3,76.14492753623189,0,1,0,76.14
CUST-00214,Male,No,Yes,No,71,Yes,No,Fiber optic,No,Yes,Yes,No,No,No,Month-To-Month,Yes,Bank transfer,88.81,6303.8,No,0,Loyal (49m+),2,88.78591549295776,0,0,0,88.79
CUST-00215,Male,No,No,Yes,20,Yes,No,No,No internet service,No internet service,No internet service,No internet service,No internet service,No internet service,Two Year,No,Electronic check,30.9,616.93,No,0,Mid-term (13-24m),0,30.8465,0,0,0,30.85
CUST-00216,Male,No,Yes,Yes,60,Yes,Yes,Fiber optic,No,No,Yes,Yes,No,No,One Year,Yes,Bank transfer,97.07,5833.99,No,0,Loyal (49m+),2,97.23316666666666,0,0,0,97.23
CUST-00217,Female,No,No,Yes,34,No,No phone service,No,No internet service,No internet service,No internet service,No internet service,No internet service,No internet service,Month-To-Month,No,Electronic check,19.8858,648.69,No,0,Established (25-48m),0,19.079117647058826,0,0,0,19.08
CUST-00218,Male,Yes,Yes,No,47,Yes,Yes,Fiber optic,No,No,No,Yes,No,No,One Year,Yes,Electronic check,88.46,4150.73,No,0,Established (25-48m),1,88.31340425531914,0,0,0,88.31
CUST-00219,Female,No,Yes,Yes,14,Yes,Yes,No,No internet service,No internet service,No internet service,No internet service,No internet service,No internet service,Month-To-Month,Yes,Mailed check,36.08,501.98,No,0,Mid-term (13-24m),0,35.855714285714285,0,0,0,35.86
CUST-00220,Male,No,No,No,70,Yes,Yes,No,No internet service,No internet service,No internet service,No internet service,No internet service,No internet service,Month-To-Month,Yes,Mailed check,34.69,2436.39,Yes,0,Loyal (49m+),0,34.805571428571426,0,0,0,34.81
CUST-00221,Male,Yes,Yes,Yes,14,Yes,Yes,DSL,No,Yes,No,Yes,Yes,Yes,Two Year,Yes,Electronic check,77.73,1096.98,Yes,0,Mid-term (13-24m),4,78.35571428571428,0,1,0,78.36
CUST-00222,Male,No,Yes,Yes,5,Yes,Yes,DSL,No,Yes,No,Yes,No,Yes,Month-To-Month,No,Mailed check,75.39,368.1,No,0,New (0-12m),3,73.62,0,1,0,73.62
CUST-00223,Female,No,Yes,Yes,67,Yes,Yes,DSL,No,Yes,No,No,Yes,No,One Year,Yes,Credit card,70.4,4709.63,Yes,0,Loyal (49m+),2,70.29298507462687,0,1,0,70.29
CUST-00224,Female,No,No,No,21,Yes,No,DSL,No,Yes,Yes,Yes,No,Yes,Two Year,No,Bank transfer,75.91,1601.75,No,0,Mid-term (13-24m),4,76.27380952380952,0,1,0,76.27
CUST-00225,Female,No,Yes,Yes,31,Yes,Yes,Fiber optic,No,No,No,Yes,No,No,Month-To-Month,Yes,Bank transfer,91.18,2822.03,No,0,Established (25-48m),1,91.03322580645163,0,0,0,91.03
CUST-00226,Female,No,No,Yes,21,Yes,Yes,Fiber optic,No,No,Yes,No,No,Yes,Month-To-Month,No,Bank transfer,95.73,2008.35,No,0,Mid-term (13-24m),2,95.63571428571429,0,1,0,95.64
CUST-00227,Male,No,No,Yes,26,Yes,No,No,No internet service,No internet service,No internet service,No internet service,No internet service,No internet service,Month-To-Month,No,Bank transfer,29.19,749.03,No,0,Established (25-48m),0,28.808846153846154,0,0,0,28.81
CUST-00228,Female,No,No,Yes,14,Yes,Yes,Fiber optic,No,Yes,No,No,No,No,Month-To-Month,Yes,Electronic check,91.68,1283.35,No,0,Mid-term (13-24m),1,91.66785714285713,0,0,0,91.67
CUST-00229,Male,No,Yes,No,43,Yes,Yes,Fiber optic,No,No,Yes,No,No,No,Month-To-Month,Yes,Credit card,92.18,3971.05,No,0,Established (25-48m),1,92.35000000000001,0,0,0,92.35
CUST-00230,Male,No,No,No,8,Yes,Yes,Fiber optic,No,No,Yes,No,Yes,No,Two Year,No,Credit card,94.01,749.37,No,0,New (0-12m),2,93.67125,0,1,0,93.67
CUST-00231,Female,No,No,Yes,33,Yes,Yes,Fiber optic,No,No,Yes,No,Yes,No,Two Year,No,Electronic check,93.91,3106.65,No,0,Established (25-48m),2,94.14090909090909,0,1,0,94.14
CUST-00232,Female,No,Yes,Yes,72,Yes,No,Fiber optic,No,No,Yes,Yes,Yes,No,One Year,Yes,Mailed check,95.07,6841.98,No,0,Loyal (49m+),3,95.02749999999999,0,1,0,95.03
CUST-00233,Female,No,No,No,14,Yes,Yes,Fiber optic,No,Yes,Yes,No,Yes,Yes,Month-To-Month,Yes,Bank transfer,106.22660000000005,1507.18,No,0,Mid-term (13-24m),4,107.6557142857143,0,1,0,107.66
CUST-00234,F,Yes,No,No,61,Yes,No,Fiber optic,No,No,No,No,No,Yes,Two Year,Yes,Electronic check,83.32,5078.39,No,0,Loyal (49m+),1,83.25229508196722,0,1,0,83.25
CUST-00235,Female,Yes,Yes,No,44,Yes,No,DSL,No,No,Yes,No,Yes,No,Month-To-Month,No,Electronic check,64.97,2858.97,No,0,Established (25-48m),2,64.9765909090909,0,1,0,64.98
CUST-00236,Female,No,Yes,Yes,71,Yes,No,Fiber optic,No,Yes,Yes,No,No,No,Month-To-Month,No,Electronic check,88.47,6287.94,No,0,Loyal (49m+),2,88.5625352112676,0,0,0,88.56
CUST-00237,F,Yes,No,No,57,Yes,Yes,Fiber optic,No,No,No,No,Yes,No,Month-To-Month,No,Credit card,89.55,5111.32,No,0,Loyal (49m+),1,89.67228070175437,0,1,0,89.67
CUST-00238,Female,No,Yes,Yes,18,Yes,Yes,DSL,Yes,No,No,No,No,No,Month-To-Month,Yes,Electronic check,64.39,1150.55,No,0,Mid-term (13-24m),1,63.919444444444444,0,0,0,63.92
CUST-00239,Male,Yes,Yes,No,15,Yes,No,Fiber optic,No,No,Yes,No,No,No,Two Year,Yes,Electronic check,85.35,1288.84,Yes,0,Mid-term (13-24m),1,85.92266666666666,0,0,0,85.92
CUST-00240,Female,No,Yes,No,7,Yes,No,DSL,No,No,No,No,Yes,No,One Year,Yes,Electronic check,57.67,404.13,Yes,0,New (0-12m),1,57.73285714285714,0,1,0,57.73
CUST-00241,Female,No,No,Yes,32,Yes,Yes,DSL,Yes,No,No,Yes,No,Yes,One Year,Yes,Bank transfer,76.54,2443.66,Yes,0,Established (25-48m),3,76.364375,0,1,0,76.36
CUST-00242,F,No,No,No,17,No,No phone service,DSL,No,Yes,No,No,No,Yes,One Year,Yes,Credit card,56.05,959.48,No,0,Mid-term (13-24m),2,56.44,0,1,0,56.44
CUST-00244,Male,No,No,No,42,Yes,Yes,DSL,No,No,No,Yes,No,Yes,Month-To-Month,No,Electronic check,68.78,2888.92,No,0,Established (25-48m),2,68.78380952380952,0,1,0,68.78
CUST-00245,Male,No,Yes,Yes,49,Yes,Yes,No,No internet service,No internet service,No internet service,No internet service,No internet service,No internet service,Month-To-Month,Yes,Mailed check,36.84,1811.39,Yes,0,Loyal (49m+),0,36.96714285714286,0,0,0,36.97
CUST-00246,Female,No,Yes,No,2,Yes,No,DSL,No,No,Yes,No,Yes,Yes,Two Year,Yes,Electronic check,70.55,135.18,No,0,New (0-12m),3,67.59,1,1,0,67.59
CUST-00247,Male,No,Yes,No,58,Yes,No,DSL,No,No,No,No,Yes,No,Month-To-Month,No,Bank transfer,58.65,3403.32,No,0,Loyal (49m+),1,58.67793103448276,0,1,0,58.68
CUST-00248,Male,No,Yes,Yes,27,Yes,No,Fiber optic,No,No,No,Yes,Yes,Yes,Two Year,No,Bank transfer,93.98,2546.7,Yes,0,Established (25-48m),3,94.32222222222221,0,1,0,94.32
CUST-00249,Male,No,Yes,No,45,Yes,Yes,Fiber optic,No,Yes,Yes,Yes,No,No,Month-To-Month,Yes,Electronic check,97.6,4394.74,No,0,Established (25-48m),3,97.66088888888888,0,0,0,97.66
CUST-00250,Male,No,No,Yes,63,Yes,No,DSL,No,No,Yes,No,Yes,No,Month-To-Month,No,Electronic check,64.22,4047.84,No,0,Loyal (49m+),2,64.25142857142858,0,1,0,64.25
CUST-00251,Female,No,No,Yes,69,Yes,Yes,Fiber optic,No,No,No,No,Yes,Yes,Month-To-Month,Yes,Electronic check,97.0,6683.59,No,0,Loyal (49m+),2,96.8636231884058,0,1,0,96.86
CUST-00252,Male,No,No,No,46,Yes,No,DSL,No,Yes,No,No,No,Yes,Two Year,Yes,Credit card,62.88,2886.13,No,0,Established (25-48m),2,62.741956521739134,0,1,0,62.74
CUST-00253,Female,No,No,No,13,Yes,Yes,Fiber optic,No,No,No,No,Yes,No,Month-To-Month,No,Bank transfer,92.14,1200.06,No,0,Mid-term (13-24m),1,92.31230769230768,0,1,0,92.31
CUST-00254,Male,No,Yes,No,6,Yes,No,Fiber optic,Yes,No,No,No,No,No,One Year,No,Bank transfer,84.4,510.45,No,0,New (0-12m),1,85.075,0,0,0,85.08
CUST-00255,Male,Yes,Yes,No,30,Yes,No,DSL,No,Yes,Yes,No,Yes,No,Month-To-Month,No,Credit card,71.2,2144.0,No,0,Established (25-48m),3,71.46666666666667,0,1,0,71.47
CUST-00256,Male,No,No,No,50,Yes,Yes,No,No internet service,No internet service,No internet service,No internet service,No internet service,No internet service,One Year,No,Credit card,35.79,1796.93,No,0,Loyal (49m+),0,35.9386,0,0,0,35.94
CUST-00257,male,No,No,No,28,Yes,Yes,DSL,No,Yes,Yes,Yes,Yes,No,Month-To-Month,Yes,Electronic check,80.86,2261.28,No,0,Established (25-48m),4,80.76,0,1,0,80.76
CUST-00258,Female,Yes,Yes,Yes,14,Yes,No,No,No internet service,No internet service,No internet service,No internet service,No internet service,No internet service,Month-To-Month,Yes,Electronic check,30.24,427.16,No,0,Mid-term (13-24m),0,30.511428571428574,0,0,0,30.51
CUST-00259,F,No,Yes,No,24,Yes,No,Fiber optic,No,No,No,No,No,No,Month-To-Month,Yes,Credit card,79.82,1914.96,No,0,Mid-term (13-24m),0,79.79,0,0,0,79.79
CUST-00260,Male,No,Yes,No,60,Yes,Yes,DSL,Yes,No,No,No,No,No,Month-To-Month,Yes,Credit card,67.14,4027.94,Yes,0,Loyal (49m+),1,67.13233333333334,0,0,0,67.13
CUST-00261,Male,No,No,No,40,Yes,Yes,DSL,No,Yes,Yes,Yes,No,No,Month-To-Month,Yes,Mailed check,75.9,3044.91,No,0,Established (25-48m),3,76.12275,0,0,0,76.12
CUST-00262,Female,No,Yes,No,68,Yes,Yes,No,No internet service,No internet service,No internet service,No internet service,No internet service,No internet service,One Year,Yes,Credit card,35.57,2423.42,No,0,Loyal (49m+),0,35.63852941176471,0,0,0,35.64
CUST-00263,Male,No,Yes,No,3,Yes,No,Fiber optic,No,Yes,No,No,No,Yes,Month-To-Month,No,Electronic check,89.59,278.13,No,0,New (0-12m),2,92.71,1,1,0,92.71
CUST-00264,Male,No,No,No,56,Yes,No,DSL,No,No,No,No,Yes,No,Month-To-Month,No,Electronic check,58.63,3288.78,No,0,Loyal (49m+),1,58.72821428571429,0,1,0,58.73
CUST-00265,Male,No,No,Yes,30,Yes,Yes,DSL,No,Yes,No,Yes,Yes,Yes,Month-To-Month,No,Mailed check,77.51,2329.81,No,0,Established (25-48m),4,77.66033333333333,0,1,0,77.66
CUST-00266,Female,Yes,No,Yes,2,Yes,No,No,No internet service,No internet service,No internet service,No internet service,No internet service,No internet service,Month-To-Month,Yes,Credit card,32.4,63.35,Yes,0,New (0-12m),0,31.675,1,0,0,31.68
CUST-00267,Female,No,Yes,No,66,Yes,Yes,Fiber optic,No,No,No,No,Yes,No,Month-To-Month,No,Bank transfer,91.28,6016.61,No,0,Loyal (49m+),1,91.16075757575757,0,1,0,91.16
CUST-00268,Female,No,Yes,Yes,49,Yes,No,DSL,No,Yes,No,No,No,Yes,Month-To-Month,No,Electronic check,67.47,3308.64,Yes,0,Loyal (49m+),2,67.52326530612244,0,1,0,67.52
CUST-00269,male,No,No,No,16,Yes,Yes,No,No internet service,No internet service,No internet service,No internet service,No internet service,No internet service,Month-To-Month,No,Electronic check,36.35,580.97,Yes,0,Mid-term (13-24m),0,36.310625,0,0,0,36.31
CUST-00270,Male,No,Yes,No,59,Yes,Yes,Fiber optic,No,No,No,No,No,No,Month-To-Month,Yes,Electronic check,82.73,4882.88,Yes,0,Loyal (49m+),0,82.7606779661017,0,0,0,82.76
CUST-00271,Female,No,Yes,No,65,Yes,No,Fiber optic,No,No,Yes,No,No,No,One Year,Yes,Credit card,84.72,5502.45,Yes,0,Loyal (49m+),1,84.65307692307692,0,0,0,84.65
CUST-00272,Female,No,Yes,Yes,23,Yes,Yes,Fiber optic,No,No,No,Yes,No,Yes,Month-To-Month,No,Electronic check,93.08,2134.76,No,0,Mid-term (13-24m),2,92.81565217391305,0,1,0,92.82
CUST-00273,Female,No,No,No,31,Yes,Yes,No,No internet service,No internet service,No internet service,No internet service,No internet service,No internet service,Month-To-Month,No,Bank transfer,36.51,1127.11,No,0,Established (25-48m),0,36.35838709677419,0,0,0,36.36
CUST-00274,Female,No,No,No,18,Yes,No,DSL,Yes,Yes,No,No,No,Yes,Month-To-Month,Yes,Bank transfer,68.43,1234.89,Yes,0,Mid-term (13-24m),3,68.605,0,1,0,68.6
CUST-00275,Male,No,Yes,No,65,Yes,No,No,No internet service,No internet service,No internet service,No internet service,No internet service,No internet service,Month-To-Month,Yes,Bank transfer,30.79,2010.41,No,0,Loyal (49m+),0,30.929384615384617,0,0,0,30.93
CUST-00276,Female,No,Yes,No,59,Yes,No,No,No internet service,No internet service,No internet service,No internet service,No internet service,No internet service,Month-To-Month,No,Credit card,30.79,1826.45,No,0,Loyal (49m+),0,30.95677966101695,0,0,0,30.96
CUST-00277,Male,No,Yes,No,65,Yes,No,DSL,No,No,No,Yes,Yes,Yes,Month-To-Month,Yes,Mailed check,70.69,4601.02,No,0,Loyal (49m+),3,70.78492307692308,0,1,0,70.78
CUST-00278,Female,No,Yes,Yes,14,Yes,Yes,Fiber optic,No,Yes,Yes,No,Yes,No,Two Year,No,Bank transfer,101.89,1435.61,No,0,Mid-term (13-24m),3,102.54357142857143,0,1,0,102.54
CUST-00279,Male,No,No,No,34,Yes,Yes,No,No internet service,No internet service,No internet service,No internet service,No internet service,No internet service,Month-To-Month,Yes,Electronic check,36.13,1224.1,No,0,Established (25-48m),0,36.002941176470586,0,0,0,36.0
CUST-00280,Female,No,No,Yes,68,Yes,Yes,Fiber optic,No,No,No,No,Yes,Yes,Two Year,Yes,Mailed check,94.14,6391.59,No,0,Loyal (49m+),2,93.9939705882353,0,1,0,93.99
CUST-00281,Female,No,Yes,No,26,Yes,Yes,Fiber optic,No,Yes,No,No,No,Yes,Month-To-Month,Yes,Mailed check,94.07,2439.7,Yes,0,Established (25-48m),2,93.83461538461538,0,1,0,93.83
CUST-00282,Female,No,Yes,Yes,6,Yes,Yes,Fiber optic,No,No,No,No,No,No,Month-To-Month,Yes,Electronic check,82.61,498.35,Yes,0,New (0-12m),0,83.05833333333334,0,0,0,83.06
CUST-00283,Female,Yes,No,No,5,Yes,No,Fiber optic,No,Yes,Yes,No,Yes,No,One Year,Yes,Credit card,97.04,493.19,No,0,New (0-12m),3,98.638,0,1,0,98.64
CUST-00284,Male,No,Yes,No,32,Yes,No,Fiber optic,Yes,No,No,No,No,No,Month-To-Month,Yes,Bank transfer,83.02,2664.94,No,0,Established (25-48m),1,83.279375,0,0,0,83.28
CUST-00285,Female,Yes,No,Yes,57,Yes,Yes,Fiber optic,Yes,No,No,Yes,Yes,No,Month-To-Month,Yes,Electronic check,99.9,5700.91,No,0,Loyal (49m+),3,100.0159649122807,0,1,0,100.02
CUST-00286,male,No,Yes,Yes,48,Yes,No,Fiber optic,Yes,No,Yes,Yes,No,No,One Year,Yes,Electronic check,95.04,4567.17,No,0,Established (25-48m),3,95.149375,0,0,0,95.15
CUST-00287,Male,Yes,No,No,16,Yes,No,Fiber optic,No,Yes,No,Yes,Yes,No,Two Year,Yes,Electronic check,94.74,1511.92,No,0,Mid-term (13-24m),3,94.495,0,1,0,94.5
CUST-00288,Male,No,Yes,Yes,41,Yes,No,DSL,Yes,No,No,Yes,Yes,Yes,Month-To-Month,Yes,Bank transfer,75.37,3081.92,No,0,Established (25-48m),4,75.16878048780488,0,1,0,75.17
CUST-00289,Male,Yes,Yes,Yes,71,Yes,No,Fiber optic,Yes,No,No,Yes,No,No,Month-To-Month,No,Credit card,91.15,6472.15,No,0,Loyal (49m+),2,91.15704225352113,0,0,0,91.16
CUST-00290,M,Yes,No,No,39,No,No phone service,DSL,No,Yes,No,No,No,No,Month-To-Month,Yes,Mailed check,48.48,1887.43,No,0,Established (25-48m),1,48.39564102564103,0,0,0,48.4
CUST-00291,Male,No,No,No,45,No,No phone service,Fiber optic,No,No,Yes,No,Yes,No,Month-To-Month,Yes,Electronic check,77.87,3496.71,No,0,Established (25-48m),2,77.70466666666667,0,1,0,77.7
CUST-00292,Male,Yes,Yes,No,70,Yes,No,DSL,No,No,No,No,No,Yes,Two Year,Yes,Electronic check,61.79,4324.47,No,0,Loyal (49m+),1,61.77814285714286,0,1,0,61.78
CUST-00293,Male,No,Yes,No,69,Yes,Yes,Fiber optic,No,No,No,No,No,No,One Year,No,Electronic check,84.97,5863.44,No,0,Loyal (49m+),0,84.97739130434782,0,0,0,84.98
CUST-00294,F,No,No,No,67,Yes,Yes,Fiber optic,No,No,Yes,No,No,No,Month-To-Month,Yes,Bank transfer,88.14,5910.87,No,0,Loyal (49m+),1,88.22194029850746,0,0,0,88.22
CUST-00295,Female,No,No,Yes,0,Yes,Yes,Fiber optic,Yes,No,No,No,No,Yes,Month-To-Month,Yes,Electronic check,95.86,0.0,Yes,0,New (0-12m),2,95.86,1,1,0,95.86
CUST-00296,Female,No,Yes,No,51,Yes,Yes,DSL,No,No,No,No,No,No,Month-To-Month,Yes,Electronic check,58.62,2988.99,No,0,Loyal (49m+),0,58.607647058823524,0,0,0,58.61
CUST-00297,Female,No,Yes,Yes,34,Yes,Yes,DSL,Yes,No,No,Yes,No,Yes,Two Year,No,Electronic check,72.91,2487.35,No,0,Established (25-48m),3,73.15735294117647,0,1,0,73.16
CUST-00298,Male,No,No,No,68,Yes,No,No,No internet service,No internet service,No internet service,No internet service,No internet service,No internet service,Two Year,No,Mailed check,28.91,1971.65,Yes,0,Loyal (49m+),0,28.99485294117647,0,0,0,28.99
CUST-00299,Male,Yes,No,No,4,Yes,Yes,Fiber optic,Yes,No,No,No,Yes,No,Month-To-Month,Yes,Mailed check,93.98,374.57,Yes,0,New (0-12m),2,93.6425,0,1,0,93.64
CUST-00300,male,No,No,Yes,16,Yes,Yes,DSL,No,Yes,No,Yes,No,No,Month-To-Month,Yes,Electronic check,71.84,1146.45,No,0,Mid-term (13-24m),2,71.653125,0,0,0,71.65
CUST-00301,Male,No,No,No,52,Yes,Yes,No,No internet service,No internet service,No internet service,No internet service,No internet service,No internet service,Two Year,Yes,Bank transfer,34.04,1766.44,No,0,Loyal (49m+),0,33.97,0,0,0,33.97
CUST-00302,Male,Yes,No,Yes,51,No,No phone service,DSL,No,No,No,Yes,No,No,Month-To-Month,Yes,Bank transfer,51.4,2620.67,No,0,Loyal (49m+),1,51.38568627450981,0,0,0,51.39
CUST-00303,Male,Yes,Yes,Yes,13,Yes,No,Fiber optic,Yes,No,No,No,Yes,No,Month-To-Month,No,Electronic check,90.39,1171.68,Yes,0,Mid-term (13-24m),2,90.12923076923077,0,1,0,90.13
CUST-00304,Female,Yes,Yes,Yes,28,Yes,No,Fiber optic,No,No,No,No,Yes,Yes,Month-To-Month,Yes,Electronic check,87.97,2462.54,No,0,Established (25-48m),2,87.94785714285715,0,1,0,87.95
CUST-00305,Female,No,No,No,7,Yes,No,DSL,No,Yes,No,No,Yes,Yes,Month-To-Month,Yes,Mailed check,68.28,479.51,Yes,0,New (0-12m),3,68.50142857142858,0,1,0,68.5
CUST-00306,Male,Yes,Yes,No,0,Yes,Yes,DSL,No,No,No,No,No,No,Month-To-Month,Yes,Electronic check,57.9,0.0,Yes,0,New (0-12m),0,57.9,1,0,0,57.9
CUST-00307,Female,No,Yes,No,28,Yes,Yes,Fiber optic,No,No,No,No,No,No,Month-To-Month,No,Mailed check,84.51,2372.24,Yes,0,Established (25-48m),0,84.72285714285714,0,0,0,84.72
CUST-00308,Female,No,No,No,35,Yes,Yes,DSL,No,No,Yes,No,No,No,One Year,No,Electronic check,67.35,2349.5,No,0,Established (25-48m),1,67.12857142857143,0,0,0,67.13
CUST-00309,Female,No,Yes,No,50,Yes,Yes,Fiber optic,No,No,Yes,No,Yes,No,Month-To-Month,No,Electronic check,93.4,4668.09,No,0,Loyal (49m+),2,93.3618,0,1,0,93.36
CUST-00310,Female,No,Yes,No,36,Yes,Yes,Fiber optic,No,No,No,Yes,Yes,No,Month-To-Month,Yes,Electronic check,94.21,3384.86,No,0,Established (25-48m),2,94.02388888888889,0,1,0,94.02
CUST-00311,Female,No,Yes,Yes,68,Yes,No,DSL,No,No,Yes,No,No,No,One Year,Yes,Credit card,61.6,4184.88,No,0,Loyal (49m+),1,61.542352941176475,0,0,0,61.54
CUST-00312,male,No,No,No,52,Yes,Yes,No,No internet service,No internet service,No internet service,No internet service,No internet service,No internet service,Month-To-Month,Yes,Electronic check,36.88,1916.93,Yes,0,Loyal (49m+),0,36.86403846153846,0,0,0,36.86
CUST-00313,Female,No,No,No,51,Yes,No,DSL,Yes,Yes,No,Yes,Yes,Yes,Month-To-Month,Yes,Electronic check,81.18,4145.16,No,0,Loyal (49m+),5,81.27764705882353,0,1,0,81.28
CUST-00314,F,No,Yes,No,11,Yes,Yes,DSL,Yes,No,No,Yes,Yes,No,Month-To-Month,Yes,Electronic check,74.84,825.78,No,0,New (0-12m),3,75.07090909090908,0,1,0,75.07
CUST-00315,Male,No,Yes,No,51,Yes,No,Fiber optic,No,Yes,No,No,Yes,Yes,One Year,Yes,Bank transfer,95.74,4879.95,No,0,Loyal (49m+),3,95.68529411764706,0,1,0,95.69
CUST-00316,Female,No,Yes,Yes,0,Yes,No,No,No internet service,No internet service,No internet service,No internet service,No internet service,No internet service,Month-To-Month,Yes,Bank transfer,29.75,0.0,Yes,0,New (0-12m),0,29.75,1,0,0,29.75
CUST-00317,Male,No,Yes,Yes,6,Yes,No,Fiber optic,No,No,No,No,Yes,No,Month-To-Month,No,Electronic check,86.74,516.37,No,0,New (0-12m),1,86.06166666666667,0,1,0,86.06
CUST-00318,Male,No,Yes,Yes,16,Yes,Yes,DSL,No,Yes,No,Yes,No,Yes,Month-To-Month,No,Bank transfer,74.55,1199.57,No,0,Mid-term (13-24m),3,74.973125,0,1,0,74.97
CUST-00319,Male,No,Yes,Yes,42,Yes,No,No,No internet service,No internet service,No internet service,No internet service,No internet service,No internet service,Month-To-Month,Yes,Mailed check,31.59,1326.44,No,0,Established (25-48m),0,31.581904761904763,0,0,0,31.58
CUST-00320,Female,No,No,Yes,70,Yes,Yes,Fiber optic,No,No,No,No,No,No,Two Year,Yes,Electronic check,85.43,5984.44,No,0,Loyal (49m+),0,85.49199999999999,0,0,0,85.49
CUST-00321,male,Yes,Yes,No,16,Yes,Yes,Fiber optic,Yes,No,No,Yes,Yes,Yes,Month-To-Month,Yes,Bank transfer,105.11,1678.0,No,0,Mid-term (13-24m),4,104.875,0,1,0,104.88
CUST-00322,Male,No,Yes,Yes,58,Yes,No,No,No internet service,No internet service,No internet service,No internet service,No internet service,No internet service,Month-To-Month,Yes,Bank transfer,30.78,1788.79,Yes,0,Loyal (49m+),0,30.841206896551725,0,0,0,30.84
CUST-00323,Female,No,No,Yes,2,Yes,No,DSL,No,No,No,No,No,No,Month-To-Month,Yes,Bank transfer,53.96,116.46,Yes,0,New (0-12m),0,58.23,1,0,0,58.23
CUST-00324,Female,No,Yes,No,28,Yes,No,Fiber optic,No,Yes,No,No,Yes,Yes,One Year,Yes,Electronic check,94.46,2637.04,No,0,Established (25-48m),3,94.17999999999999,0,1,0,94.18
CUST-00325,Female,No,Yes,No,21,Yes,No,No,No internet service,No internet service,No internet service,No internet service,No internet service,No internet service,Month-To-Month,No,Mailed check,31.53,663.94,No,0,Mid-term (13-24m),0,31.61619047619048,0,0,0,31.62
CUST-00326,Female,No,Yes,Yes,37,No,No phone service,DSL,No,No,No,No,No,Yes,Two Year,Yes,Electronic check,49.42,1828.56,No,0,Established (25-48m),1,49.420540540540536,0,1,0,49.42
CUST-00327,Male,No,Yes,No,53,Yes,Yes,Fiber optic,No,No,No,Yes,Yes,No,Month-To-Month,Yes,Credit card,95.77,5076.63,No,0,Loyal (49m+),2,95.78547169811321,0,1,0,95.79
CUST-00328,Male,No,No,No,49,Yes,Yes,DSL,No,No,No,Yes,No,No,Month-To-Month,No,Electronic check,65.82,3219.07,No,0,Loyal (49m+),1,65.69530612244898,0,0,0,65.7
CUST-00329,M,No,Yes,Yes,68,Yes,No,No,No internet service,No internet service,No internet service,No internet service,No internet service,No internet service,Two Year,Yes,Mailed check,31.85,2156.34,No,0,Loyal (49m+),0,31.71088235294118,0,0,0,31.71
CUST-00330,Female,No,No,No,29,Yes,No,Fiber optic,No,No,Yes,No,No,Yes,Month-To-Month,Yes,Electronic check,89.72,2593.31,No,0,Established (25-48m),2,89.42448275862068,0,1,0,89.42
CUST-00331,Male,No,Yes,Yes,22,Yes,No,DSL,Yes,No,No,No,Yes,Yes,Month-To-Month,Yes,Electronic check,72.01,1579.9,No,0,Mid-term (13-24m),3,71.81363636363636,0,1,0,71.81
CUST-00332,Male,No,Yes,Yes,46,Yes,No,DSL,No,No,No,Yes,No,Yes,One Year,No,Bank transfer,67.47,3110.71,No,0,Established (25-48m),2,67.62413043478261,0,1,0,67.62
CUST-00333,Female,No,No,No,20,Yes,Yes,Fiber optic,Yes,No,No,No,No,No,Two Year,Yes,Mailed check,88.35,1773.14,No,0,Mid-term (13-24m),1,88.65700000000001,0,0,0,88.66
CUST-00334,Male,No,Yes,Yes,19,Yes,Yes,Fiber optic,No,Yes,No,No,No,Yes,One Year,Yes,Mailed check,96.08,1835.43,No,0,Mid-term (13-24m),2,96.60157894736842,0,1,0,96.6
CUST-00335,Female,No,No,Yes,22,Yes,Yes,Fiber optic,No,Yes,Yes,No,No,No,One Year,No,Electronic check,95.99,2116.59,No,0,Mid-term (13-24m),2,96.20863636363637,0,0,0,96.21
CUST-00336,Female,Yes,No,No,67,Yes,No,DSL,No,Yes,No,No,Yes,Yes,Month-To-Month,Yes,Bank transfer,69.78,4672.28,No,0,Loyal (49m+),3,69.73552238805969,0,1,0,69.74
CUST-00337,Male,Yes,No,No,20,Yes,No,Fiber optic,No,Yes,No,No,No,No,Month-To-Month,No,Electronic check,84.02,1688.77,No,0,Mid-term (13-24m),1,84.4385,0,0,0,84.44
CUST-00338,Male,No,Yes,No,20,Yes,No,DSL,No,Yes,No,No,No,No,Month-To-Month,No,Mailed check,57.64,1158.61,No,0,Mid-term (13-24m),1,57.930499999999995,0,0,0,57.93
CUST-00339,Female,No,Yes,No,0,Yes,No,No,No internet service,No internet service,No internet service,No internet service,No internet service,No internet service,One Year,Yes,Bank transfer,30.68,0.0,No,0,New (0-12m),0,30.68,1,0,0,30.68
CUST-00340,Female,No,Yes,Yes,14,Yes,No,Fiber optic,Yes,Yes,No,No,Yes,Yes,Month-To-Month,No,Mailed check,99.08,1387.84,No,0,Mid-term (13-24m),4,99.13142857142857,0,1,0,99.13
CUST-00341,Male,No,Yes,No,16,Yes,Yes,Fiber optic,No,No,Yes,No,No,Yes,Month-To-Month,No,Electronic check,95.26,1528.5,No,0,Mid-term (13-24m),2,95.53125,0,1,0,95.53
CUST-00342,Female,No,No,No,50,Yes,No,DSL,Yes,No,Yes,No,No,Yes,Two Year,No,Bank transfer,68.11,3414.68,No,0,Loyal (49m+),3,68.2936,0,1,0,68.29
CUST-00343,Male,Yes,Yes,Yes,62,Yes,Yes,Fiber optic,No,No,Yes,Yes,Yes,No,Month-To-Month,Yes,Electronic check,97.72,6065.89,No,0,Loyal (49m+),3,97.83693548387097,0,1,0,97.84
CUST-00344,Female,Yes,Yes,Yes,13,Yes,No,No,No internet service,No internet service,No internet service,No internet service,No internet service,No internet service,Month-To-Month,No,Electronic check,31.51,403.52,Yes,0,Mid-term (13-24m),0,31.04,0,0,0,31.04
CUST-00345,Male,No,No,Yes,58,Yes,Yes,Fiber optic,No,No,No,No,No,Yes,Month-To-Month,Yes,Mailed check,88.11,5102.33,No,0,Loyal (49m+),1,87.97120689655172,0,1,0,87.97
CUST-00346,Male,No,No,No,49,Yes,No,Fiber optic,No,No,No,No,Yes,Yes,Month-To-Month,No,Electronic check,88.19,4311.64,Yes,0,Loyal (49m+),2,87.9926530612245,0,1,0,87.99
CUST-00347,Male,No,Yes,No,33,Yes,No,Fiber optic,Yes,Yes,Yes,No,No,No,Month-To-Month,Yes,Electronic check,95.35,3150.81,No,0,Established (25-48m),3,95.47909090909091,0,0,0,95.48
CUST-00348,Female,No,No,No,5,Yes,Yes,Fiber optic,Yes,No,No,No,No,No,Month-To-Month,Yes,Bank transfer,91.16,451.38,No,0,New (0-12m),1,90.276,0,0,0,90.28
CUST-00349,Female,No,No,Yes,48,Yes,No,DSL,Yes,Yes,No,No,Yes,Yes,Month-To-Month,Yes,Credit card,72.54,3486.28,No,0,Established (25-48m),4,72.63083333333334,0,1,0,72.63
CUST-00350,Male,No,No,Yes,5,Yes,No,No,No internet service,No internet service,No internet service,No internet service,No internet service,No internet service,Month-To-Month,Yes,Mailed check,29.71,142.23,Yes,0,New (0-12m),0,28.445999999999998,0,0,0,28.45
CUST-00351,Female,No,No,Yes,68,Yes,No,Fiber optic,No,No,Yes,No,No,No,Month-To-Month,Yes,Electronic check,85.66,5823.61,No,0,Loyal (49m+),1,85.64132352941176,0,0,0,85.64
CUST-00352,male,No,No,Yes,6,Yes,Yes,DSL,Yes,No,Yes,Yes,No,No,Month-To-Month,Yes,Electronic check,76.19,447.41,No,0,New (0-12m),3,74.56833333333334,0,0,0,74.57
CUST-00353,Male,No,Yes,No,50,Yes,No,DSL,Yes,No,No,Yes,Yes,Yes,Month-To-Month,Yes,Bank transfer,77.24,3854.17,No,0,Loyal (49m+),4,77.0834,0,1,0,77.08
CUST-00354,Female,Yes,Yes,Yes,0,Yes,No,Fiber optic,No,No,No,Yes,Yes,No,Month-To-Month,Yes,Mailed check,87.58,0.0,No,0,New (0-12m),2,87.58,1,1,0,87.58
CUST-00355,Female,No,Yes,No,12,Yes,No,DSL,No,No,No,Yes,No,No,Month-To-Month,Yes,Electronic check,61.99,749.69,Yes,0,New (0-12m),1,62.47416666666667,0,0,0,62.47
CUST-00356,Male,No,Yes,Yes,42,Yes,No,No,No internet service,No internet service,No internet service,No internet service,No internet service,No internet service,Two Year,Yes,Bank transfer,32.33,1365.95,No,0,Established (25-48m),0,32.522619047619045,0,0,0,32.52
CUST-00357,Female,No,Yes,No,26,Yes,No,Fiber optic,No,Yes,Yes,No,No,No,Two Year,No,Electronic check,91.83,2381.07,No,0,Established (25-48m),2,91.5796153846154,0,0,0,91.58
CUST-00358,Female,No,Yes,No,70,Yes,Yes,DSL,No,Yes,No,No,Yes,Yes,Month-To-Month,No,Electronic check,77.24,5407.29,Yes,0,Loyal (49m+),3,77.247,0,1,0,77.25
CUST-00359,Male,No,Yes,No,2,Yes,Yes,DSL,No,Yes,No,Yes,No,No,Month-To-Month,Yes,Electronic check,68.09,129.18,No,0,New (0-12m),2,64.59,1,0,0,64.59
CUST-00360,Male,No,No,No,57,No,No phone service,DSL,Yes,Yes,Yes,No,No,Yes,Month-To-Month,Yes,Bank transfer,67.46,3850.81,Yes,0,Loyal (49m+),4,67.5580701754386,0,1,0,67.56
CUST-00361,Female,Yes,Yes,Yes,16,Yes,Yes,DSL,No,No,No,No,No,No,One Year,No,Electronic check,61.33,987.7,Yes,0,Mid-term (13-24m),0,61.73125,0,0,0,61.73
CUST-00362,Male,No,Yes,No,44,No,No phone service,DSL,No,No,No,Yes,No,No,Two Year,Yes,Electronic check,47.85,2111.1,No,0,Established (25-48m),1,47.97954545454545,0,0,0,47.98
CUST-00363,Male,Yes,Yes,Yes,57,Yes,No,No,No internet service,No internet service,No internet service,No internet service,No internet service,No internet service,Month-To-Month,Yes,Electronic check,30.89,1755.76,No,0,Loyal (49m+),0,30.80280701754386,0,0,0,30.8
CUST-00364,Female,No,No,No,55,Yes,Yes,Fiber optic,Yes,No,No,No,No,No,One Year,Yes,Credit card,91.02,5002.85,Yes,0,Loyal (49m+),1,90.9609090909091,0,0,0,90.96
CUST-00365,M,No,Yes,No,53,No,No phone service,DSL,Yes,Yes,Yes,No,No,No,Two Year,No,Mailed check,60.65,3208.62,No,0,Loyal (49m+),3,60.54,0,0,0,60.54
CUST-00366,Male,No,Yes,Yes,28,No,No phone service,DSL,No,No,No,No,Yes,Yes,Month-To-Month,Yes,Electronic check,56.87,1582.43,No,0,Established (25-48m),2,56.51535714285715,0,1,0,56.52
CUST-00367,Female,No,No,Yes,53,Yes,Yes,No,No internet service,No internet service,No internet service,No internet service,No internet service,No internet service,Month-To-Month,No,Bank transfer,36.24,1912.01,No,0,Loyal (49m+),0,36.07566037735849,0,0,0,36.08
CUST-00368,Female,No,Yes,No,26,Yes,Yes,Fiber optic,Yes,No,No,Yes,No,No,Month-To-Month,Yes,Electronic check,93.31,2435.79,No,0,Established (25-48m),2,93.68423076923077,0,0,0,93.68
CUST-00369,Male,No,Yes,No,44,Yes,No,Fiber optic,No,Yes,No,No,Yes,No,Month-To-Month,No,Mailed check,88.75,3913.26,No,0,Established (25-48m),2,88.93772727272727,0,1,0,88.94
CUST-00370,Male,No,No,Yes,30,Yes,Yes,DSL,No,No,No,No,No,Yes,Month-To-Month,Yes,Mailed check,64.82,1936.19,Yes,0,Established (25-48m),1,64.53966666666666,0,1,0,64.54
CUST-00371,Female,Yes,Yes,No,35,Yes,No,No,No internet service,No internet service,No internet service,No internet service,No internet service,No internet service,Two Year,Yes,Mailed check,29.47,1030.68,No,0,Established (25-48m),0,29.448,0,0,0,29.45
CUST-00372,Female,Yes,No,Yes,60,Yes,No,DSL,No,Yes,No,No,No,No,Month-To-Month,Yes,Electronic check,60.81,3658.09,No,0,Loyal (49m+),1,60.96816666666667,0,0,0,60.97
CUST-00373,Female,Yes,Yes,Yes,36,Yes,Yes,Fiber optic,No,No,Yes,No,No,Yes,Month-To-Month,No,Credit card,93.18,3345.57,No,0,Established (25-48m),2,92.9325,0,1,0,92.93
CUST-00374,Female,No,Yes,Yes,66,Yes,No,Fiber optic,Yes,No,No,No,No,Yes,Two Year,Yes,Mailed check,89.27,5895.2,No,0,Loyal (49m+),2,89.32121212121211,0,1,0,89.32
CUST-00375,Male,No,Yes,No,35,No,No phone service,Fiber optic,No,No,No,No,No,No,Month-To-Month,Yes,Credit card,68.71,2396.98,Yes,0,Established (25-48m),0,68.48514285714286,0,0,0,68.49
CUST-00376,Female,No,No,No,4,Yes,No,Fiber optic,Yes,No,Yes,No,No,Yes,Month-To-Month,No,Bank transfer,93.97,372.84,Yes,0,New (0-12m),3,93.21,0,1,0,93.21
CUST-00377,Female,No,No,Yes,45,Yes,No,No,No internet service,No internet service,No internet service,No internet service,No internet service,No internet service,Month-To-Month,Yes,Credit card,31.05,1388.19,No,0,Established (25-48m),0,30.848666666666666,0,0,0,30.85
CUST-00378,Male,No,No,Yes,51,Yes,Yes,No,No internet service,No internet service,No internet service,No internet service,No internet service,No internet service,Month-To-Month,Yes,Mailed check,32.9,1679.87,Yes,0,Loyal (49m+),0,32.93862745098039,0,0,0,32.94
CUST-00379,Female,No,Yes,Yes,48,Yes,No,DSL,Yes,No,Yes,Yes,Yes,No,Month-To-Month,Yes,Electronic check,76.94,3697.17,No,0,Established (25-48m),4,77.024375,0,1,0,77.02
CUST-00380,Male,No,Yes,Yes,5,Yes,No,Fiber optic,No,No,No,Yes,No,Yes,Two Year,Yes,Bank transfer,90.71,444.38,No,0,New (0-12m),2,88.876,0,1,0,88.88
CUST-00381,Female,No,No,No,9,Yes,Yes,DSL,No,No,No,Yes,Yes,Yes,Month-To-Month,Yes,Bank transfer,74.56,671.12,No,0,New (0-12m),3,74.56888888888889,0,1,0,74.57
CUST-00382,Female,Yes,No,Yes,22,Yes,Yes,No,No internet service,No internet service,No internet service,No internet service,No internet service,No internet service,One Year,No,Electronic check,34.93,764.44,No,0,Mid-term (13-24m),0,34.74727272727273,0,0,0,34.75
CUST-00383,Female,No,Yes,No,16,Yes,Yes,DSL,Yes,No,Yes,No,Yes,Yes,Month-To-Month,Yes,Electronic check,80.99,1300.02,No,0,Mid-term (13-24m),4,81.25125,0,1,0,81.25
CUST-00384,Male,No,Yes,Yes,43,Yes,No,DSL,Yes,Yes,Yes,No,Yes,No,Two Year,No,Mailed check,76.15,3274.66,Yes,0,Established (25-48m),4,76.15488372093023,0,1,0,76.15
CUST-00385,Male,No,Yes,No,40,Yes,Yes,Fiber optic,Yes,Yes,No,No,No,No,One Year,Yes,Credit card,96.52,3851.14,No,0,Established (25-48m),2,96.2785,0,0,0,96.28
CUST-00386,Female,Yes,Yes,No,14,Yes,No,Fiber optic,Yes,No,No,No,No,No,Two Year,Yes,Credit card,83.82,1168.79,Yes,0,Mid-term (13-24m),1,83.485,0,0,0,83.48
CUST-00387,Male,No,No,No,43,Yes,Yes,DSL,No,Yes,No,Yes,No,Yes,Month-To-Month,Yes,Electronic check,76.79,3301.72,Yes,0,Established (25-48m),3,76.78418604651162,0,1,0,76.78
CUST-00388,Male,No,Yes,No,57,Yes,No,Fiber optic,No,No,Yes,No,No,Yes,Two Year,No,Bank transfer,91.65,5215.98,No,0,Loyal (49m+),2,91.50842105263158,0,1,0,91.51
CUST-00389,Male,No,Yes,No,49,Yes,Yes,No,No internet service,No internet service,No internet service,No internet service,No internet service,No internet service,Two Year,Yes,Bank transfer,36.78,1809.93,No,0,Loyal (49m+),0,36.93734693877551,0,0,0,36.94
CUST-00390,Male,No,Yes,Yes,51,Yes,Yes,Fiber optic,No,No,Yes,No,No,Yes,Month-To-Month,No,Electronic check,92.9,4745.83,No,0,Loyal (49m+),2,93.05549019607842,0,1,0,93.06
CUST-00391,Male,No,Yes,Yes,69,Yes,No,Fiber optic,Yes,No,No,Yes,No,No,Month-To-Month,No,Credit card,88.22,6079.43,Yes,0,Loyal (49m+),2,88.1076811594203,0,0,0,88.11
CUST-00392,Male,No,Yes,No,67,No,No phone service,DSL,No,No,No,Yes,No,No,Month-To-Month,Yes,Mailed check,50.62,3399.21,No,0,Loyal (49m+),1,50.7344776119403,0,0,0,50.73
CUST-00393,Female,No,Yes,Yes,62,Yes,Yes,DSL,No,Yes,No,Yes,Yes,No,Month-To-Month,Yes,Bank transfer,77.26,4791.57,No,0,Loyal (49m+),3,77.28338709677419,0,1,0,77.28
CUST-00394,Female,No,Yes,Yes,57,Yes,No,Fiber optic,Yes,Yes,No,No,Yes,No,Month-To-Month,Yes,Credit card,93.05,5311.16,Yes,0,Loyal (49m+),3,93.17824561403509,0,1,0,93.18
CUST-00395,Male,No,No,Yes,22,Yes,Yes,Fiber optic,No,Yes,No,Yes,No,Yes,One Year,No,Electronic check,101.19,2228.74,No,0,Mid-term (13-24m),3,101.30636363636363,0,1,0,101.31
CUST-00396,Female,Yes,No,Yes,43,No,No phone service,Fiber optic,No,Yes,No,Yes,No,Yes,One Year,Yes,Credit card,83.18,3585.08,Yes,0,Established (25-48m),3,83.3739534883721,0,1,0,83.37
CUST-00397,Female,No,No,Yes,43,Yes,No,Fiber optic,No,No,No,No,No,No,Month-To-Month,No,Bank transfer,82.25,3535.95,Yes,0,Established (25-48m),0,82.23139534883721,0,0,0,82.23
CUST-00398,Female,No,Yes,Yes,51,Yes,No,DSL,Yes,Yes,No,No,Yes,No,Month-To-Month,Yes,Credit card,71.5,3656.46,No,0,Loyal (49m+),3,71.69529411764707,0,1,0,71.7
CUST-00399,Female,No,No,Yes,66,Yes,Yes,Fiber optic,No,No,No,Yes,Yes,Yes,Month-To-Month,No,Mailed check,98.94,6537.19,No,0,Loyal (49m+),3,99.04833333333333,0,1,0,99.05
CUST-00400,Male,No,Yes,No,27,Yes,Yes,DSL,No,No,No,No,Yes,No,Month-To-Month,Yes,Electronic check,62.74,1696.57,Yes,0,Established (25-48m),1,62.83592592592592,0,1,0,62.84
CUST-00401,Female,No,Yes,Yes,66,Yes,No,No,No internet service,No internet service,No internet service,No internet service,No internet service,No internet service,Month-To-Month,Yes,Bank transfer,29.68,1956.72,No,0,Loyal (49m+),0,29.64727272727273,0,0,0,29.65
CUST-00402,Female,No,Yes,Yes,17,Yes,No,DSL,Yes,No,No,Yes,Yes,Yes,One Year,No,Mailed check,75.13,1279.52,Yes,0,Mid-term (13-24m),4,75.26588235294118,0,1,0,75.27
CUST-00403,Male,No,Yes,Yes,26,Yes,Yes,Fiber optic,No,No,Yes,No,Yes,No,Month-To-Month,No,Mailed check,95.14,2478.22,No,0,Established (25-48m),2,95.31615384615384,0,1,0,95.32
CUST-00404,M,No,No,No,50,Yes,No,DSL,Yes,No,No,No,No,No,One Year,Yes,Mailed check,61.76,3084.85,No,0,Loyal (49m+),1,61.696999999999996,0,0,0,61.7
CUST-00405,Female,No,Yes,No,59,Yes,Yes,Fiber optic,No,No,No,Yes,Yes,No,Month-To-Month,No,Mailed check,97.4,5747.42,No,0,Loyal (49m+),2,97.41389830508474,0,1,0,97.41
CUST-00406,Female,No,Yes,Yes,48,Yes,Yes,Fiber optic,No,No,No,No,No,Yes,Two Year,No,Bank transfer,89.66,4311.48,No,0,Established (25-48m),1,89.82249999999999,0,1,0,89.82
CUST-00407,Female,Yes,No,No,14,Yes,No,Fiber optic,No,No,Yes,No,No,No,Month-To-Month,Yes,Bank transfer,83.32,1175.53,Yes,0,Mid-term (13-24m),1,83.96642857142857,0,0,0,83.97
CUST-00408,Female,No,No,No,72,Yes,No,Fiber optic,No,Yes,No,No,Yes,No,Month-To-Month,Yes,Bank transfer,89.38,6437.72,Yes,0,Loyal (49m+),2,89.41277777777778,0,1,0,89.41
CUST-00409,Female,No,No,Yes,67,Yes,No,Fiber optic,No,No,No,No,Yes,No,Month-To-Month,Yes,Bank transfer,86.06,5759.02,No,0,Loyal (49m+),1,85.9555223880597,0,1,0,85.96
CUST-00410,Female,No,Yes,No,14,Yes,No,No,No internet service,No internet service,No internet service,No internet service,No internet service,No internet service,Month-To-Month,No,Credit card,30.42,431.23,No,0,Mid-term (13-24m),0,30.802142857142858,0,0,0,30.8
CUST-00411,Male,No,No,No,50,Yes,Yes,DSL,Yes,No,No,No,No,No,Month-To-Month,Yes,Electronic check,62.93,3141.45,No,0,Loyal (49m+),1,62.82899999999999,0,0,0,62.83
CUST-00412,Female,No,Yes,No,47,No,No phone service,Fiber optic,No,No,No,Yes,No,No,One Year,Yes,Credit card,73.55,3448.15,Yes,0,Established (25-48m),1,73.36489361702128,0,0,0,73.36
CUST-00413,Female,No,Yes,Yes,71,Yes,Yes,Fiber optic,No,No,Yes,No,No,No,Month-To-Month,Yes,Mailed check,90.97,6456.29,No,0,Loyal (49m+),1,90.93366197183099,0,0,0,90.93
CUST-00414,male,Yes,No,No,0,Yes,Yes,DSL,No,Yes,Yes,No,No,Yes,Month-To-Month,Yes,Mailed check,75.99,0.0,No,0,New (0-12m),3,75.99,1,1,0,75.99
CUST-00415,Male,No,No,Yes,6,Yes,Yes,No,No internet service,No internet service,No internet service,No internet service,No internet service,No internet service,One Year,Yes,Mailed check,35.55,213.6,Yes,0,New (0-12m),0,35.6,0,0,0,35.6
CUST-00416,Male,No,No,Yes,52,Yes,Yes,DSL,Yes,No,No,No,No,No,Month-To-Month,Yes,Mailed check,63.97,3316.49,No,0,Loyal (49m+),1,63.778653846153844,0,0,0,63.78
CUST-00417,Male,No,Yes,No,30,Yes,Yes,DSL,Yes,No,No,Yes,No,No,Month-To-Month,Yes,Electronic check,68.32,2053.19,No,0,Established (25-48m),2,68.43966666666667,0,0,0,68.44
CUST-00418,Female,No,Yes,Yes,17,Yes,No,Fiber optic,Yes,No,No,No,No,Yes,Two Year,No,Electronic check,88.64,1505.71,No,0,Mid-term (13-24m),2,88.57117647058824,0,1,0,88.57
CUST-00419,Female,No,Yes,Yes,11,Yes,No,Fiber optic,No,Yes,Yes,No,Yes,No,Month-To-Month,No,Electronic check,96.54,1057.13,Yes,0,New (0-12m),3,96.10272727272728,0,1,0,96.1
CUST-00420,Female,No,Yes,No,47,Yes,Yes,No,No internet service,No internet service,No internet service,No internet service,No internet service,No internet service,One Year,Yes,Mailed check,34.94,1637.6,No,0,Established (25-48m),0,34.84255319148936,0,0,0,34.84
CUST-00421,Female,No,Yes,Yes,29,No,No phone service,Fiber optic,Yes,No,No,Yes,No,No,One Year,Yes,Electronic check,79.26,2289.39,No,0,Established (25-48m),2,78.94448275862068,0,0,0,78.94
CUST-00422,Female,No,Yes,No,6,Yes,No,No,No internet service,No internet service,No internet service,No internet service,No internet service,No internet service,Two Year,No,Electronic check,28.18,163.53,No,0,New (0-12m),0,27.255,0,0,0,27.26
CUST-00423,Female,No,No,No,2,Yes,Yes,No,No internet service,No internet service,No internet service,No internet service,No internet service,No internet service,One Year,Yes,Electronic check,34.46,61.29,Yes,0,New (0-12m),0,30.645,1,0,0,30.64
CUST-00424,Male,No,Yes,Yes,62,Yes,Yes,Fiber optic,No,No,Yes,No,No,Yes,Month-To-Month,No,Electronic check,94.59,5863.31,No,0,Loyal (49m+),2,94.56951612903227,0,1,0,94.57
CUST-00425,Female,No,No,No,5,No,No phone service,Fiber optic,Yes,Yes,No,No,No,Yes,Month-To-Month,No,Credit card,86.93,434.54,No,0,New (0-12m),3,86.908,0,1,0,86.91
CUST-00426,Male,Yes,No,Yes,14,Yes,Yes,DSL,No,Yes,Yes,No,No,No,Two Year,No,Bank transfer,72.2,1017.27,No,0,Mid-term (13-24m),2,72.66214285714285,0,0,0,72.66
CUST-00427,Male,No,No,No,70,Yes,No,Fiber optic,No,No,Yes,Yes,Yes,Yes,Month-To-Month,Yes,Credit card,101.7,7120.31,No,0,Loyal (49m+),4,101.71871428571428,0,1,0,101.72
CUST-00428,M,Yes,No,No,42,Yes,No,DSL,Yes,No,No,No,No,No,One Year,No,Bank transfer,59.44,2498.23,Yes,0,Established (25-48m),1,59.48166666666667,0,0,0,59.48
CUST-00429,Male,No,No,Yes,17,Yes,Yes,Fiber optic,No,Yes,Yes,No,Yes,No,Two Year,No,Credit card,100.3,1697.05,No,0,Mid-term (13-24m),3,99.8264705882353,0,1,0,99.83
CUST-00430,Female,No,Yes,No,21,Yes,No,No,No internet service,No internet service,No internet service,No internet service,No internet service,No internet service,One Year,No,Mailed check,31.71,662.92,Yes,0,Mid-term (13-24m),0,31.567619047619047,0,0,0,31.57
CUST-00431,Male,No,Yes,Yes,60,Yes,No,Fiber optic,No,Yes,No,No,Yes,Yes,Month-To-Month,Yes,Mailed check,92.75,5570.93,No,0,Loyal (49m+),3,92.84883333333333,0,1,0,92.85
CUST-00432,Female,No,Yes,Yes,60,Yes,Yes,Fiber optic,No,No,No,Yes,Yes,No,Month-To-Month,No,Mailed check,95.16,5711.29,No,0,Loyal (49m+),2,95.18816666666666,0,1,0,95.19
CUST-00433,Male,No,Yes,No,52,Yes,Yes,No,No internet service,No internet service,No internet service,No internet service,No internet service,No internet service,Month-To-Month,Yes,Electronic check,34.49,1790.99,Yes,0,Loyal (49m+),0,34.442115384615384,0,0,0,34.44
CUST-00435,Female,No,No,Yes,39,Yes,Yes,Fiber optic,Yes,No,Yes,Yes,No,Yes,Two Year,Yes,Credit card,104.25,4058.07,No,0,Established (25-48m),4,104.05307692307693,0,1,0,104.05
CUST-00436,Female,No,No,No,7,Yes,No,Fiber optic,No,No,Yes,Yes,Yes,Yes,One Year,No,Bank transfer,100.7,695.42,No,0,New (0-12m),4,99.34571428571428,0,1,0,99.35
CUST-00437,Female,No,Yes,Yes,20,Yes,Yes,DSL,No,Yes,No,No,Yes,No,One Year,No,Mailed check,69.59,1384.68,No,0,Mid-term (13-24m),2,69.23400000000001,0,1,0,69.23
CUST-00438,Female,No,Yes,Yes,42,Yes,Yes,Fiber optic,Yes,No,No,No,No,No,Month-To-Month,No,Credit card,89.11,3738.55,No,0,Established (25-48m),1,89.01309523809525,0,0,0,89.01
CUST-00439,Male,Yes,Yes,No,20,Yes,No,Fiber optic,No,No,No,No,No,No,Month-To-Month,Yes,Credit card,80.33,1602.26,No,0,Mid-term (13-24m),0,80.113,0,0,0,80.11
CUST-00440,Male,No,Yes,Yes,2,Yes,No,Fiber optic,No,No,No,Yes,No,No,Month-To-Month,Yes,Mailed check,84.37,172.8,No,0,New (0-12m),1,86.4,1,0,0,86.4
CUST-00441,Male,No,No,Yes,30,Yes,No,Fiber optic,No,No,No,No,Yes,No,Month-To-Month,No,Credit card,82.67,2473.31,Yes,0,Established (25-48m),1,82.44366666666666,0,1,0,82.44
CUST-00442,F,No,No,No,26,Yes,Yes,DSL,No,Yes,Yes,Yes,No,No,Month-To-Month,Yes,Electronic check,74.59,1944.52,No,0,Established (25-48m),3,74.78923076923077,0,0,0,74.79
CUST-00443,Male,No,Yes,Yes,26,No,No phone service,Fiber optic,No,No,No,No,No,Yes,Month-To-Month,No,Electronic check,73.48,1914.66,Yes,0,Established (25-48m),1,73.64076923076924,0,1,0,73.64
CUST-00444,Female,No,Yes,Yes,72,Yes,Yes,Fiber optic,No,No,No,No,No,Yes,Month-To-Month,Yes,Electronic check,88.0,6329.03,No,0,Loyal (49m+),1,87.90319444444444,0,1,0,87.9
CUST-00445,Female,No,No,No,56,Yes,Yes,No,No internet service,No internet service,No internet service,No internet service,No internet service,No internet service,Month-To-Month,No,Bank transfer,36.86,2067.37,No,0,Loyal (49m+),0,36.91732142857143,0,0,0,36.92
CUST-00446,Male,No,No,Yes,32,Yes,No,Fiber optic,Yes,No,Yes,No,No,No,Two Year,No,Electronic check,90.96,2907.28,No,0,Established (25-48m),2,90.8525,0,0,0,90.85
CUST-00447,Male,No,No,Yes,43,Yes,No,DSL,No,Yes,No,No,No,No,Month-To-Month,Yes,Electronic check,59.4,2546.33,No,0,Established (25-48m),1,59.21697674418604,0,0,0,59.22
CUST-00448,Female,No,No,No,42,Yes,Yes,Fiber optic,Yes,No,No,No,Yes,No,One Year,Yes,Electronic check,97.43,4094.52,No,0,Established (25-48m),2,97.48857142857143,0,1,0,97.49
CUST-00449,Male,No,Yes,No,30,Yes,No,Fiber optic,Yes,No,No,No,No,No,Month-To-Month,Yes,Electronic check,84.34,2536.06,No,0,Established (25-48m),1,84.53533333333333,0,0,0,84.54
CUST-00450,F,Yes,No,Yes,64,Yes,Yes,Fiber optic,No,No,Yes,No,No,Yes,Month-To-Month,No,Mailed check,93.72,6007.33,No,0,Loyal (49m+),2,93.86453125,0,1,0,93.86
CUST-00451,Female,No,No,Yes,16,Yes,Yes,No,No internet service,No internet service,No internet service,No internet service,No internet service,No internet service,Month-To-Month,No,Electronic check,34.87,558.92,Yes,0,Mid-term (13-24m),0,34.9325,0,0,0,34.93
CUST-00452,Female,No,No,No,14,Yes,Yes,DSL,No,Yes,Yes,No,No,No,One Year,No,Mailed check,72.23,1012.55,No,0,Mid-term (13-24m),2,72.325,0,0,0,72.32
CUST-00453,Female,No,No,Yes,33,No,No phone service,Fiber optic,No,Yes,Yes,No,No,Yes,Month-To-Month,Yes,Electronic check,85.82,2831.32,No,0,Established (25-48m),3,85.79757575757576,0,1,0,85.8
CUST-00454,Female,No,Yes,Yes,3,Yes,Yes,DSL,No,No,No,No,Yes,No,Month-To-Month,No,Electronic check,66.15,194.62,No,0,New (0-12m),1,64.87333333333333,1,1,0,64.87
CUST-00455,Male,Yes,Yes,Yes,71,Yes,Yes,No,No internet service,No internet service,No internet service,No internet service,No internet service,No internet service,Two Year,No,Credit card,33.33,2359.29,Yes,0,Loyal (49m+),0,33.22943661971831,0,0,0,33.23
CUST-00456,Male,No,Yes,No,27,Yes,No,DSL,No,Yes,No,No,Yes,Yes,Month-To-Month,Yes,Credit card,67.7,1823.9,No,0,Established (25-48m),3,67.55185185185185,0,1,0,67.55
CUST-00457,Female,No,Yes,Yes,72,Yes,No,DSL,No,No,No,No,No,No,Month-To-Month,No,Mailed check,55.19,3970.36,Yes,0,Loyal (49m+),0,55.14388888888889,0,0,0,55.14
CUST-00458,Female,Yes,Yes,Yes,1,Yes,No,DSL,No,No,No,No,No,Yes,Month-To-Month,Yes,Electronic check,59.15,63.88,No,0,New (0-12m),1,63.88,1,1,0,63.88
CUST-00459,Male,No,Yes,No,16,Yes,Yes,Fiber optic,Yes,No,No,No,No,No,Month-To-Month,Yes,Credit card,87.71,1395.93,No,0,Mid-term (13-24m),1,87.245625,0,0,0,87.25
CUST-00460,Male,No,No,No,57,No,No phone service,Fiber optic,No,Yes,Yes,Yes,No,Yes,One Year,Yes,Mailed check,91.98,5236.6,No,0,Loyal (49m+),4,91.8701754385965,0,1,0,91.87
CUST-00461,Female,No,No,No,8,Yes,Yes,Fiber optic,No,No,No,Yes,Yes,No,One Year,Yes,Bank transfer,92.63,750.48,No,0,New (0-12m),2,93.81,0,1,0,93.81
CUST-00462,Male,No,No,Yes,30,Yes,Yes,DSL,No,Yes,Yes,No,No,No,Month-To-Month,No,Mailed check,67.56,2018.22,No,0,Established (25-48m),2,67.274,0,0,0,67.27
CUST-00463,Female,No,No,Yes,65,Yes,Yes,DSL,No,No,No,No,No,No,Month-To-Month,Yes,Electronic check,59.0,3843.59,Yes,0,Loyal (49m+),0,59.13215384615385,0,0,0,59.13
CUST-00464,Male,Yes,Yes,No,61,Yes,No,Fiber optic,No,No,No,No,No,No,Two Year,No,Bank transfer,79.99,4872.32,Yes,0,Loyal (49m+),0,79.87409836065574,0,0,0,79.87
CUST-00465,Female,Yes,No,Yes,18,Yes,Yes,Fiber optic,No,Yes,Yes,No,No,No,Month-To-Month,Yes,Bank transfer,94.75,1706.23,No,0,Mid-term (13-24m),2,94.79055555555556,0,0,0,94.79
CUST-00466,Male,No,Yes,Yes,54,Yes,Yes,Fiber optic,No,Yes,No,No,Yes,No,Two Year,Yes,Mailed check,94.3,5090.12,Yes,0,Loyal (49m+),2,94.26148148148148,0,1,0,94.26
CUST-00467,Female,No,No,No,27,Yes,No,Fiber optic,No,No,No,No,Yes,No,Month-To-Month,No,Electronic check,86.82,2342.14,No,0,Established (25-48m),1,86.74592592592592,0,1,0,86.75
CUST-00468,Male,No,No,Yes,49,Yes,Yes,No,No internet service,No internet service,No internet service,No internet service,No internet service,No internet service,One Year,No,Credit card,33.99,1669.54,Yes,0,Loyal (49m+),0,34.07224489795918,0,0,0,34.07
CUST-00469,Male,Yes,No,No,64,Yes,No,DSL,Yes,Yes,Yes,No,Yes,Yes,Two Year,Yes,Electronic check,80.76,5171.76,No,0,Loyal (49m+),5,80.80875,0,1,0,80.81
CUST-00470,Female,No,Yes,No,2,Yes,No,Fiber optic,No,Yes,Yes,No,Yes,No,One Year,No,Bank transfer,94.49,197.84,Yes,0,New (0-12m),3,98.92,1,1,0,98.92
CUST-00471,Male,No,No,Yes,51,Yes,No,DSL,No,Yes,No,No,No,No,Month-To-Month,No,Mailed check,59.44,3035.81,No,0,Loyal (49m+),1,59.5256862745098,0,0,0,59.53
CUST-00472,Female,No,Yes,No,9,No,No phone service,Fiber optic,No,No,Yes,Yes,No,Yes,One Year,Yes,Mailed check,87.16,786.58,No,0,New (0-12m),3,87.39777777777778,0,1,0,87.4
CUST-00473,Male,No,Yes,Yes,20,Yes,Yes,Fiber optic,No,No,Yes,No,Yes,Yes,Month-To-Month,Yes,Electronic check,100.99,2013.32,No,0,Mid-term (13-24m),3,100.666,0,1,0,100.67
CUST-00474,F,No,No,Yes,36,Yes,Yes,Fiber optic,No,No,Yes,Yes,Yes,No,One Year,Yes,Bank transfer,100.19,3606.37,No,0,Established (25-48m),3,100.17694444444444,0,1,0,100.18
CUST-00475,Male,No,Yes,No,14,Yes,Yes,No,No internet service,No internet service,No internet service,No internet service,No internet service,No internet service,Month-To-Month,No,Electronic check,33.37,467.12,No,0,Mid-term (13-24m),0,33.36571428571428,0,0,0,33.37
CUST-00476,Female,No,Yes,No,8,Yes,Yes,Fiber optic,No,No,No,Yes,No,No,One Year,Yes,Mailed check,88.19,708.3,No,0,New (0-12m),1,88.5375,0,0,0,88.54
CUST-00477,Male,No,No,Yes,43,Yes,No,Fiber optic,No,Yes,Yes,No,Yes,No,Month-To-Month,Yes,Electronic check,93.47,4016.53,Yes,0,Established (25-48m),3,93.40767441860466,0,1,0,93.41
CUST-00478,Female,No,No,Yes,38,Yes,Yes,Fiber optic,No,Yes,Yes,No,No,Yes,Month-To-Month,Yes,Credit card,100.63,3816.85,Yes,0,Established (25-48m),3,100.44342105263158,0,1,0,100.44
CUST-00479,Male,No,No,Yes,4,Yes,No,Fiber optic,No,No,No,No,Yes,No,One Year,Yes,Credit card,82.78,338.69,Yes,0,New (0-12m),1,84.6725,0,1,0,84.67
CUST-00480,Female,Yes,No,Yes,24,Yes,Yes,Fiber optic,No,No,No,No,No,No,Month-To-Month,No,Bank transfer,84.82,2026.33,No,0,Mid-term (13-24m),0,84.43041666666666,0,0,0,84.43
CUST-00481,Female,No,No,No,55,Yes,Yes,No,No internet service,No internet service,No internet service,No internet service,No internet service,No internet service,Two Year,No,Credit card,34.8,1906.7,Yes,0,Loyal (49m+),0,34.66727272727273,0,0,0,34.67
CUST-00482,Female,No,No,No,63,No,No phone service,Fiber optic,Yes,No,No,No,Yes,No,Two Year,Yes,Electronic check,82.09,5170.79,No,0,Loyal (49m+),2,82.07603174603175,0,1,0,82.08
CUST-00483,Male,No,Yes,Yes,71,Yes,Yes,No,No internet service,No internet service,No internet service,No internet service,No internet service,No internet service,Two Year,Yes,Credit card,34.35,2446.63,No,0,Loyal (49m+),0,34.45957746478874,0,0,0,34.46
CUST-00484,Female,No,No,Yes,51,Yes,Yes,Fiber optic,No,No,No,No,No,Yes,One Year,Yes,Electronic check,91.98,4683.03,Yes,0,Loyal (49m+),1,91.82411764705881,0,1,0,91.82
CUST-00485,Male,No,No,No,8,Yes,No,DSL,Yes,Yes,No,No,Yes,No,Month-To-Month,No,Mailed check,70.58,569.39,No,0,New (0-12m),3,71.17375,0,1,0,71.17
CUST-00486,Female,Yes,Yes,Yes,9,Yes,Yes,No,No internet service,No internet service,No internet service,No internet service,No internet service,No internet service,Month-To-Month,No,Electronic check,34.45,305.78,No,0,New (0-12m),0,33.97555555555555,0,0,0,33.98
CUST-00487,Male,No,No,No,9,Yes,Yes,DSL,No,No,No,No,No,Yes,Month-To-Month,Yes,Credit card,65.13,577.69,No,0,New (0-12m),1,64.18777777777778,0,1,0,64.19
CUST-00488,Female,No,Yes,Yes,72,Yes,Yes,No,No internet service,No internet service,No internet service,No internet service,No internet service,No internet service,Month-To-Month,Yes,Bank transfer,32.97,2381.74,No,0,Loyal (49m+),0,33.079722222222216,0,0,0,33.08
CUST-00489,Male,No,No,No,61,Yes,No,No,No internet service,No internet service,No internet service,No internet service,No internet service,No internet service,Month-To-Month,Yes,Mailed check,31.95,1958.4,No,0,Loyal (49m+),0,32.104918032786884,0,0,0,32.1
CUST-00490,Male,Yes,No,Yes,59,Yes,No,No,No internet service,No internet service,No internet service,No internet service,No internet service,No internet service,One Year,No,Credit card,30.66,1801.58,Yes,0,Loyal (49m+),0,30.535254237288136,0,0,0,30.54
CUST-00491,Female,No,Yes,Yes,18,No,No phone service,DSL,No,No,Yes,No,Yes,Yes,Month-To-Month,Yes,Bank transfer,59.68,1082.16,No,0,Mid-term (13-24m),3,60.120000000000005,0,1,0,60.12
CUST-00492,Male,No,No,Yes,37,Yes,Yes,No,No internet service,No internet service,No internet service,No internet service,No internet service,No internet service,Month-To-Month,Yes,Bank transfer,36.38,1349.02,Yes,0,Established (25-48m),0,36.46,0,0,0,36.46
CUST-00493,Male,No,Yes,No,5,Yes,Yes,Fiber optic,No,No,Yes,No,No,Yes,One Year,Yes,Electronic check,94.52,466.63,No,0,New (0-12m),2,93.326,0,1,0,93.33
CUST-00494,Female,No,No,No,14,Yes,No,Fiber optic,No,No,No,Yes,No,No,Month-To-Month,Yes,Credit card,84.8,1190.63,No,0,Mid-term (13-24m),1,85.045,0,0,0,85.04
CUST-00495,Male,No,No,Yes,46,Yes,Yes,Fiber optic,No,No,Yes,No,No,No,Month-To-Month,No,Credit card,89.61,4128.29,No,0,Established (25-48m),1,89.7454347826087,0,0,0,89.75
CUST-00496,Male,Yes,Yes,Yes,44,Yes,No,Fiber optic,No,No,Yes,No,No,No,Month-To-Month,Yes,Credit card,87.48,3849.0,No,0,Established (25-48m),1,87.47727272727273,0,0,0,87.48
CUST-00497,Male,No,No,Yes,4,Yes,No,DSL,No,No,No,No,Yes,No,One Year,Yes,Electronic check,61.35,253.59,Yes,0,New (0-12m),1,63.3975,0,1,0,63.4
CUST-00498,Female,No,No,Yes,52,Yes,Yes,Fiber optic,No,Yes,Yes,No,Yes,No,One Year,No,Electronic check,102.14,5311.85,No,0,Loyal (49m+),3,102.15096153846154,0,1,0,102.15
CUST-00499,Male,No,Yes,No,65,Yes,No,DSL,Yes,No,No,No,No,No,One Year,Yes,Mailed check,59.4,3854.71,Yes,0,Loyal (49m+),1,59.30323076923077,0,0,0,59.3
CUST-00500,Female,Yes,No,No,61,Yes,No,Fiber optic,No,No,No,No,No,Yes,Month-To-Month,Yes,Electronic check,84.95,5186.14,No,0,Loyal (49m+),1,85.01868852459017,0,1,0,85.02
CUST-00501,Male,No,Yes,No,22,Yes,No,Fiber optic,No,No,Yes,No,Yes,No,One Year,Yes,Electronic check,88.51,1950.76,No,0,Mid-term (13-24m),2,88.67090909090909,0,1,0,88.67
CUST-00502,Male,No,No,Yes,43,Yes,No,Fiber optic,No,No,Yes,Yes,No,Yes,One Year,No,Bank transfer,92.55,3982.46,No,0,Established (25-48m),3,92.6153488372093,0,1,0,92.62
CUST-00503,Male,No,Yes,No,51,Yes,No,DSL,No,No,No,Yes,Yes,No,Month-To-Month,Yes,Credit card,63.47,3244.57,No,0,Loyal (49m+),2,63.61901960784314,0,1,0,63.62
CUST-00504,Female,No,No,No,45,Yes,Yes,DSL,No,Yes,No,Yes,Yes,Yes,Month-To-Month,No,Credit card,82.14,3696.86,No,0,Established (25-48m),4,82.15244444444444,0,1,0,82.15
CUST-00505,Male,No,Yes,Yes,18,No,No phone service,Fiber optic,No,Yes,No,Yes,No,No,One Year,Yes,Electronic check,79.78,1440.12,No,0,Mid-term (13-24m),2,80.00666666666666,0,0,0,80.01
CUST-00506,Male,No,Yes,No,46,Yes,No,Fiber optic,Yes,No,No,Yes,No,No,Month-To-Month,Yes,Electronic check,88.15,4063.99,No,0,Established (25-48m),2,88.34760869565217,0,0,0,88.35
CUST-00507,Female,Yes,No,No,51,Yes,No,Fiber optic,Yes,No,No,No,Yes,Yes,One Year,No,Electronic check,94.76,4825.52,Yes,0,Loyal (49m+),3,94.61803921568628,0,1,0,94.62
CUST-00508,Male,No,No,No,23,No,No phone service,Fiber optic,Yes,No,Yes,No,Yes,Yes,Month-To-Month,No,Mailed check,91.46,2101.31,Yes,0,Mid-term (13-24m),4,91.36130434782608,0,1,0,91.36
CUST-00509,Female,No,Yes,No,16,Yes,No,Fiber optic,No,No,No,No,Yes,Yes,Month-To-Month,Yes,Mailed check,90.0,1434.38,Yes,0,Mid-term (13-24m),2,89.64875,0,1,0,89.65
CUST-00510,Female,No,No,Yes,45,Yes,Yes,No,No internet service,No internet service,No internet service,No internet service,No internet service,No internet service,Month-To-Month,No,Mailed check,37.18,1669.58,No,0,Established (25-48m),0,37.10177777777778,0,0,0,37.1
CUST-00511,Male,No,Yes,No,63,Yes,Yes,DSL,No,Yes,No,No,Yes,No,Month-To-Month,Yes,Electronic check,71.99,4535.58,Yes,0,Loyal (49m+),2,71.99333333333333,0,1,0,71.99
CUST-00512,Female,No,No,Yes,27,No,No phone service,DSL,No,Yes,Yes,Yes,No,No,Month-To-Month,No,Mailed check,59.87,1623.4,No,0,Established (25-48m),3,60.12592592592593,0,0,0,60.13
CUST-00513,Male,No,No,No,49,Yes,Yes,DSL,No,No,Yes,No,Yes,Yes,Two Year,Yes,Mailed check,72.91,3570.58,No,0,Loyal (49m+),3,72.86897959183673,0,1,0,72.87
CUST-00514,male,No,Yes,No,63,Yes,No,DSL,No,No,No,No,No,No,Two Year,Yes,Bank transfer,56.02,3530.42,No,0,Loyal (49m+),0,56.0384126984127,0,0,0,56.04
CUST-00515,Female,No,Yes,No,27,Yes,Yes,No,No internet service,No internet service,No internet service,No internet service,No internet service,No internet service,One Year,Yes,Bank transfer,34.28,931.8,No,0,Established (25-48m),0,34.51111111111111,0,0,0,34.51
CUST-00516,Male,No,No,No,55,Yes,Yes,No,No internet service,No internet service,No internet service,No internet service,No internet service,No internet service,One Year,Yes,Mailed check,36.43,2012.21,Yes,0,Loyal (49m+),0,36.58563636363636,0,0,0,36.59
CUST-00517,Female,No,No,Yes,58,Yes,No,No,No internet service,No internet service,No internet service,No internet service,No internet service,No internet service,Month-To-Month,Yes,Credit card,29.04,1681.31,No,0,Loyal (49m+),0,28.98810344827586,0,0,0,28.99
CUST-00518,Female,No,No,Yes,4,Yes,No,Fiber optic,Yes,No,Yes,No,Yes,No,One Year,Yes,Bank transfer,94.15,370.16,Yes,0,New (0-12m),3,92.54,0,1,0,92.54
CUST-00519,Female,No,No,Yes,53,Yes,No,Fiber optic,No,No,No,Yes,No,Yes,Month-To-Month,No,Credit card,90.21,4782.77,No,0,Loyal (49m+),2,90.24094339622643,0,1,0,90.24
CUST-00520,Female,No,No,Yes,43,Yes,No,Fiber optic,No,No,No,No,No,No,Month-To-Month,Yes,Electronic check,77.62,3345.58,Yes,0,Established (25-48m),0,77.80418604651163,0,0,0,77.8
CUST-00521,Female,No,Yes,No,41,Yes,Yes,Fiber optic,Yes,No,Yes,Yes,Yes,No,Month-To-Month,Yes,Electronic check,103.35,4232.32,Yes,0,Established (25-48m),4,103.22731707317072,0,1,0,103.23
CUST-00522,Male,No,No,Yes,71,Yes,No,No,No internet service,No internet service,No internet service,No internet service,No internet service,No internet service,Month-To-Month,No,Credit card,31.76,2254.95,No,0,Loyal (49m+),0,31.759859154929575,0,0,0,31.76
CUST-00523,Female,No,No,Yes,56,Yes,Yes,DSL,Yes,No,Yes,No,Yes,No,Month-To-Month,Yes,Mailed check,77.28,4327.4,No,0,Loyal (49m+),3,77.27499999999999,0,1,0,77.27
CUST-00524,Male,No,Yes,No,46,Yes,No,DSL,No,No,Yes,No,Yes,Yes,Month-To-Month,Yes,Bank transfer,68.46,3157.7,Yes,0,Established (25-48m),3,68.64565217391304,0,1,0,68.65
CUST-00525,M,No,Yes,Yes,24,Yes,No,No,No internet service,No internet service,No internet service,No internet service,No internet service,No internet service,Month-To-Month,Yes,Bank transfer,31.36,751.77,No,0,Mid-term (13-24m),0,31.32375,0,0,0,31.32
CUST-00526,Male,No,Yes,Yes,43,Yes,Yes,No,No internet service,No internet service,No internet service,No internet service,No internet service,No internet service,Month-To-Month,Yes,Electronic check,33.06,1422.31,No,0,Established (25-48m),0,33.07697674418605,0,0,0,33.08
CUST-00527,male,Yes,No,Yes,14,Yes,No,No,No internet service,No internet service,No internet service,No internet service,No internet service,No internet service,Month-To-Month,No,Mailed check,29.86,410.81,Yes,0,Mid-term (13-24m),0,29.34357142857143,0,0,0,29.34
CUST-00528,male,No,Yes,Yes,50,No,No phone service,Fiber optic,No,Yes,Yes,No,No,No,Month-To-Month,Yes,Credit card,80.04,4001.16,No,0,Loyal (49m+),2,80.0232,0,0,0,80.02
CUST-00529,Female,No,Yes,No,52,Yes,Yes,No,No internet service,No internet service,No internet service,No internet service,No internet service,No internet service,Two Year,Yes,Credit card,35.32,1833.48,No,0,Loyal (49m+),0,35.25923076923077,0,0,0,35.26
CUST-00530,Female,No,Yes,No,33,Yes,Yes,DSL,No,No,No,No,No,Yes,Month-To-Month,Yes,Bank transfer,64.31,2116.66,Yes,0,Established (25-48m),1,64.14121212121212,0,1,0,64.14
CUST-00531,Male,No,Yes,Yes,7,Yes,No,DSL,Yes,No,No,No,Yes,Yes,Two Year,Yes,Bank transfer,71.78,502.63,No,0,New (0-12m),3,71.80428571428571,0,1,0,71.8
CUST-00532,Female,No,No,No,69,Yes,Yes,Fiber optic,No,No,No,No,Yes,No,One Year,Yes,Credit card,89.02,6147.8,Yes,0,Loyal (49m+),1,89.09855072463769,0,1,0,89.1
CUST-00533,Male,No,No,Yes,20,Yes,No,No,No internet service,No internet service,No internet service,No internet service,No internet service,No internet service,Month-To-Month,No,Bank transfer,29.93,592.13,Yes,0,Mid-term (13-24m),0,29.6065,0,0,0,29.61
CUST-00534,Male,No,No,Yes,6,Yes,Yes,DSL,No,Yes,No,No,Yes,No,Month-To-Month,No,Electronic check,68.47,403.65,Yes,0,New (0-12m),2,67.27499999999999,0,1,0,67.27
CUST-00535,Male,No,Yes,Yes,55,Yes,No,Fiber optic,Yes,No,No,No,No,No,Month-To-Month,No,Electronic check,85.36,4687.29,Yes,0,Loyal (49m+),1,85.22345454545454,0,0,0,85.22
CUST-00536,Female,No,Yes,No,48,Yes,Yes,Fiber optic,Yes,No,Yes,No,No,Yes,Month-To-Month,Yes,Mailed check,98.49,4732.78,Yes,0,Established (25-48m),3,98.59958333333333,0,1,0,98.6
CUST-00537,male,No,Yes,No,41,Yes,Yes,Fiber optic,No,No,No,No,Yes,No,Month-To-Month,Yes,Electronic check,88.71,3642.87,Yes,0,Established (25-48m),1,88.85048780487804,0,1,0,88.85
CUST-00538,Male,Yes,Yes,No,22,Yes,Yes,DSL,No,Yes,No,Yes,Yes,No,Month-To-Month,No,Electronic check,74.69,1650.95,No,0,Mid-term (13-24m),3,75.04318181818182,0,1,0,75.04
CUST-00539,Male,No,Yes,No,51,Yes,No,DSL,Yes,No,Yes,No,No,No,Month-To-Month,Yes,Credit card,63.89,3267.67,No,0,Loyal (49m+),2,64.07196078431373,0,0,0,64.07
CUST-00540,Female,No,Yes,No,52,No,No phone service,No,No internet service,No internet service,No internet service,No internet service,No internet service,No internet service,One Year,No,Bank transfer,19.8858,917.95,No,0,Loyal (49m+),0,17.652884615384615,0,0,0,17.65
CUST-00541,Male,No,No,No,15,Yes,No,Fiber optic,No,No,No,No,Yes,Yes,Month-To-Month,No,Credit card,91.48,1369.01,No,0,Mid-term (13-24m),2,91.26733333333333,0,1,0,91.27
CUST-00542,Female,Yes,No,Yes,36,Yes,Yes,Fiber optic,No,No,No,Yes,Yes,Yes,Two Year,No,Bank transfer,101.6,3667.43,Yes,0,Established (25-48m),3,101.87305555555555,0,1,0,101.87
CUST-00543,Male,No,Yes,No,17,Yes,Yes,Fiber optic,Yes,No,No,No,Yes,No,Month-To-Month,Yes,Mailed check,97.0,1641.84,No,0,Mid-term (13-24m),2,96.57882352941176,0,1,0,96.58
CUST-00544,Female,No,No,No,19,Yes,Yes,DSL,No,No,No,No,No,Yes,Two Year,Yes,Electronic check,67.4,1271.43,No,0,Mid-term (13-24m),1,66.91736842105263,0,1,0,66.92
CUST-00545,Male,No,Yes,Yes,45,Yes,Yes,DSL,No,Yes,No,No,Yes,Yes,Month-To-Month,No,Credit card,73.07,3285.85,No,0,Established (25-48m),3,73.01888888888888,0,1,0,73.02
CUST-00546,Female,No,Yes,No,1,Yes,No,DSL,No,No,Yes,Yes,No,Yes,One Year,No,Electronic check,68.87,60.63,No,0,New (0-12m),3,60.63,1,1,0,60.63
CUST-00547,Male,No,No,Yes,62,No,No phone service,DSL,No,No,Yes,Yes,No,Yes,Month-To-Month,Yes,Bank transfer,60.65,3757.96,No,0,Loyal (49m+),3,60.612258064516126,0,1,0,60.61
CUST-00548,Female,No,Yes,Yes,2,Yes,Yes,DSL,Yes,Yes,No,No,Yes,Yes,One Year,No,Electronic check,81.88,161.99,No,0,New (0-12m),4,80.995,1,1,0,81.0
CUST-00549,Female,No,No,Yes,45,No,No phone service,Fiber optic,No,No,No,No,Yes,Yes,Month-To-Month,Yes,Electronic check,78.31,3526.72,Yes,0,Established (25-48m),2,78.37155555555555,0,1,0,78.37
CUST-00550,F,No,Yes,No,48,Yes,No,No,No internet service,No internet service,No internet service,No internet service,No internet service,No internet service,Month-To-Month,Yes,Electronic check,29.92,1441.04,No,0,Established (25-48m),0,30.021666666666665,0,0,0,30.02
CUST-00551,Male,No,Yes,No,0,Yes,Yes,No,No internet service,No internet service,No internet service,No internet service,No internet service,No internet service,Month-To-Month,No,Mailed check,37.39,0.0,No,0,New (0-12m),0,37.39,1,0,0,37.39
CUST-00552,Female,No,No,Yes,21,Yes,Yes,No,No internet service,No internet service,No internet service,No internet service,No internet service,No internet service,Month-To-Month,Yes,Credit card,34.16,721.5,No,0,Mid-term (13-24m),0,34.357142857142854,0,0,0,34.36
CUST-00553,Male,No,Yes,No,13,Yes,Yes,Fiber optic,Yes,No,No,Yes,No,No,Month-To-Month,Yes,Bank transfer,94.96,1231.86,No,0,Mid-term (13-24m),2,94.75846153846153,0,0,0,94.76
CUST-00554,Female,No,Yes,Yes,44,Yes,No,DSL,No,Yes,No,No,No,No,Month-To-Month,Yes,Bank transfer,60.97,2681.81,Yes,0,Established (25-48m),1,60.95022727272727,0,0,0,60.95
CUST-00555,Male,No,Yes,No,5,Yes,Yes,Fiber optic,No,No,No,No,Yes,Yes,Month-To-Month,Yes,Credit card,94.61,477.34,No,0,New (0-12m),2,95.46799999999999,0,1,0,95.47
CUST-00556,Female,Yes,No,Yes,64,Yes,Yes,DSL,No,Yes,No,No,No,No,Month-To-Month,Yes,Bank transfer,66.09,4222.71,No,0,Loyal (49m+),1,65.97984375,0,0,0,65.98
CUST-00557,Female,No,Yes,Yes,20,Yes,Yes,Fiber optic,No,No,No,No,No,No,One Year,Yes,Electronic check,83.24,1669.04,No,0,Mid-term (13-24m),0,83.452,0,0,0,83.45
CUST-00558,Female,No,Yes,No,3,Yes,No,DSL,No,No,No,No,No,Yes,Two Year,Yes,Mailed check,58.65,184.98,No,0,New (0-12m),1,61.66,1,1,0,61.66
CUST-00559,Female,No,Yes,No,2,Yes,Yes,DSL,No,No,No,No,No,Yes,Month-To-Month,No,Electronic check,64.43,122.37,No,0,New (0-12m),1,61.185,1,1,0,61.18
CUST-00560,Female,Yes,No,No,29,Yes,No,DSL,Yes,No,No,No,No,No,One Year,No,Bank transfer,62.42,1808.07,Yes,0,Established (25-48m),1,62.34724137931034,0,0,0,62.35
CUST-00561,Female,No,No,No,30,Yes,No,No,No internet service,No internet service,No internet service,No internet service,No internet service,No internet service,Month-To-Month,Yes,Electronic check,29.24,878.83,No,0,Established (25-48m),0,29.294333333333334,0,0,0,29.29
CUST-00562,Male,No,No,No,33,Yes,No,Fiber optic,No,No,Yes,No,No,Yes,Month-To-Month,Yes,Electronic check,92.08,3043.0,No,0,Established (25-48m),2,92.21212121212122,0,1,0,92.21
CUST-00563,Male,No,No,Yes,19,Yes,No,DSL,No,Yes,No,No,No,No,Month-To-Month,Yes,Electronic check,61.87,1170.57,Yes,0,Mid-term (13-24m),1,61.60894736842105,0,0,0,61.61
CUST-00564,M,No,No,Yes,53,Yes,No,Fiber optic,No,No,Yes,No,Yes,No,Month-To-Month,No,Mailed check,91.28,4839.53,No,0,Loyal (49m+),2,91.31188679245282,0,1,0,91.31
CUST-00565,Female,No,Yes,Yes,24,Yes,Yes,DSL,Yes,No,No,Yes,No,Yes,Two Year,No,Credit card,74.35,1793.1,No,0,Mid-term (13-24m),3,74.71249999999999,0,1,0,74.71
CUST-00566,Female,No,No,No,14,Yes,Yes,DSL,No,No,Yes,Yes,No,No,Month-To-Month,No,Bank transfer,69.15,965.25,Yes,0,Mid-term (13-24m),2,68.94642857142857,0,0,0,68.95
CUST-00567,Female,No,No,No,37,Yes,No,DSL,Yes,No,Yes,No,No,No,One Year,Yes,Credit card,65.7,2432.28,No,0,Established (25-48m),2,65.7372972972973,0,0,0,65.74
CUST-00568,Female,Yes,Yes,Yes,22,Yes,No,Fiber optic,No,No,No,Yes,No,Yes,Month-To-Month,No,Mailed check,88.66,1953.0,No,0,Mid-term (13-24m),2,88.77272727272727,0,1,0,88.77
CUST-00569,male,No,No,Yes,51,No,No phone service,Fiber optic,No,Yes,Yes,No,No,No,Month-To-Month,Yes,Bank transfer,79.3,4052.05,Yes,0,Loyal (49m+),2,79.45196078431373,0,0,0,79.45
CUST-00570,Male,No,Yes,No,65,Yes,No,Fiber optic,No,Yes,No,Yes,No,No,Month-To-Month,No,Electronic check,91.58,5948.92,Yes,0,Loyal (49m+),2,91.52184615384616,0,0,0,91.52
CUST-00571,F,No,No,No,56,No,No phone service,No,No internet service,No internet service,No internet service,No internet service,No internet service,No internet service,One Year,Yes,Bank transfer,19.8858,1046.26,No,0,Loyal (49m+),0,18.683214285714286,0,0,0,18.68
CUST-00572,Male,No,Yes,No,56,Yes,Yes,DSL,No,No,No,Yes,No,No,Month-To-Month,Yes,Bank transfer,66.64,3735.31,Yes,0,Loyal (49m+),1,66.70196428571428,0,0,0,66.7
CUST-00573,Male,No,Yes,Yes,51,Yes,No,No,No internet service,No internet service,No internet service,No internet service,No internet service,No internet service,Month-To-Month,No,Credit card,30.26,1547.6,No,0,Loyal (49m+),0,30.345098039215685,0,0,0,30.35
CUST-00574,Female,No,No,No,34,Yes,Yes,Fiber optic,No,No,No,Yes,No,No,Month-To-Month,No,Mailed check,90.06,3053.37,Yes,0,Established (25-48m),1,89.80499999999999,0,0,0,89.8
CUST-00575,Male,No,No,Yes,13,Yes,Yes,No,No internet service,No internet service,No internet service,No internet service,No internet service,No internet service,Two Year,Yes,Bank transfer,35.57,459.54,Yes,0,Mid-term (13-24m),0,35.34923076923077,0,0,0,35.35
CUST-00576,Female,Yes,Yes,No,13,Yes,Yes,Fiber optic,Yes,Yes,No,No,No,Yes,Month-To-Month,Yes,Electronic check,100.66,1300.94,No,0,Mid-term (13-24m),3,100.0723076923077,0,1,0,100.07
CUST-00577,Male,Yes,Yes,No,32,Yes,No,Fiber optic,No,Yes,No,Yes,Yes,No,One Year,Yes,Bank transfer,95.29,3050.51,No,0,Established (25-48m),3,95.3284375,0,1,0,95.33
CUST-00578,Female,No,Yes,No,51,No,No phone service,Fiber optic,No,No,Yes,Yes,No,No,Month-To-Month,Yes,Credit card,81.01,4138.26,No,0,Loyal (49m+),2,81.14235294117647,0,0,0,81.14
CUST-00579,Female,No,Yes,No,0,Yes,Yes,DSL,No,No,No,Yes,No,No,Month-To-Month,Yes,Mailed check,64.29,0.0,No,0,New (0-12m),1,64.29,1,0,0,64.29
CUST-00580,Female,Yes,Yes,Yes,33,Yes,Yes,DSL,No,No,No,No,Yes,No,Two Year,No,Electronic check,66.55,2190.66,No,0,Established (25-48m),1,66.38363636363636,0,1,0,66.38
CUST-00581,Female,No,Yes,Yes,18,Yes,No,DSL,Yes,No,No,Yes,Yes,No,One Year,Yes,Electronic check,68.61,1231.07,No,0,Mid-term (13-24m),3,68.39277777777778,0,1,0,68.39
CUST-00582,Male,Yes,Yes,Yes,23,Yes,No,Fiber optic,No,Yes,Yes,Yes,No,No,Month-To-Month,No,Mailed check,96.07,2211.07,No,0,Mid-term (13-24m),3,96.13347826086957,0,0,0,96.13
CUST-00583,Female,No,No,No,3,Yes,No,DSL,No,Yes,No,No,No,No,Month-To-Month,No,Bank transfer,59.43,183.64,No,0,New (0-12m),1,61.21333333333333,1,0,0,61.21
CUST-00584,Female,No,Yes,Yes,35,Yes,No,Fiber optic,Yes,Yes,Yes,No,No,Yes,Month-To-Month,No,Electronic check,100.97,3537.75,No,0,Established (25-48m),4,101.07857142857142,0,1,0,101.08
CUST-00585,Female,No,No,Yes,57,Yes,Yes,No,No internet service,No internet service,No internet service,No internet service,No internet service,No internet service,One Year,No,Credit card,32.66,1870.46,Yes,0,Loyal (49m+),0,32.81508771929825,0,0,0,32.82
CUST-00586,Male,No,No,Yes,31,Yes,Yes,No,No internet service,No internet service,No internet service,No internet service,No internet service,No internet service,Month-To-Month,No,Mailed check,34.45,1075.63,Yes,0,Established (25-48m),0,34.697741935483876,0,0,0,34.7
CUST-00587,Female,No,Yes,No,8,Yes,Yes,Fiber optic,No,No,No,No,Yes,Yes,Two Year,Yes,Electronic check,97.32,770.66,No,0,New (0-12m),2,96.3325,0,1,0,96.33
CUST-00588,male,No,Yes,No,66,Yes,Yes,DSL,No,Yes,No,No,Yes,No,Month-To-Month,Yes,Bank transfer,70.36,4647.83,No,0,Loyal (49m+),2,70.42166666666667,0,1,0,70.42
CUST-00589,Female,No,No,No,19,Yes,No,DSL,Yes,No,No,No,Yes,No,Month-To-Month,Yes,Bank transfer,65.0,1232.87,No,0,Mid-term (13-24m),2,64.8878947368421,0,1,0,64.89
CUST-00590,Male,No,Yes,Yes,61,Yes,No,DSL,Yes,No,No,No,No,Yes,Two Year,Yes,Credit card,63.74,3884.86,Yes,0,Loyal (49m+),2,63.686229508196725,0,1,0,63.69
CUST-00591,Male,No,Yes,Yes,57,Yes,No,Fiber optic,Yes,Yes,No,Yes,No,No,Two Year,Yes,Electronic check,94.96,5412.24,No,0,Loyal (49m+),3,94.95157894736842,0,0,0,94.95
CUST-00592,Female,Yes,No,Yes,21,No,No phone service,No,No internet service,No internet service,No internet service,No internet service,No internet service,No internet service,Month-To-Month,No,Electronic check,21.62,459.35,No,0,Mid-term (13-24m),0,21.873809523809523,0,0,0,21.87
CUST-00593,Male,No,No,No,66,Yes,No,DSL,No,No,No,No,No,No,Two Year,Yes,Electronic check,54.19,3574.88,No,0,Loyal (49m+),0,54.164848484848484,0,0,0,54.16
CUST-00594,Female,No,No,Yes,47,Yes,No,Fiber optic,No,Yes,Yes,Yes,Yes,No,Two Year,Yes,Electronic check,100.32,4721.46,Yes,0,Established (25-48m),4,100.45659574468085,0,1,0,100.46
CUST-00595,Female,No,Yes,No,7,Yes,Yes,Fiber optic,No,No,Yes,No,No,No,One Year,No,Credit card,90.87,635.53,No,0,New (0-12m),1,90.78999999999999,0,0,0,90.79
CUST-00596,Female,No,Yes,No,72,Yes,Yes,DSL,Yes,No,No,No,Yes,No,Two Year,Yes,Electronic check,69.5,4995.21,No,0,Loyal (49m+),2,69.37791666666666,0,1,0,69.38
CUST-00597,Male,Yes,No,No,14,Yes,Yes,No,No internet service,No internet service,No internet service,No internet service,No internet service,No internet service,Month-To-Month,Yes,Credit card,33.92,477.49,Yes,0,Mid-term (13-24m),0,34.10642857142857,0,0,0,34.11
CUST-00598,F,No,Yes,No,31,No,No phone service,DSL,No,No,Yes,No,Yes,Yes,One Year,No,Bank transfer,58.28,1812.3,No,0,Established (25-48m),3,58.461290322580645,0,1,0,58.46
CUST-00599,Female,No,No,Yes,52,Yes,Yes,No,No internet service,No internet service,No internet service,No internet service,No internet service,No internet service,Two Year,No,Bank transfer,33.01,1712.84,Yes,0,Loyal (49m+),0,32.93923076923077,0,0,0,32.94
CUST-00600,Female,No,Yes,Yes,66,Yes,No,Fiber optic,No,No,No,No,No,No,Month-To-Month,Yes,Credit card,78.71,5189.3,No,0,Loyal (49m+),0,78.62575757575758,0,0,0,78.63
CUST-00601,Male,No,No,No,3,Yes,No,DSL,Yes,No,No,Yes,No,Yes,Month-To-Month,No,Electronic check,67.6,205.6,Yes,0,New (0-12m),3,68.53333333333333,1,1,0,68.53
CUST-00602,Female,No,Yes,Yes,29,Yes,Yes,DSL,No,No,No,No,No,No,Month-To-Month,Yes,Electronic check,61.3,1774.75,No,0,Established (25-48m),0,61.19827586206897,0,0,0,61.2
CUST-00603,Female,Yes,No,No,12,Yes,No,DSL,No,Yes,No,Yes,No,Yes,Two Year,Yes,Electronic check,68.06,824.84,No,0,New (0-12m),3,68.73666666666666,0,1,0,68.74
CUST-00604,Female,No,Yes,Yes,20,Yes,No,Fiber optic,No,No,No,No,Yes,No,One Year,Yes,Electronic check,86.99,1745.14,No,0,Mid-term (13-24m),1,87.257,0,1,0,87.26
CUST-00605,Male,No,Yes,Yes,40,Yes,Yes,No,No internet service,No internet service,No internet service,No internet service,No internet service,No internet service,Month-To-Month,No,Credit card,35.05,1401.22,No,0,Established (25-48m),0,35.0305,0,0,0,35.03
CUST-00606,Male,No,No,No,18,Yes,No,Fiber optic,Yes,No,Yes,No,Yes,No,Month-To-Month,Yes,Credit card,94.78,1715.55,Yes,0,Mid-term (13-24m),3,95.30833333333334,0,1,0,95.31
CUST-00607,Male,No,Yes,No,47,Yes,No,Fiber optic,No,No,No,Yes,Yes,No,Month-To-Month,No,Electronic check,87.82,4124.43,Yes,0,Established (25-48m),2,87.75382978723405,0,1,0,87.75
CUST-00608,Female,No,Yes,No,62,No,No phone service,Fiber optic,No,No,No,No,No,No,Month-To-Month,Yes,Credit card,68.17,4225.43,Yes,0,Loyal (49m+),0,68.15209677419355,0,0,0,68.15
CUST-00609,Female,No,No,No,19,Yes,Yes,Fiber optic,No,No,No,No,Yes,No,Month-To-Month,No,Bank transfer,91.78,1746.8,No,0,Mid-term (13-24m),1,91.93684210526315,0,1,0,91.94
CUST-00610,Female,No,Yes,Yes,63,Yes,No,DSL,Yes,No,No,No,Yes,No,Month-To-Month,No,Bank transfer,65.86,4149.42,Yes,0,Loyal (49m+),2,65.86380952380952,0,1,0,65.86
CUST-00611,Male,No,Yes,No,36,Yes,Yes,DSL,No,Yes,No,No,No,Yes,Two Year,Yes,Electronic check,67.97,2443.81,No,0,Established (25-48m),2,67.88361111111111,0,1,0,67.88
CUST-00612,Female,No,Yes,No,30,Yes,Yes,DSL,No,No,No,No,No,No,Month-To-Month,Yes,Bank transfer,60.91,1825.66,No,0,Established (25-48m),0,60.855333333333334,0,0,0,60.86
CUST-00613,Female,No,No,No,17,Yes,No,Fiber optic,No,Yes,Yes,No,Yes,No,Two Year,No,Electronic check,93.15,1590.82,No,0,Mid-term (13-24m),3,93.57764705882353,0,1,0,93.58
CUST-00614,Female,No,No,Yes,19,Yes,Yes,Fiber optic,Yes,No,No,No,No,No,Month-To-Month,Yes,Credit card,91.16,1726.0,Yes,0,Mid-term (13-24m),1,90.84210526315789,0,0,0,90.84
CUST-00615,Female,No,No,No,10,Yes,No,DSL,Yes,No,No,No,No,No,Two Year,Yes,Credit card,62.22,618.55,No,0,New (0-12m),1,61.855,0,0,0,61.86
CUST-00616,Male,Yes,No,Yes,43,No,No phone service,No,No internet service,No internet service,No internet service,No internet service,No internet service,No internet service,Month-To-Month,Yes,Electronic check,21.29,909.44,No,0,Established (25-48m),0,21.149767441860465,0,0,0,21.15
CUST-00617,Male,No,No,No,63,Yes,Yes,DSL,No,No,Yes,Yes,No,No,One Year,Yes,Electronic check,71.62,4512.3,No,0,Loyal (49m+),2,71.62380952380953,0,0,0,71.62
CUST-00618,Female,No,Yes,Yes,33,Yes,No,DSL,No,No,No,No,Yes,No,Month-To-Month,Yes,Mailed check,60.6,1993.02,No,0,Established (25-48m),1,60.39454545454545,0,1,0,60.39
CUST-00619,Male,No,Yes,No,64,Yes,Yes,Fiber optic,No,No,Yes,No,No,Yes,Month-To-Month,Yes,Bank transfer,92.52,5914.7,Yes,0,Loyal (49m+),2,92.4171875,0,1,0,92.42
CUST-00620,F,No,No,No,54,Yes,No,Fiber optic,Yes,No,No,No,Yes,No,Month-To-Month,No,Bank transfer,91.43,4943.91,No,0,Loyal (49m+),2,91.55388888888889,0,1,0,91.55
CUST-00621,Female,No,Yes,No,0,Yes,No,No,No internet service,No internet service,No internet service,No internet service,No internet service,No internet service,Month-To-Month,Yes,Bank transfer,29.52,0.0,No,0,New (0-12m),0,29.52,1,0,0,29.52
CUST-00622,Female,No,Yes,No,37,Yes,No,Fiber optic,No,No,No,Yes,Yes,Yes,One Year,Yes,Credit card,96.87,3577.96,No,0,Established (25-48m),3,96.70162162162163,0,1,0,96.7
CUST-00623,Male,No,Yes,Yes,8,Yes,No,DSL,No,Yes,No,No,No,No,Month-To-Month,No,Electronic check,60.36,480.61,No,0,New (0-12m),1,60.07625,0,0,0,60.08
CUST-00624,Female,No,Yes,Yes,70,Yes,No,No,No internet service,No internet service,No internet service,No internet service,No internet service,No internet service,Two Year,No,Bank transfer,28.46,2000.54,No,0,Loyal (49m+),0,28.579142857142855,0,0,0,28.58
CUST-00625,Male,No,No,Yes,16,Yes,Yes,No,No internet service,No internet service,No internet service,No internet service,No internet service,No internet service,Month-To-Month,Yes,Bank transfer,32.77,531.72,Yes,0,Mid-term (13-24m),0,33.2325,0,0,0,33.23
CUST-00626,Female,No,No,No,51,Yes,No,No,No internet service,No internet service,No internet service,No internet service,No internet service,No internet service,Two Year,Yes,Electronic check,30.28,1547.37,No,0,Loyal (49m+),0,30.340588235294117,0,0,0,30.34
CUST-00627,Male,No,Yes,Yes,17,Yes,No,No,No internet service,No internet service,No internet service,No internet service,No internet service,No internet service,Month-To-Month,Yes,Mailed check,30.33,511.29,Yes,0,Mid-term (13-24m),0,30.07588235294118,0,0,0,30.08
CUST-00628,Female,No,Yes,Yes,62,Yes,No,DSL,No,No,No,No,No,No,Month-To-Month,Yes,Credit card,56.8,3519.07,No,0,Loyal (49m+),0,56.7591935483871,0,0,0,56.76
CUST-00629,Male,Yes,No,No,32,Yes,No,No,No internet service,No internet service,No internet service,No internet service,No internet service,No internet service,Month-To-Month,No,Credit card,27.69,889.15,Yes,0,Established (25-48m),0,27.7859375,0,0,0,27.79
CUST-00630,Male,No,Yes,No,3,Yes,Yes,No,No internet service,No internet service,No internet service,No internet service,No internet service,No internet service,Two Year,No,Bank transfer,36.61,111.04,No,0,New (0-12m),0,37.013333333333335,1,0,0,37.01
CUST-00631,Male,No,Yes,Yes,51,Yes,Yes,Fiber optic,No,Yes,Yes,No,No,No,Month-To-Month,No,Credit card,94.53,4822.24,No,0,Loyal (49m+),2,94.55372549019607,0,0,0,94.55
CUST-00632,Female,No,Yes,No,8,Yes,Yes,Fiber optic,Yes,No,No,No,No,No,Month-To-Month,No,Electronic check,90.14,719.59,Yes,0,New (0-12m),1,89.94875,0,0,0,89.95
CUST-00633,Male,Yes,No,No,63,Yes,Yes,Fiber optic,No,Yes,Yes,No,No,Yes,Month-To-Month,Yes,Credit card,100.17,6302.51,Yes,0,Loyal (49m+),3,100.03984126984128,0,1,0,100.04
CUST-00634,Male,No,No,No,29,Yes,No,DSL,No,No,No,No,No,No,Month-To-Month,No,Electronic check,54.41,1570.32,No,0,Established (25-48m),0,54.14896551724138,0,0,0,54.15
CUST-00635,Female,No,Yes,No,7,No,No phone service,Fiber optic,No,No,No,Yes,Yes,No,One Year,No,Mailed check,78.43,555.72,Yes,0,New (0-12m),2,79.38857142857144,0,1,0,79.39
CUST-00636,F,No,Yes,Yes,4,Yes,No,No,No internet service,No internet service,No internet service,No internet service,No internet service,No internet service,Month-To-Month,Yes,Electronic check,27.89,119.24,No,0,New (0-12m),0,29.81,0,0,0,29.81
CUST-00637,Male,No,Yes,Yes,62,Yes,No,Fiber optic,No,No,No,No,No,No,One Year,Yes,Credit card,78.53,4876.73,Yes,0,Loyal (49m+),0,78.65693548387097,0,0,0,78.66
CUST-00638,Male,No,Yes,Yes,0,Yes,No,Fiber optic,No,No,Yes,No,No,Yes,One Year,Yes,Electronic check,91.07,0.0,No,0,New (0-12m),2,91.07,1,1,0,91.07
CUST-00639,Female,No,Yes,Yes,14,Yes,No,Fiber optic,No,No,Yes,No,No,No,Two Year,Yes,Electronic check,85.91,1211.45,No,0,Mid-term (13-24m),1,86.53214285714286,0,0,0,86.53
CUST-00640,Female,No,Yes,Yes,37,Yes,No,DSL,No,No,No,No,Yes,Yes,Month-To-Month,No,Mailed check,65.88,2444.31,No,0,Established (25-48m),2,66.06243243243243,0,1,0,66.06
CUST-00641,Female,No,No,No,41,Yes,No,Fiber optic,No,No,No,No,No,Yes,Month-To-Month,No,Electronic check,87.04,3566.32,No,0,Established (25-48m),1,86.98341463414634,0,1,0,86.98
CUST-00642,Female,Yes,No,Yes,45,Yes,No,Fiber optic,Yes,Yes,No,No,Yes,Yes,Two Year,No,Electronic check,99.78,4484.56,No,0,Established (25-48m),4,99.6568888888889,0,1,0,99.66
CUST-00643,Female,No,Yes,Yes,52,Yes,No,DSL,No,No,No,No,No,No,Month-To-Month,No,Bank transfer,56.3,2932.17,No,0,Loyal (49m+),0,56.387884615384614,0,0,0,56.39
CUST-00644,Male,No,No,No,25,Yes,Yes,No,No internet service,No internet service,No internet service,No internet service,No internet service,No internet service,Month-To-Month,No,Electronic check,35.84,900.51,No,0,Established (25-48m),0,36.0204,0,0,0,36.02
CUST-00645,Female,No,Yes,No,60,No,No phone service,No,No internet service,No internet service,No internet service,No internet service,No internet service,No internet service,Two Year,Yes,Electronic check,22.19,1339.2,No,0,Loyal (49m+),0,22.32,0,0,0,22.32
CUST-00646,Male,No,Yes,No,66,Yes,No,DSL,Yes,No,Yes,No,No,No,Month-To-Month,Yes,Electronic check,65.85,4337.11,No,0,Loyal (49m+),2,65.71378787878787,0,0,0,65.71
CUST-00647,Male,Yes,No,No,53,Yes,No,Fiber optic,No,No,No,No,Yes,Yes,Month-To-Month,No,Electronic check,88.4,4682.25,Yes,0,Loyal (49m+),2,88.34433962264151,0,1,0,88.34
CUST-00648,Male,No,No,No,21,Yes,Yes,Fiber optic,No,Yes,Yes,No,No,Yes,Month-To-Month,No,Mailed check,101.22,2116.32,No,0,Mid-term (13-24m),3,100.77714285714286,0,1,0,100.78
CUST-00649,Female,No,Yes,No,25,Yes,No,Fiber optic,No,Yes,Yes,Yes,No,Yes,Month-To-Month,No,Bank transfer,99.29,2476.46,No,0,Established (25-48m),4,99.0584,0,1,0,99.06
CUST-00650,Male,No,Yes,No,59,Yes,No,Fiber optic,Yes,Yes,No,Yes,No,Yes,Month-To-Month,Yes,Mailed check,98.77,5825.42,No,0,Loyal (49m+),4,98.73593220338984,0,1,0,98.74
CUST-00651,Male,No,No,Yes,38,Yes,No,Fiber optic,No,No,Yes,No,No,Yes,Month-To-Month,No,Electronic check,88.89,3370.28,No,0,Established (25-48m),2,88.69157894736843,0,1,0,88.69
CUST-00652,Female,No,No,No,35,Yes,No,DSL,Yes,Yes,No,No,Yes,No,Month-To-Month,No,Bank transfer,71.63,2513.5,No,0,Established (25-48m),3,71.81428571428572,0,1,0,71.81
CUST-00653,Male,No,Yes,No,20,Yes,No,DSL,No,No,Yes,Yes,No,No,Two Year,Yes,Mailed check,64.76,1289.26,No,0,Mid-term (13-24m),2,64.463,0,0,0,64.46
CUST-00654,Male,No,Yes,Yes,40,Yes,Yes,DSL,No,No,Yes,Yes,No,Yes,One Year,No,Mailed check,74.85,2992.23,Yes,0,Established (25-48m),3,74.80575,0,1,0,74.81
CUST-00655,Female,No,Yes,No,47,Yes,No,Fiber optic,Yes,No,Yes,No,No,No,One Year,Yes,Electronic check,87.55,4120.88,No,0,Established (25-48m),2,87.67829787234042,0,0,0,87.68
CUST-00656,Male,No,No,Yes,25,Yes,Yes,DSL,Yes,No,No,No,No,No,Month-To-Month,Yes,Electronic check,63.85,1588.58,No,0,Established (25-48m),1,63.5432,0,0,0,63.54
CUST-00657,Male,Yes,Yes,Yes,62,Yes,No,Fiber optic,No,No,No,Yes,No,Yes,Two Year,No,Electronic check,91.92,5701.43,No,0,Loyal (49m+),2,91.95854838709678,0,1,0,91.96
CUST-00658,Male,No,No,No,35,Yes,No,DSL,No,No,Yes,No,No,Yes,Two Year,Yes,Electronic check,64.99,2283.46,No,0,Established (25-48m),2,65.24171428571428,0,1,0,65.24
CUST-00659,Female,No,Yes,Yes,23,Yes,No,Fiber optic,No,Yes,Yes,No,No,No,Two Year,Yes,Electronic check,89.58,2059.43,No,0,Mid-term (13-24m),2,89.54043478260868,0,0,0,89.54
CUST-00660,Female,No,No,No,20,Yes,Yes,DSL,Yes,Yes,No,No,No,Yes,Two Year,No,Mailed check,72.87,1452.2,No,0,Mid-term (13-24m),3,72.61,0,1,0,72.61
CUST-00661,Female,No,No,No,17,Yes,Yes,DSL,No,No,No,No,No,No,Month-To-Month,No,Bank transfer,58.97,1011.35,No,0,Mid-term (13-24m),0,59.491176470588236,0,0,0,59.49
CUST-00662,Male,No,No,No,14,Yes,No,No,No internet service,No internet service,No internet service,No internet service,No internet service,No internet service,One Year,Yes,Credit card,28.16,385.32,No,0,Mid-term (13-24m),0,27.52285714285714,0,0,0,27.52
CUST-00663,Male,No,No,No,5,Yes,Yes,Fiber optic,Yes,No,No,No,No,No,One Year,No,Bank transfer,88.32,437.83,Yes,0,New (0-12m),1,87.566,0,0,0,87.57
CUST-00664,M,No,Yes,Yes,42,Yes,Yes,Fiber optic,No,No,No,No,No,No,Month-To-Month,Yes,Bank transfer,84.19,3542.33,Yes,0,Established (25-48m),0,84.34119047619048,0,0,0,84.34
CUST-00665,Male,No,No,No,30,Yes,Yes,Fiber optic,No,Yes,No,No,Yes,No,Month-To-Month,No,Mailed check,92.84,2778.28,No,0,Established (25-48m),2,92.60933333333334,0,1,0,92.61
CUST-00666,Male,No,No,No,27,No,No phone service,No,No internet service,No internet service,No internet service,No internet service,No internet service,No internet service,Month-To-Month,No,Electronic check,21.39,569.21,No,0,Established (25-48m),0,21.08185185185185,0,0,0,21.08
CUST-00667,Female,Yes,No,No,7,Yes,Yes,Fiber optic,Yes,No,Yes,No,No,Yes,Month-To-Month,Yes,Mailed check,100.61,703.43,Yes,0,New (0-12m),3,100.49,0,1,0,100.49
CUST-00668,Female,No,Yes,Yes,28,Yes,Yes,DSL,No,No,No,No,Yes,No,Month-To-Month,Yes,Mailed check,66.5,1858.64,No,0,Established (25-48m),1,66.38000000000001,0,1,0,66.38
CUST-00669,male,No,Yes,No,20,Yes,Yes,No,No internet service,No internet service,No internet service,No internet service,No internet service,No internet service,One Year,Yes,Bank transfer,34.24,690.74,Yes,0,Mid-term (13-24m),0,34.537,0,0,0,34.54
CUST-00670,Male,No,Yes,No,57,Yes,No,DSL,No,No,No,No,No,Yes,Month-To-Month,Yes,Credit card,58.61,3337.51,No,0,Loyal (49m+),1,58.55280701754386,0,1,0,58.55
CUST-00671,Male,No,Yes,Yes,59,Yes,Yes,No,No internet service,No internet service,No internet service,No internet service,No internet service,No internet service,Month-To-Month,No,Electronic check,35.45,2094.95,No,0,Loyal (49m+),0,35.507627118644066,0,0,0,35.51
CUST-00672,Female,No,Yes,Yes,49,Yes,Yes,Fiber optic,No,No,No,No,Yes,Yes,One Year,Yes,Electronic check,92.61,4539.09,No,0,Loyal (49m+),2,92.63448979591837,0,1,0,92.63
CUST-00673,Female,No,Yes,No,30,Yes,No,DSL,Yes,No,No,No,No,Yes,Month-To-Month,Yes,Mailed check,62.95,1890.44,No,0,Established (25-48m),2,63.01466666666667,0,1,0,63.01
CUST-00674,Female,No,No,No,46,Yes,No,No,No internet service,No internet service,No internet service,No internet service,No internet service,No internet service,Month-To-Month,No,Mailed check,31.21,1435.88,No,0,Established (25-48m),0,31.214782608695653,0,0,0,31.21
CUST-00675,Female,No,No,No,33,Yes,No,DSL,No,Yes,No,No,No,Yes,Month-To-Month,Yes,Electronic check,66.94,2201.73,No,0,Established (25-48m),2,66.71909090909091,0,1,0,66.72
CUST-00676,Male,No,No,No,1,Yes,Yes,DSL,No,Yes,No,No,No,Yes,Month-To-Month,Yes,Mailed check,68.53,59.77,No,0,New (0-12m),2,59.77,1,1,0,59.77
CUST-00677,Female,No,Yes,No,66,Yes,No,Fiber optic,Yes,Yes,No,No,Yes,Yes,Month-To-Month,Yes,Electronic check,101.45,6696.58,No,0,Loyal (49m+),4,101.46333333333334,0,1,0,101.46
CUST-00678,Female,Yes,No,Yes,71,Yes,No,Fiber optic,Yes,No,No,No,No,Yes,One Year,No,Bank transfer,89.42,6351.81,No,0,Loyal (49m+),2,89.46211267605635,0,1,0,89.46
CUST-00679,M,No,No,No,51,Yes,Yes,DSL,Yes,Yes,No,Yes,No,No,Month-To-Month,No,Electronic check,74.58,3808.09,No,0,Loyal (49m+),3,74.66843137254902,0,0,0,74.67
CUST-00680,Female,No,Yes,No,6,Yes,No,Fiber optic,Yes,No,No,No,No,Yes,Month-To-Month,No,Mailed check,91.92,555.96,No,0,New (0-12m),2,92.66000000000001,0,1,0,92.66
CUST-00681,Female,No,No,No,18,Yes,Yes,Fiber optic,No,Yes,No,No,No,Yes,One Year,Yes,Bank transfer,95.61,1725.79,No,0,Mid-term (13-24m),2,95.87722222222222,0,1,0,95.88
CUST-00682,Male,No,Yes,No,14,Yes,No,DSL,No,No,No,No,No,No,Two Year,Yes,Credit card,56.56,782.25,Yes,0,Mid-term (13-24m),0,55.875,0,0,0,55.88
CUST-00683,Male,No,No,No,47,Yes,No,Fiber optic,No,No,No,Yes,Yes,Yes,Month-To-Month,Yes,Credit card,96.38,4524.33,No,0,Established (25-48m),3,96.26234042553192,0,1,0,96.26
CUST-00684,Female,No,Yes,Yes,13,Yes,Yes,No,No internet service,No internet service,No internet service,No internet service,No internet service,No internet service,One Year,Yes,Mailed check,35.37,464.4,Yes,0,Mid-term (13-24m),0,35.723076923076924,0,0,0,35.72
CUST-00685,Male,No,Yes,No,2,Yes,Yes,No,No internet service,No internet service,No internet service,No internet service,No internet service,No internet service,Two Year,Yes,Mailed check,36.24,64.95,No,0,New (0-12m),0,32.475,1,0,0,32.48
CUST-00686,Female,No,Yes,Yes,49,Yes,Yes,DSL,No,No,Yes,No,No,Yes,Two Year,Yes,Mailed check,71.04,3474.69,No,0,Loyal (49m+),2,70.91204081632654,0,1,0,70.91
CUST-00687,Female,No,No,No,53,Yes,Yes,Fiber optic,No,No,No,No,Yes,No,Two Year,Yes,Electronic check,89.9,4767.89,No,0,Loyal (49m+),1,89.96018867924529,0,1,0,89.96
CUST-00688,Male,No,No,No,5,No,No phone service,No,No internet service,No internet service,No internet service,No internet service,No internet service,No internet service,One Year,No,Electronic check,19.8858,97.46,No,0,New (0-12m),0,19.491999999999997,0,0,0,19.49
CUST-00689,Male,No,Yes,No,48,Yes,No,No,No internet service,No internet service,No internet service,No internet service,No internet service,No internet service,Month-To-Month,Yes,Electronic check,28.83,1377.09,Yes,0,Established (25-48m),0,28.689375,0,0,0,28.69
CUST-00690,Female,No,Yes,Yes,22,Yes,Yes,DSL,No,No,No,No,No,Yes,Month-To-Month,Yes,Bank transfer,64.38,1417.38,Yes,0,Mid-term (13-24m),1,64.42636363636365,0,1,0,64.43
CUST-00691,Female,No,No,No,19,Yes,No,DSL,No,No,No,No,No,No,One Year,No,Mailed check,55.43,1046.8,No,0,Mid-term (13-24m),0,55.09473684210526,0,0,0,55.09
CUST-00692,Female,Yes,No,No,59,No,No phone service,DSL,No,No,No,No,No,No,Month-To-Month,Yes,Electronic check,43.99,2589.58,No,0,Loyal (49m+),0,43.89118644067796,0,0,0,43.89
CUST-00693,Male,Yes,Yes,No,44,Yes,No,Fiber optic,Yes,No,Yes,Yes,No,No,Month-To-Month,Yes,Bank transfer,93.53,4114.96,No,0,Established (25-48m),3,93.52181818181818,0,0,0,93.52
CUST-00694,Female,No,No,No,60,Yes,Yes,DSL,No,No,No,Yes,No,Yes,One Year,No,Bank transfer,67.68,4064.28,No,0,Loyal (49m+),2,67.738,0,1,0,67.74
CUST-00695,Female,No,No,No,55,No,No phone service,Fiber optic,No,No,No,Yes,No,No,Two Year,No,Bank transfer,73.56,4047.28,No,0,Loyal (49m+),1,73.58690909090909,0,0,0,73.59
CUST-00696,Female,No,No,No,1,Yes,Yes,DSL,No,Yes,No,No,Yes,Yes,Month-To-Month,Yes,Mailed check,75.2,67.05,Yes,0,New (0-12m),3,67.05,1,1,0,67.05
CUST-00697,Male,Yes,Yes,No,44,Yes,Yes,No,No internet service,No internet service,No internet service,No internet service,No internet service,No internet service,Month-To-Month,No,Electronic check,33.2,1456.51,No,0,Established (25-48m),0,33.1025,0,0,0,33.1
CUST-00698,Female,Yes,Yes,Yes,39,Yes,No,DSL,Yes,No,Yes,Yes,No,Yes,One Year,Yes,Electronic check,72.65,2842.11,Yes,0,Established (25-48m),4,72.87461538461538,0,1,0,72.87
CUST-00699,Female,No,No,No,23,Yes,Yes,Fiber optic,No,No,No,No,Yes,No,Month-To-Month,No,Credit card,87.87,2023.56,No,0,Mid-term (13-24m),1,87.98086956521739,0,1,0,87.98
CUST-00700,Male,No,Yes,No,28,Yes,Yes,Fiber optic,No,No,Yes,No,No,No,One Year,No,Electronic check,92.26,2586.44,No,0,Established (25-48m),1,92.37285714285714,0,0,0,92.37
CUST-00701,Female,No,No,No,66,Yes,No,Fiber optic,No,No,No,Yes,Yes,No,Month-To-Month,Yes,Mailed check,87.68,5781.1,No,0,Loyal (49m+),2,87.59242424242424,0,1,0,87.59
CUST-00702,Female,No,No,Yes,67,Yes,No,Fiber optic,Yes,No,No,No,No,Yes,Month-To-Month,No,Mailed check,89.86,6029.78,No,0,Loyal (49m+),2,89.99671641791045,0,1,0,90.0
CUST-00703,Male,No,Yes,Yes,65,No,No phone service,Fiber optic,No,No,No,No,Yes,No,One Year,No,Credit card,75.94,4930.23,No,0,Loyal (49m+),1,75.8496923076923,0,1,0,75.85
CUST-00704,Female,Yes,Yes,No,53,Yes,No,DSL,No,No,No,No,No,Yes,Month-To-Month,Yes,Electronic check,58.62,3101.88,No,0,Loyal (49m+),1,58.52603773584906,0,1,0,58.53
CUST-00705,male,No,Yes,Yes,52,Yes,No,DSL,No,No,No,No,Yes,No,Month-To-Month,No,Mailed check,62.32,3240.84,Yes,0,Loyal (49m+),1,62.323846153846155,0,1,0,62.32
CUST-00706,Male,No,No,No,48,Yes,Yes,Fiber optic,Yes,No,Yes,No,No,Yes,Month-To-Month,Yes,Electronic check,97.61,4685.2,Yes,0,Established (25-48m),3,97.60833333333333,0,1,0,97.61
CUST-00707,Female,Yes,No,No,31,Yes,Yes,DSL,No,No,Yes,Yes,No,No,Month-To-Month,Yes,Credit card,71.9,2219.55,No,0,Established (25-48m),2,71.5983870967742,0,0,0,71.6
CUST-00708,Female,No,Yes,Yes,60,Yes,Yes,DSL,No,Yes,No,No,No,Yes,One Year,No,Bank transfer,69.46,4172.48,No,0,Loyal (49m+),2,69.54133333333333,0,1,0,69.54
CUST-00709,Female,No,Yes,No,41,Yes,No,DSL,No,Yes,Yes,Yes,Yes,No,Month-To-Month,Yes,Electronic check,74.42,3043.15,No,0,Established (25-48m),4,74.22317073170731,0,1,0,74.22
CUST-00710,Female,No,Yes,Yes,0,No,No phone service,Fiber optic,Yes,No,No,No,Yes,No,Month-To-Month,Yes,Mailed check,79.86,0.0,No,0,New (0-12m),2,79.86,1,1,0,79.86
CUST-00711,Male,No,No,Yes,62,Yes,No,Fiber optic,Yes,No,Yes,No,Yes,Yes,Month-To-Month,No,Mailed check,102.36,6346.46,No,0,Loyal (49m+),4,102.36225806451613,0,1,0,102.36
CUST-00712,Female,No,No,Yes,34,No,No phone service,DSL,No,No,No,Yes,Yes,No,Month-To-Month,No,Electronic check,55.64,1882.72,No,0,Established (25-48m),2,55.374117647058824,0,1,0,55.37
CUST-00713,Male,No,No,No,50,No,No phone service,DSL,Yes,No,No,No,Yes,No,Two Year,No,Mailed check,56.89,2838.51,No,0,Loyal (49m+),2,56.7702,0,1,0,56.77
CUST-00714,F,No,Yes,No,70,No,No phone service,Fiber optic,No,Yes,No,No,Yes,Yes,Month-To-Month,Yes,Bank transfer,82.64,5782.62,No,0,Loyal (49m+),3,82.60885714285715,0,1,0,82.61
CUST-00715,Female,No,Yes,No,44,Yes,Yes,Fiber optic,Yes,No,No,Yes,Yes,No,Two Year,Yes,Mailed check,101.98,4489.18,No,0,Established (25-48m),3,102.02681818181819,0,1,0,102.03
CUST-00716,Female,No,No,No,64,Yes,No,Fiber optic,No,No,Yes,Yes,Yes,No,Month-To-Month,Yes,Bank transfer,93.57,5994.13,No,0,Loyal (49m+),3,93.65828125,0,1,0,93.66
CUST-00717,Male,No,Yes,No,13,Yes,No,No,No internet service,No internet service,No internet service,No internet service,No internet service,No internet service,Month-To-Month,Yes,Bank transfer,29.07,373.7,No,0,Mid-term (13-24m),0,28.746153846153845,0,0,0,28.75
CUST-00718,Female,No,Yes,No,2,Yes,Yes,Fiber optic,Yes,No,No,Yes,Yes,No,One Year,No,Bank transfer,97.87,195.16,No,0,New (0-12m),3,97.58,1,1,0,97.58
CUST-00719,Female,No,Yes,No,23,Yes,Yes,Fiber optic,Yes,No,No,No,No,No,Two Year,No,Mailed check,92.08,2126.92,No,0,Mid-term (13-24m),1,92.47478260869566,0,0,0,92.47
CUST-00720,Female,No,Yes,Yes,64,No,No phone service,Fiber optic,No,No,No,No,Yes,No,Two Year,Yes,Mailed check,75.13,4806.12,No,0,Loyal (49m+),1,75.095625,0,1,0,75.1
CUST-00721,Female,No,No,No,47,Yes,Yes,Fiber optic,No,No,Yes,No,No,Yes,Month-To-Month,Yes,Electronic check,92.95,4372.84,No,0,Established (25-48m),2,93.03914893617022,0,1,0,93.04
CUST-00722,F,No,Yes,No,9,Yes,Yes,DSL,Yes,No,Yes,No,Yes,No,Month-To-Month,No,Electronic check,74.49,665.84,Yes,0,New (0-12m),3,73.98222222222222,0,1,0,73.98
CUST-00723,Female,No,No,No,12,Yes,Yes,Fiber optic,No,No,Yes,No,Yes,No,Two Year,No,Credit card,94.41,1135.38,No,0,New (0-12m),2,94.61500000000001,0,1,0,94.62
CUST-00724,Male,No,No,Yes,72,Yes,Yes,Fiber optic,No,Yes,Yes,No,Yes,No,Month-To-Month,Yes,Credit card,97.75,7044.09,No,0,Loyal (49m+),3,97.83458333333334,0,1,0,97.83
CUST-00725,Male,No,Yes,Yes,13,Yes,Yes,Fiber optic,Yes,No,Yes,No,No,No,Two Year,No,Electronic check,94.24,1233.4,No,0,Mid-term (13-24m),2,94.87692307692308,0,0,0,94.88
CUST-00726,Male,Yes,No,Yes,9,Yes,Yes,DSL,Yes,No,Yes,No,No,No,One Year,Yes,Mailed check,68.96,629.39,No,0,New (0-12m),2,69.93222222222222,0,0,0,69.93
CUST-00727,Male,No,No,No,39,Yes,No,Fiber optic,No,Yes,No,No,Yes,No,Two Year,No,Credit card,92.1,3587.94,Yes,0,Established (25-48m),2,91.99846153846154,0,1,0,92.0
CUST-00728,Male,No,Yes,Yes,22,Yes,Yes,Fiber optic,No,No,Yes,Yes,Yes,Yes,Two Year,No,Electronic check,106.22660000000005,2337.68,No,0,Mid-term (13-24m),4,106.25818181818181,0,1,0,106.26
CUST-00729,Male,No,No,Yes,54,Yes,No,Fiber optic,Yes,No,No,No,No,No,Month-To-Month,No,Mailed check,83.3,4504.48,No,0,Loyal (49m+),1,83.4162962962963,0,0,0,83.42
CUST-00730,Female,No,No,No,62,Yes,No,DSL,No,No,No,No,No,No,One Year,Yes,Electronic check,57.16,3546.51,No,0,Loyal (49m+),0,57.20177419354839,0,0,0,57.2
CUST-00731,F,No,No,No,70,Yes,No,Fiber optic,Yes,Yes,No,No,No,No,Month-To-Month,Yes,Bank transfer,91.22,6383.69,No,0,Loyal (49m+),2,91.19557142857143,0,0,0,91.2
CUST-00732,Male,No,No,No,41,Yes,Yes,No,No internet service,No internet service,No internet service,No internet service,No internet service,No internet service,Month-To-Month,Yes,Credit card,34.95,1423.68,No,0,Established (25-48m),0,34.72390243902439,0,0,0,34.72
CUST-00733,Male,No,No,Yes,65,Yes,No,Fiber optic,No,Yes,Yes,Yes,No,No,Month-To-Month,No,Credit card,94.66,6149.05,No,0,Loyal (49m+),3,94.60076923076923,0,0,0,94.6
CUST-00734,Female,No,No,No,72,Yes,Yes,DSL,No,No,Yes,Yes,No,No,Month-To-Month,No,Mailed check,72.13,5185.59,No,0,Loyal (49m+),2,72.02208333333334,0,0,0,72.02
CUST-00735,Female,No,No,No,46,Yes,No,Fiber optic,No,Yes,No,No,Yes,No,One Year,No,Bank transfer,89.03,4095.22,No,0,Established (25-48m),2,89.02652173913043,0,1,0,89.03
CUST-00736,Male,No,No,No,51,No,No phone service,No,No internet service,No internet service,No internet service,No internet service,No internet service,No internet service,Two Year,No,Mailed check,19.8858,993.4,No,0,Loyal (49m+),0,19.478431372549018,0,0,0,19.48
CUST-00737,Female,No,Yes,No,17,Yes,No,Fiber optic,No,No,No,Yes,No,Yes,One Year,No,Electronic check,90.96,1542.57,No,0,Mid-term (13-24m),2,90.73941176470588,0,1,0,90.74
CUST-00738,Male,Yes,Yes,No,17,Yes,Yes,DSL,Yes,Yes,No,No,Yes,Yes,Month-To-Month,Yes,Electronic check,81.3,1379.25,No,0,Mid-term (13-24m),4,81.13235294117646,0,1,0,81.13
CUST-00739,Male,No,Yes,No,23,Yes,No,Fiber optic,No,No,No,No,Yes,Yes,Two Year,No,Credit card,89.14,2055.88,No,0,Mid-term (13-24m),2,89.38608695652174,0,1,0,89.39
CUST-00740,Female,No,No,Yes,22,Yes,No,Fiber optic,Yes,Yes,Yes,No,Yes,Yes,Month-To-Month,Yes,Electronic check,106.22660000000005,2355.54,No,0,Mid-term (13-24m),5,107.07,0,1,0,107.07
CUST-00741,Male,No,No,No,11,No,No phone service,Fiber optic,No,No,No,No,No,No,One Year,Yes,Mailed check,68.78,759.94,Yes,0,New (0-12m),0,69.08545454545455,0,0,0,69.09
CUST-00742,Female,No,No,Yes,22,Yes,No,Fiber optic,No,No,No,No,No,No,One Year,Yes,Mailed check,79.24,1737.05,No,0,Mid-term (13-24m),0,78.95681818181818,0,0,0,78.96
CUST-00743,Female,No,Yes,Yes,20,Yes,No,Fiber optic,No,Yes,No,Yes,Yes,Yes,Two Year,Yes,Credit card,98.48,1964.62,No,0,Mid-term (13-24m),4,98.231,0,1,0,98.23
CUST-00744,Male,No,Yes,No,63,Yes,No,DSL,Yes,No,Yes,No,No,No,Month-To-Month,No,Bank transfer,65.19,4109.67,No,0,Loyal (49m+),2,65.23285714285714,0,0,0,65.23
CUST-00745,Male,No,Yes,Yes,71,Yes,No,Fiber optic,Yes,Yes,No,No,Yes,No,Month-To-Month,Yes,Bank transfer,97.5,6914.74,No,0,Loyal (49m+),3,97.39070422535211,0,1,0,97.39
CUST-00746,Female,No,No,Yes,33,Yes,No,Fiber optic,No,Yes,No,Yes,No,Yes,Two Year,Yes,Mailed check,96.09,3164.48,No,0,Established (25-48m),3,95.89333333333333,0,1,0,95.89
CUST-00747,Male,No,Yes,Yes,1,Yes,No,Fiber optic,Yes,No,No,No,No,No,Two Year,No,Bank transfer,84.86,81.21,Yes,0,New (0-12m),1,81.21,1,0,0,81.21
CUST-00748,Male,No,Yes,No,68,Yes,Yes,DSL,Yes,Yes,No,Yes,Yes,No,Month-To-Month,No,Bank transfer,82.41,5597.49,No,0,Loyal (49m+),4,82.3160294117647,0,1,0,82.32
CUST-00749,Male,Yes,No,Yes,30,Yes,No,Fiber optic,No,Yes,No,No,No,Yes,Two Year,Yes,Credit card,87.75,2642.01,No,0,Established (25-48m),2,88.06700000000001,0,1,0,88.07
CUST-00750,Female,No,Yes,Yes,67,Yes,Yes,DSL,Yes,Yes,No,Yes,Yes,No,Month-To-Month,Yes,Mailed check,78.93,5283.43,No,0,Loyal (49m+),4,78.85716417910449,0,1,0,78.86
CUST-00751,Female,No,No,Yes,69,Yes,Yes,Fiber optic,No,No,No,No,Yes,Yes,One Year,Yes,Mailed check,96.69,6680.7,No,0,Loyal (49m+),2,96.82173913043478,0,1,0,96.82
CUST-00752,Male,No,Yes,Yes,18,No,No phone service,DSL,No,No,No,No,Yes,No,Two Year,No,Credit card,50.12,909.09,Yes,0,Mid-term (13-24m),1,50.505,0,1,0,50.5
CUST-00753,Female,No,No,No,71,Yes,Yes,DSL,Yes,Yes,Yes,No,No,Yes,Month-To-Month,No,Bank transfer,77.52,5500.57,No,0,Loyal (49m+),4,77.47281690140845,0,1,0,77.47
CUST-00754,Female,No,No,No,12,Yes,No,Fiber optic,No,Yes,No,No,No,Yes,Month-To-Month,Yes,Electronic check,89.78,1078.34,No,0,New (0-12m),2,89.86166666666666,0,1,0,89.86
CUST-00755,Female,No,No,Yes,64,Yes,No,No,No internet service,No internet service,No internet service,No internet service,No internet service,No internet service,Two Year,No,Electronic check,27.61,1763.8,Yes,0,Loyal (49m+),0,27.559375,0,0,0,27.56
CUST-00756,Female,No,No,No,5,Yes,Yes,No,No internet service,No internet service,No internet service,No internet service,No internet service,No internet service,Two Year,Yes,Credit card,35.37,180.91,No,0,New (0-12m),0,36.182,0,0,0,36.18
CUST-00757,Female,No,No,No,70,Yes,Yes,Fiber optic,No,No,No,No,No,No,Two Year,Yes,Mailed check,85.66,5993.44,No,0,Loyal (49m+),0,85.62057142857142,0,0,0,85.62
CUST-00758,Male,No,Yes,Yes,26,Yes,No,Fiber optic,No,No,Yes,No,No,No,Month-To-Month,Yes,Mailed check,83.51,2170.59,No,0,Established (25-48m),1,83.48423076923078,0,0,0,83.48
CUST-00759,Male,No,No,No,51,No,No phone service,DSL,Yes,Yes,Yes,No,Yes,Yes,One Year,Yes,Electronic check,72.43,3698.31,No,0,Loyal (49m+),5,72.51588235294118,0,1,0,72.52
CUST-00760,Male,Yes,No,No,47,Yes,No,DSL,Yes,No,Yes,No,Yes,Yes,Month-To-Month,No,Mailed check,76.67,3601.82,Yes,0,Established (25-48m),4,76.63446808510639,0,1,0,76.63
CUST-00761,Female,No,No,Yes,67,Yes,Yes,Fiber optic,No,No,Yes,No,No,No,Two Year,Yes,Bank transfer,89.82,6021.73,Yes,0,Loyal (49m+),1,89.8765671641791,0,0,0,89.88
CUST-00762,Female,No,No,Yes,43,Yes,Yes,No,No internet service,No internet service,No internet service,No internet service,No internet service,No internet service,Month-To-Month,Yes,Mailed check,34.05,1461.55,No,0,Established (25-48m),0,33.98953488372093,0,0,0,33.99
CUST-00763,Male,No,Yes,No,16,No,No phone service,No,No internet service,No internet service,No internet service,No internet service,No internet service,No internet service,Month-To-Month,Yes,Electronic check,19.8858,278.95,No,0,Mid-term (13-24m),0,17.434375,0,0,0,17.43
CUST-00764,Female,No,No,No,37,Yes,No,No,No internet service,No internet service,No internet service,No internet service,No internet service,No internet service,Month-To-Month,Yes,Electronic check,30.97,1142.32,No,0,Established (25-48m),0,30.87351351351351,0,0,0,30.87
CUST-00765,Male,No,Yes,No,9,Yes,Yes,No,No internet service,No internet service,No internet service,No internet service,No internet service,No internet service,Two Year,Yes,Credit card,33.81,314.08,Yes,0,New (0-12m),0,34.897777777777776,0,0,0,34.9
CUST-00766,Male,No,No,No,53,Yes,Yes,DSL,No,No,No,Yes,Yes,Yes,One Year,Yes,Credit card,74.47,3947.01,No,0,Loyal (49m+),3,74.47188679245284,0,1,0,74.47
CUST-00767,Male,No,No,Yes,5,Yes,No,No,No internet service,No internet service,No internet service,No internet service,No internet service,No internet service,One Year,Yes,Electronic check,29.64,142.64,No,0,New (0-12m),0,28.528,0,0,0,28.53
CUST-00768,Female,No,Yes,Yes,5,Yes,No,Fiber optic,No,No,No,No,No,Yes,Month-To-Month,Yes,Bank transfer,86.77,435.19,No,0,New (0-12m),1,87.038,0,1,0,87.04
CUST-00769,Female,No,Yes,Yes,51,Yes,No,No,No internet service,No internet service,No internet service,No internet service,No internet service,No internet service,One Year,No,Mailed check,31.76,1619.14,No,0,Loyal (49m+),0,31.747843137254904,0,0,0,31.75
CUST-00770,Male,No,Yes,Yes,14,No,No phone service,Fiber optic,No,No,Yes,No,No,Yes,Month-To-Month,No,Credit card,81.38,1144.9,No,0,Mid-term (13-24m),2,81.77857142857144,0,1,0,81.78
CUST-00771,Male,No,No,Yes,67,Yes,No,Fiber optic,No,No,No,Yes,Yes,No,Month-To-Month,Yes,Bank transfer,91.33,6127.83,No,0,Loyal (49m+),2,91.46014925373134,0,1,0,91.46
CUST-00772,Male,No,Yes,No,56,Yes,Yes,DSL,No,No,No,No,No,Yes,One Year,Yes,Credit card,64.97,3630.53,No,0,Loyal (49m+),1,64.83089285714286,0,1,0,64.83
CUST-00773,Male,No,No,No,55,Yes,Yes,DSL,No,Yes,No,No,No,No,Two Year,No,Electronic check,66.46,3664.92,Yes,0,Loyal (49m+),1,66.63490909090909,0,0,0,66.63
CUST-00774,Female,No,Yes,Yes,6,Yes,No,Fiber optic,No,No,No,Yes,No,No,Month-To-Month,Yes,Mailed check,86.79,514.04,Yes,0,New (0-12m),1,85.67333333333333,0,0,0,85.67
CUST-00775,Female,No,Yes,Yes,50,Yes,Yes,No,No internet service,No internet service,No internet service,No internet service,No internet service,No internet service,Month-To-Month,Yes,Bank transfer,34.99,1744.97,Yes,0,Loyal (49m+),0,34.8994,0,0,0,34.9
CUST-00776,Male,No,No,Yes,57,Yes,No,DSL,No,No,No,Yes,Yes,No,One Year,No,Mailed check,67.0,3824.51,Yes,0,Loyal (49m+),2,67.09666666666666,0,1,0,67.1
CUST-00777,Male,No,Yes,No,63,Yes,Yes,DSL,No,Yes,No,No,Yes,No,Two Year,No,Mailed check,72.45,4557.46,No,0,Loyal (49m+),2,72.34063492063493,0,1,0,72.34
CUST-00778,Female,No,Yes,No,25,Yes,No,DSL,Yes,No,Yes,Yes,Yes,No,Month-To-Month,Yes,Bank transfer,73.38,1840.85,No,0,Established (25-48m),4,73.634,0,1,0,73.63
CUST-00779,Female,No,No,No,57,Yes,No,DSL,No,No,No,Yes,No,Yes,Two Year,Yes,Mailed check,67.4,3845.27,No,0,Loyal (49m+),2,67.46087719298245,0,1,0,67.46
CUST-00780,M,No,No,Yes,30,Yes,Yes,DSL,Yes,Yes,Yes,No,Yes,No,Two Year,Yes,Bank transfer,78.73,2368.01,No,0,Established (25-48m),4,78.93366666666667,0,1,0,78.93
CUST-00781,Male,No,No,Yes,65,Yes,No,DSL,No,Yes,No,Yes,No,No,Month-To-Month,No,Electronic check,67.17,4367.32,No,0,Loyal (49m+),2,67.18953846153846,0,0,0,67.19
CUST-00782,Male,No,Yes,Yes,12,Yes,No,DSL,No,No,No,No,No,Yes,Month-To-Month,Yes,Bank transfer,61.76,750.8,No,0,New (0-12m),1,62.56666666666666,0,1,0,62.57
CUST-00783,Female,Yes,Yes,Yes,17,Yes,No,No,No internet service,No internet service,No internet service,No internet service,No internet service,No internet service,One Year,Yes,Electronic check,32.08,547.22,No,0,Mid-term (13-24m),0,32.18941176470588,0,0,0,32.19
CUST-00784,Female,Yes,Yes,Yes,12,No,No phone service,No,No internet service,No internet service,No internet service,No internet service,No internet service,No internet service,Two Year,Yes,Credit card,19.8858,235.63,Yes,0,New (0-12m),0,19.635833333333334,0,0,0,19.64
CUST-00785,Female,No,Yes,No,23,Yes,Yes,DSL,No,Yes,Yes,No,Yes,No,One Year,Yes,Electronic check,73.26,1694.31,No,0,Mid-term (13-24m),3,73.66565217391305,0,1,0,73.67
CUST-00786,Male,No,Yes,Yes,56,Yes,No,No,No internet service,No internet service,No internet service,No internet service,No internet service,No internet service,Month-To-Month,Yes,Bank transfer,28.61,1593.63,No,0,Loyal (49m+),0,28.457678571428573,0,0,0,28.46
CUST-00787,Male,No,No,No,28,Yes,Yes,DSL,No,Yes,No,No,Yes,Yes,Month-To-Month,Yes,Mailed check,74.02,2072.85,No,0,Established (25-48m),3,74.03035714285714,0,1,0,74.03
CUST-00788,Female,No,Yes,No,55,Yes,Yes,Fiber optic,No,Yes,No,Yes,No,No,Month-To-Month,Yes,Electronic check,93.75,5158.89,No,0,Loyal (49m+),2,93.798,0,0,0,93.8
CUST-00789,Female,Yes,No,No,53,Yes,No,Fiber optic,No,No,No,Yes,No,Yes,One Year,No,Electronic check,92.34,4890.93,No,0,Loyal (49m+),2,92.28169811320755,0,1,0,92.28
CUST-00790,Male,No,Yes,No,4,Yes,Yes,DSL,No,Yes,No,Yes,No,Yes,Month-To-Month,Yes,Credit card,73.28,284.96,No,0,New (0-12m),3,71.24,0,1,0,71.24
CUST-00791,Female,No,No,No,34,Yes,No,DSL,No,No,Yes,No,No,No,Month-To-Month,No,Electronic check,60.93,2069.82,No,0,Established (25-48m),1,60.87705882352942,0,0,0,60.88
CUST-00792,Female,Yes,Yes,Yes,18,Yes,No,No,No internet service,No internet service,No internet service,No internet service,No internet service,No internet service,Month-To-Month,Yes,Electronic check,30.06,547.29,No,0,Mid-term (13-24m),0,30.404999999999998,0,0,0,30.4
CUST-00793,Male,No,Yes,Yes,54,Yes,No,DSL,No,Yes,No,No,No,No,Month-To-Month,No,Mailed check,57.67,3115.6,No,0,Loyal (49m+),1,57.696296296296296,0,0,0,57.7
CUST-00794,Female,No,No,Yes,68,Yes,No,DSL,No,Yes,No,No,Yes,No,Month-To-Month,No,Electronic check,63.56,4327.24,Yes,0,Loyal (49m+),2,63.635882352941174,0,1,0,63.64
CUST-00795,male,Yes,Yes,No,43,Yes,Yes,No,No internet service,No internet service,No internet service,No internet service,No internet service,No internet service,Month-To-Month,Yes,Credit card,37.17,1602.66,No,0,Established (25-48m),0,37.27116279069767,0,0,0,37.27
CUST-00796,Male,No,No,No,37,Yes,No,DSL,No,No,No,No,Yes,Yes,Two Year,No,Mailed check,66.58,2459.19,No,0,Established (25-48m),2,66.4645945945946,0,1,0,66.46
CUST-00797,Male,No,Yes,No,61,Yes,Yes,Fiber optic,Yes,No,Yes,No,No,No,Month-To-Month,Yes,Bank transfer,95.43,5816.3,No,0,Loyal (49m+),2,95.34918032786885,0,0,0,95.35
CUST-00798,Male,No,Yes,No,21,Yes,Yes,No,No internet service,No internet service,No internet service,No internet service,No internet service,No internet service,One Year,No,Electronic check,32.88,696.3,Yes,0,Mid-term (13-24m),0,33.15714285714286,0,0,0,33.16
CUST-00799,Male,No,No,No,72,Yes,Yes,No,No internet service,No internet service,No internet service,No internet service,No internet service,No internet service,Month-To-Month,Yes,Electronic check,33.19,2383.08,Yes,0,Loyal (49m+),0,33.09833333333333,0,0,0,33.1
CUST-00800,Male,No,Yes,No,39,Yes,No,No,No internet service,No internet service,No internet service,No internet service,No internet service,No internet service,Month-To-Month,Yes,Electronic check,31.15,1216.16,No,0,Established (25-48m),0,31.183589743589746,0,0,0,31.18
CUST-00801,Male,No,No,Yes,25,Yes,No,Fiber optic,No,No,Yes,No,No,Yes,Month-To-Month,Yes,Mailed check,91.29,2291.38,Yes,0,Established (25-48m),2,91.65520000000001,0,1,0,91.66
CUST-00802,Female,Yes,Yes,No,4,Yes,No,DSL,No,No,Yes,No,Yes,Yes,Month-To-Month,Yes,Mailed check,72.29,289.67,No,0,New (0-12m),3,72.4175,0,1,0,72.42
CUST-00803,Male,No,Yes,No,53,Yes,No,Fiber optic,No,No,Yes,No,No,No,Month-To-Month,No,Electronic check,83.53,4433.22,Yes,0,Loyal (49m+),1,83.6456603773585,0,0,0,83.65
CUST-00804,Male,No,Yes,Yes,48,Yes,No,Fiber optic,No,Yes,Yes,No,No,No,Two Year,Yes,Credit card,90.75,4351.12,No,0,Established (25-48m),2,90.64833333333333,0,0,0,90.65
CUST-00805,Female,No,Yes,No,2,Yes,No,Fiber optic,Yes,Yes,Yes,Yes,No,No,Month-To-Month,Yes,Mailed check,99.65,190.46,No,0,New (0-12m),4,95.23,1,0,0,95.23
CUST-00806,Female,No,Yes,Yes,37,No,No phone service,No,No internet service,No internet service,No internet service,No internet service,No internet service,No internet service,Month-To-Month,No,Electronic check,19.8858,665.56,Yes,0,Established (25-48m),0,17.988108108108108,0,0,0,17.99
CUST-00807,Female,No,Yes,Yes,13,Yes,Yes,No,No internet service,No internet service,No internet service,No internet service,No internet service,No internet service,Two Year,No,Electronic check,34.18,445.84,No,0,Mid-term (13-24m),0,34.29538461538461,0,0,0,34.3
CUST-00808,Male,No,Yes,Yes,46,Yes,Yes,Fiber optic,No,No,Yes,No,Yes,No,Month-To-Month,No,Electronic check,94.34,4342.44,No,0,Established (25-48m),2,94.40086956521738,0,1,0,94.4
CUST-00809,Female,No,No,No,13,No,No phone service,DSL,No,Yes,Yes,Yes,Yes,No,One Year,No,Electronic check,64.77,842.73,No,0,Mid-term (13-24m),4,64.82538461538462,0,1,0,64.83
CUST-00810,Male,No,Yes,Yes,72,Yes,No,DSL,No,No,No,No,No,Yes,Month-To-Month,Yes,Mailed check,58.97,4244.5,Yes,0,Loyal (49m+),1,58.951388888888886,0,1,0,58.95
CUST-00811,Male,No,Yes,Yes,37,Yes,Yes,Fiber optic,No,No,No,No,No,Yes,Month-To-Month,Yes,Credit card,90.26,3349.33,No,0,Established (25-48m),1,90.52243243243242,0,1,0,90.52
CUST-00812,Male,No,Yes,No,63,Yes,No,DSL,Yes,No,No,No,No,Yes,One Year,Yes,Credit card,65.53,4132.16,No,0,Loyal (49m+),2,65.58984126984127,0,1,0,65.59
CUST-00813,Male,No,No,Yes,43,No,No phone service,DSL,Yes,No,No,No,Yes,Yes,Two Year,No,Credit card,59.56,2570.16,No,0,Established (25-48m),3,59.77116279069767,0,1,0,59.77
CUST-00814,Female,No,No,No,69,Yes,Yes,Fiber optic,No,No,Yes,No,No,Yes,Month-To-Month,Yes,Electronic check,94.37,6505.06,No,0,Loyal (49m+),2,94.27623188405798,0,1,0,94.28
CUST-00815,Female,No,Yes,No,64,Yes,No,Fiber optic,No,No,No,No,Yes,Yes,Month-To-Month,Yes,Electronic check,90.78,5819.91,No,0,Loyal (49m+),2,90.93609375,0,1,0,90.94
CUST-00816,Male,No,Yes,Yes,24,No,No phone service,Fiber optic,No,No,No,Yes,No,No,Month-To-Month,Yes,Credit card,72.77,1750.54,No,0,Mid-term (13-24m),1,72.93916666666667,0,0,0,72.94
CUST-00817,Male,No,Yes,No,15,Yes,Yes,DSL,No,No,No,Yes,No,Yes,Month-To-Month,Yes,Bank transfer,71.83,1086.89,Yes,0,Mid-term (13-24m),2,72.45933333333333,0,1,0,72.46
CUST-00818,Male,No,No,No,14,Yes,Yes,DSL,No,No,No,Yes,No,No,Two Year,Yes,Electronic check,67.37,945.3,No,0,Mid-term (13-24m),1,67.52142857142857,0,0,0,67.52
CUST-00819,Female,No,Yes,Yes,2,Yes,No,DSL,Yes,No,No,No,No,No,Month-To-Month,No,Electronic check,57.78,108.64,No,0,New (0-12m),1,54.32,1,0,0,54.32
CUST-00820,Male,No,No,Yes,66,Yes,Yes,Fiber optic,No,No,No,No,No,No,Two Year,Yes,Mailed check,86.05,5676.26,No,0,Loyal (49m+),0,86.00393939393939,0,0,0,86.0
CUST-00821,Male,No,Yes,Yes,36,Yes,No,Fiber optic,No,No,Yes,No,No,No,Month-To-Month,Yes,Bank transfer,83.76,3006.42,Yes,0,Established (25-48m),1,83.51166666666667,0,0,0,83.51
CUST-00822,Female,No,No,Yes,54,Yes,No,Fiber optic,No,No,No,Yes,No,Yes,Two Year,No,Credit card,89.65,4834.13,No,0,Loyal (49m+),2,89.52092592592592,0,1,0,89.52
CUST-00823,Female,No,No,No,37,Yes,No,DSL,Yes,No,No,No,No,Yes,Month-To-Month,No,Electronic check,63.85,2372.42,No,0,Established (25-48m),2,64.11945945945946,0,1,0,64.12
CUST-00824,Male,No,Yes,Yes,62,Yes,No,DSL,Yes,Yes,Yes,No,No,No,Two Year,Yes,Electronic check,68.57,4259.66,Yes,0,Loyal (49m+),3,68.7041935483871,0,0,0,68.7
CUST-00825,Female,No,Yes,Yes,0,Yes,Yes,No,No internet service,No internet service,No internet service,No internet service,No internet service,No internet service,Month-To-Month,No,Electronic check,34.7,0.0,Yes,0,New (0-12m),0,34.7,1,0,0,34.7
CUST-00826,Female,No,Yes,Yes,70,Yes,No,DSL,No,Yes,Yes,Yes,No,No,Month-To-Month,No,Electronic check,69.36,4845.24,No,0,Loyal (49m+),3,69.21771428571428,0,0,0,69.22
CUST-00827,Male,No,Yes,No,18,Yes,No,Fiber optic,Yes,No,Yes,No,No,Yes,One Year,Yes,Mailed check,94.63,1702.35,No,0,Mid-term (13-24m),3,94.57499999999999,0,1,0,94.57
CUST-00828,Female,No,Yes,No,51,Yes,Yes,DSL,No,Yes,Yes,No,Yes,Yes,Month-To-Month,No,Bank transfer,81.54,4164.18,No,0,Loyal (49m+),4,81.65058823529412,0,1,0,81.65
CUST-00829,Male,No,Yes,No,29,Yes,Yes,DSL,No,No,No,No,Yes,Yes,Two Year,No,Electronic check,72.39,2093.84,No,0,Established (25-48m),2,72.20137931034483,0,1,0,72.2
CUST-00830,male,No,Yes,No,54,Yes,Yes,DSL,No,No,No,No,Yes,Yes,One Year,Yes,Bank transfer,68.22,3682.28,No,0,Loyal (49m+),2,68.19037037037037,0,1,0,68.19
CUST-00831,Male,No,No,No,13,No,No phone service,No,No internet service,No internet service,No internet service,No internet service,No internet service,No internet service,Two Year,Yes,Electronic check,21.22,269.96,No,0,Mid-term (13-24m),0,20.766153846153845,0,0,0,20.77
CUST-00832,Male,No,Yes,Yes,12,No,No phone service,DSL,Yes,No,No,No,No,Yes,Month-To-Month,Yes,Bank transfer,55.25,666.85,No,0,New (0-12m),2,55.57083333333333,0,1,0,55.57
CUST-00833,Male,No,Yes,No,26,Yes,Yes,No,No internet service,No internet service,No internet service,No internet service,No internet service,No internet service,One Year,No,Bank transfer,34.37,897.7,No,0,Established (25-48m),0,34.526923076923076,0,0,0,34.53
CUST-00834,Female,No,No,No,8,Yes,No,No,No internet service,No internet service,No internet service,No internet service,No internet service,No internet service,Two Year,Yes,Electronic check,30.8,242.05,No,0,New (0-12m),0,30.25625,0,0,0,30.26
CUST-00835,male,Yes,Yes,No,40,Yes,Yes,Fiber optic,No,No,No,Yes,No,No,Month-To-Month,No,Bank transfer,91.91,3675.95,No,0,Established (25-48m),1,91.89874999999999,0,0,0,91.9
CUST-00836,Female,No,Yes,Yes,47,Yes,Yes,Fiber optic,No,No,No,No,No,No,Month-To-Month,Yes,Mailed check,85.71,4027.4,No,0,Established (25-48m),0,85.68936170212766,0,0,0,85.69
CUST-00837,Male,Yes,Yes,Yes,11,No,No phone service,No,No internet service,No internet service,No internet service,No internet service,No internet service,No internet service,Two Year,Yes,Electronic check,21.02,236.78,No,0,New (0-12m),0,21.525454545454547,0,0,0,21.53
CUST-00838,Male,No,Yes,No,9,Yes,Yes,Fiber optic,No,No,Yes,Yes,Yes,No,Month-To-Month,Yes,Electronic check,98.24,887.66,Yes,0,New (0-12m),3,98.62888888888888,0,1,0,98.63
CUST-00839,Female,No,No,Yes,5,Yes,No,Fiber optic,No,Yes,No,No,No,No,Month-To-Month,Yes,Electronic check,86.06,421.66,No,0,New (0-12m),1,84.33200000000001,0,0,0,84.33
CUST-00840,Male,No,No,No,33,Yes,No,Fiber optic,No,No,No,No,No,No,Month-To-Month,No,Bank transfer,82.43,2713.21,No,0,Established (25-48m),0,82.21848484848485,0,0,0,82.22
CUST-00841,Male,Yes,Yes,Yes,51,Yes,No,DSL,No,Yes,Yes,No,No,Yes,Two Year,No,Electronic check,72.3,3694.1,No,0,Loyal (49m+),3,72.43333333333334,0,1,0,72.43
CUST-00842,Female,No,Yes,Yes,40,Yes,Yes,DSL,No,No,Yes,Yes,No,Yes,Two Year,Yes,Bank transfer,74.55,2991.31,Yes,0,Established (25-48m),3,74.78275,0,1,0,74.78
CUST-00843,Male,No,No,No,5,Yes,Yes,No,No internet service,No internet service,No internet service,No internet service,No internet service,No internet service,Two Year,Yes,Credit card,36.91,187.28,Yes,0,New (0-12m),0,37.456,0,0,0,37.46
CUST-00844,Male,No,Yes,Yes,1,Yes,Yes,Fiber optic,No,Yes,No,Yes,No,Yes,One Year,No,Mailed check,100.46,97.76,No,0,New (0-12m),3,97.76,1,1,0,97.76
CUST-00845,Male,No,No,No,14,Yes,No,Fiber optic,Yes,No,No,No,No,No,Month-To-Month,No,Electronic check,83.09,1157.68,No,0,Mid-term (13-24m),1,82.69142857142857,0,0,0,82.69
CUST-00846,Male,No,No,No,16,Yes,Yes,Fiber optic,Yes,No,No,No,No,Yes,Month-To-Month,No,Electronic check,97.39,1563.11,No,0,Mid-term (13-24m),2,97.694375,0,1,0,97.69
CUST-00847,Female,No,No,No,15,Yes,No,No,No internet service,No internet service,No internet service,No internet service,No internet service,No internet service,Month-To-Month,Yes,Electronic check,30.57,461.32,No,0,Mid-term (13-24m),0,30.754666666666665,0,0,0,30.75
CUST-00848,Female,No,Yes,Yes,27,Yes,No,Fiber optic,Yes,Yes,No,No,No,No,Month-To-Month,No,Electronic check,88.03,2384.99,Yes,0,Established (25-48m),2,88.33296296296295,0,0,0,88.33
CUST-00849,Male,No,Yes,Yes,71,No,No phone service,Fiber optic,No,No,No,No,No,Yes,Month-To-Month,No,Bank transfer,75.36,5358.62,No,0,Loyal (49m+),1,75.47352112676056,0,1,0,75.47
CUST-00850,Female,No,Yes,No,9,Yes,Yes,Fiber optic,No,No,No,No,No,No,Month-To-Month,Yes,Electronic check,86.11,771.13,No,0,New (0-12m),0,85.68111111111111,0,0,0,85.68
CUST-00851,Male,No,No,No,9,Yes,Yes,DSL,Yes,No,No,No,No,No,Two Year,Yes,Bank transfer,63.69,579.27,No,0,New (0-12m),1,64.36333333333333,0,0,0,64.36
CUST-00852,Female,No,Yes,Yes,9,Yes,No,DSL,No,Yes,No,No,Yes,No,One Year,Yes,Electronic check,65.91,588.26,Yes,0,New (0-12m),2,65.36222222222221,0,1,0,65.36
CUST-00853,Male,Yes,Yes,No,72,Yes,Yes,No,No internet service,No internet service,No internet service,No internet service,No internet service,No internet service,Month-To-Month,No,Electronic check,37.33,2693.4,No,0,Loyal (49m+),0,37.40833333333333,0,0,0,37.41
CUST-00854,Male,No,No,Yes,27,Yes,Yes,No,No internet service,No internet service,No internet service,No internet service,No internet service,No internet service,Two Year,Yes,Electronic check,33.66,902.18,No,0,Established (25-48m),0,33.41407407407407,0,0,0,33.41
CUST-00855,Male,No,Yes,Yes,23,Yes,Yes,Fiber optic,No,No,No,Yes,Yes,No,One Year,Yes,Electronic check,94.95,2180.8,No,0,Mid-term (13-24m),2,94.81739130434784,0,1,0,94.82
CUST-00856,Male,No,Yes,No,18,Yes,Yes,Fiber optic,Yes,No,No,Yes,No,No,Month-To-Month,Yes,Electronic check,94.07,1684.98,No,0,Mid-term (13-24m),2,93.61,0,0,0,93.61
CUST-00857,Male,No,Yes,No,67,Yes,Yes,No,No internet service,No internet service,No internet service,No internet service,No internet service,No internet service,Month-To-Month,Yes,Bank transfer,34.44,2303.4,Yes,0,Loyal (49m+),0,34.37910447761194,0,0,0,34.38
CUST-00858,Male,No,No,No,55,Yes,No,Fiber optic,Yes,No,No,No,Yes,Yes,Month-To-Month,Yes,Bank transfer,96.69,5314.31,No,0,Loyal (49m+),3,96.6238181818182,0,1,0,96.62
CUST-00859,Female,No,Yes,Yes,66,Yes,Yes,DSL,No,No,Yes,No,No,Yes,Month-To-Month,No,Electronic check,71.62,4730.29,No,0,Loyal (49m+),2,71.6710606060606,0,1,0,71.67
CUST-00860,Male,No,No,No,41,Yes,No,Fiber optic,No,No,No,Yes,Yes,Yes,Month-To-Month,Yes,Bank transfer,92.54,3798.45,No,0,Established (25-48m),3,92.64512195121951,0,1,0,92.65
CUST-00861,Female,No,No,No,11,Yes,No,DSL,No,No,No,No,Yes,No,Two Year,Yes,Electronic check,58.11,640.97,No,0,New (0-12m),1,58.27,0,1,0,58.27
CUST-00862,Male,No,No,No,17,Yes,Yes,No,No internet service,No internet service,No internet service,No internet service,No internet service,No internet service,Month-To-Month,Yes,Electronic check,34.25,587.65,No,0,Mid-term (13-24m),0,34.567647058823525,0,0,0,34.57
CUST-00863,Female,No,Yes,Yes,22,Yes,No,Fiber optic,No,Yes,No,No,Yes,No,Month-To-Month,Yes,Credit card,89.02,1957.47,No,0,Mid-term (13-24m),2,88.9759090909091,0,1,0,88.98
CUST-00864,Female,No,Yes,No,5,No,No phone service,DSL,No,No,No,Yes,Yes,No,One Year,Yes,Credit card,52.97,267.41,No,0,New (0-12m),2,53.482000000000006,0,1,0,53.48
CUST-00865,M,Yes,Yes,Yes,52,Yes,Yes,No,No internet service,No internet service,No internet service,No internet service,No internet service,No internet service,One Year,Yes,Credit card,35.94,1866.07,No,0,Loyal (49m+),0,35.88596153846154,0,0,0,35.89
CUST-00866,Male,No,No,No,41,Yes,No,No,No internet service,No internet service,No internet service,No internet service,No internet service,No internet service,Month-To-Month,Yes,Electronic check,30.71,1259.54,No,0,Established (25-48m),0,30.720487804878047,0,0,0,30.72
CUST-00867,Male,No,No,Yes,65,Yes,No,DSL,Yes,No,Yes,No,No,No,Month-To-Month,No,Credit card,63.74,4135.92,No,0,Loyal (49m+),2,63.62953846153846,0,0,0,63.63
CUST-00868,Female,No,Yes,Yes,29,Yes,No,Fiber optic,No,No,Yes,No,Yes,Yes,Two Year,Yes,Bank transfer,94.31,2737.21,Yes,0,Established (25-48m),3,94.38655172413793,0,1,0,94.39
CUST-00869,Male,No,No,No,8,Yes,No,Fiber optic,No,No,Yes,Yes,Yes,No,Month-To-Month,No,Mailed check,94.94,753.62,No,0,New (0-12m),3,94.2025,0,1,0,94.2
CUST-00870,Female,No,Yes,No,41,Yes,Yes,Fiber optic,Yes,Yes,Yes,Yes,No,No,Two Year,Yes,Credit card,102.73,4211.15,No,0,Established (25-48m),4,102.71097560975609,0,0,0,102.71
CUST-00871,Male,No,Yes,No,33,Yes,No,Fiber optic,No,Yes,Yes,No,Yes,Yes,Month-To-Month,Yes,Credit card,98.27,3246.22,No,0,Established (25-48m),4,98.37030303030302,0,1,0,98.37
CUST-00872,Female,No,Yes,No,39,Yes,Yes,Fiber optic,Yes,Yes,No,Yes,Yes,No,Month-To-Month,No,Bank transfer,105.73,4122.03,Yes,0,Established (25-48m),4,105.69307692307692,0,1,0,105.69
CUST-00873,Female,No,Yes,No,16,No,No phone service,No,No internet service,No internet service,No internet service,No internet service,No internet service,No internet service,Month-To-Month,Yes,Credit card,19.93,313.34,No,0,Mid-term (13-24m),0,19.58375,0,0,0,19.58
CUST-00874,Male,No,Yes,Yes,28,Yes,No,Fiber optic,No,No,No,Yes,Yes,Yes,Two Year,No,Mailed check,95.5,2677.32,No,0,Established (25-48m),3,95.61857142857143,0,1,0,95.62
CUST-00875,Female,No,Yes,Yes,49,Yes,Yes,DSL,Yes,Yes,Yes,Yes,No,No,Two Year,Yes,Bank transfer,82.37,4043.18,No,0,Loyal (49m+),4,82.5138775510204,0,0,0,82.51
CUST-00876,Male,No,Yes,No,48,Yes,No,DSL,Yes,Yes,No,Yes,Yes,Yes,Month-To-Month,Yes,Electronic check,81.28,3901.45,No,0,Established (25-48m),5,81.28020833333333,0,1,0,81.28
CUST-00877,Female,No,No,Yes,72,Yes,No,DSL,No,No,No,No,No,No,Month-To-Month,Yes,Credit card,57.34,4129.63,No,0,Loyal (49m+),0,57.35597222222222,0,0,0,57.36
CUST-00878,Female,No,Yes,No,60,Yes,Yes,Fiber optic,No,Yes,No,No,No,No,Month-To-Month,No,Mailed check,90.45,5424.82,No,0,Loyal (49m+),1,90.41366666666666,0,0,0,90.41
CUST-00879,Male,No,No,Yes,45,Yes,Yes,DSL,Yes,No,No,Yes,No,No,Two Year,No,Credit card,67.51,3039.61,No,0,Established (25-48m),2,67.54688888888889,0,0,0,67.55
CUST-00880,Male,No,No,Yes,45,Yes,Yes,No,No internet service,No internet service,No internet service,No internet service,No internet service,No internet service,Month-To-Month,Yes,Mailed check,32.97,1483.56,No,0,Established (25-48m),0,32.967999999999996,0,0,0,32.97
CUST-00881,Male,No,Yes,No,16,Yes,Yes,No,No internet service,No internet service,No internet service,No internet service,No internet service,No internet service,Month-To-Month,Yes,Bank transfer,35.98,580.61,No,0,Mid-term (13-24m),0,36.288125,0,0,0,36.29
CUST-00882,Female,No,No,No,65,Yes,Yes,No,No internet service,No internet service,No internet service,No internet service,No internet service,No internet service,Month-To-Month,Yes,Mailed check,34.03,2206.76,Yes,0,Loyal (49m+),0,33.95015384615385,0,0,0,33.95
CUST-00883,Male,No,No,No,4,Yes,Yes,No,No internet service,No internet service,No internet service,No internet service,No internet service,No internet service,Month-To-Month,No,Mailed check,34.57,138.0,No,0,New (0-12m),0,34.5,0,0,0,34.5
CUST-00884,Female,No,No,Yes,53,Yes,Yes,DSL,No,Yes,No,No,No,No,Two Year,Yes,Bank transfer,65.88,3487.96,No,0,Loyal (49m+),1,65.81056603773585,0,0,0,65.81
CUST-00885,Female,No,Yes,No,15,Yes,Yes,Fiber optic,Yes,Yes,Yes,No,Yes,No,One Year,Yes,Electronic check,104.17,1554.44,No,0,Mid-term (13-24m),4,103.62933333333334,0,1,0,103.63
CUST-00886,Male,Yes,Yes,No,6,Yes,No,DSL,No,No,No,No,No,Yes,Month-To-Month,Yes,Mailed check,61.87,368.95,No,0,New (0-12m),1,61.49166666666667,0,1,0,61.49
CUST-00887,Male,No,Yes,No,7,No,No phone service,DSL,Yes,Yes,No,Yes,Yes,No,Month-To-Month,No,Mailed check,64.44,460.14,Yes,0,New (0-12m),4,65.73428571428572,0,1,0,65.73
CUST-00888,Female,No,Yes,No,71,Yes,No,No,No internet service,No internet service,No internet service,No internet service,No internet service,No internet service,Month-To-Month,Yes,Electronic check,27.72,1967.33,No,0,Loyal (49m+),0,27.70887323943662,0,0,0,27.71
CUST-00889,Female,No,Yes,No,37,Yes,No,Fiber optic,Yes,No,Yes,Yes,No,No,Month-To-Month,No,Electronic check,97.42,3605.45,No,0,Established (25-48m),3,97.44459459459459,0,0,0,97.44
CUST-00890,Male,No,No,No,53,Yes,No,DSL,No,No,No,No,Yes,No,Two Year,No,Electronic check,59.95,3182.19,No,0,Loyal (49m+),1,60.041320754716985,0,1,0,60.04
CUST-00891,Male,No,No,Yes,14,Yes,Yes,DSL,No,No,No,Yes,Yes,Yes,Month-To-Month,Yes,Electronic check,74.25,1049.2,No,0,Mid-term (13-24m),3,74.94285714285715,0,1,0,74.94
CUST-00892,Male,Yes,Yes,Yes,49,No,No phone service,Fiber optic,No,Yes,No,No,No,Yes,Month-To-Month,Yes,Credit card,82.0,4016.24,No,0,Loyal (49m+),2,81.96408163265306,0,1,0,81.96
CUST-00893,Male,Yes,No,Yes,55,Yes,No,DSL,No,No,No,No,No,No,Month-To-Month,No,Credit card,56.8,3124.35,Yes,0,Loyal (49m+),0,56.806363636363635,0,0,0,56.81
CUST-00894,Male,No,No,Yes,8,Yes,Yes,DSL,No,No,No,No,Yes,No,One Year,Yes,Bank transfer,62.69,510.89,No,0,New (0-12m),1,63.86125,0,1,0,63.86
CUST-00895,Female,Yes,No,No,7,Yes,Yes,Fiber optic,No,No,No,No,Yes,No,One Year,Yes,Electronic check,91.54,639.36,Yes,0,New (0-12m),1,91.33714285714287,0,1,0,91.34
CUST-00896,F,Yes,No,No,18,Yes,Yes,No,No internet service,No internet service,No internet service,No internet service,No internet service,No internet service,Two Year,No,Bank transfer,34.95,634.91,No,0,Mid-term (13-24m),0,35.272777777777776,0,0,0,35.27
CUST-00897,Female,No,Yes,Yes,50,Yes,Yes,No,No internet service,No internet service,No internet service,No internet service,No internet service,No internet service,One Year,No,Mailed check,35.87,1792.38,Yes,0,Loyal (49m+),0,35.8476,0,0,0,35.85
CUST-00898,Female,No,Yes,Yes,71,Yes,No,Fiber optic,No,Yes,Yes,No,Yes,No,Two Year,No,Bank transfer,93.23,6613.88,No,0,Loyal (49m+),3,93.15323943661971,0,1,0,93.15
CUST-00899,Male,No,Yes,Yes,56,Yes,Yes,DSL,Yes,Yes,No,No,No,No,One Year,No,Mailed check,70.84,3975.77,No,0,Loyal (49m+),2,70.99589285714286,0,0,0,71.0
CUST-00900,Male,No,No,No,67,Yes,No,No,No internet service,No internet service,No internet service,No internet service,No internet service,No internet service,Month-To-Month,Yes,Electronic check,28.65,1923.79,Yes,0,Loyal (49m+),0,28.713283582089552,0,0,0,28.71
CUST-00901,M,No,No,No,30,Yes,Yes,Fiber optic,No,Yes,No,No,Yes,No,Month-To-Month,Yes,Bank transfer,93.09,2799.97,Yes,0,Established (25-48m),2,93.33233333333332,0,1,0,93.33
CUST-00902,F,No,Yes,No,2,Yes,No,Fiber optic,No,No,No,No,No,No,Two Year,Yes,Electronic check,78.17,148.66,No,0,New (0-12m),0,74.33,1,0,0,74.33
CUST-00903,Female,Yes,Yes,Yes,42,Yes,No,No,No internet service,No internet service,No internet service,No internet service,No internet service,No internet service,Two Year,Yes,Credit card,29.0,1222.1,No,0,Established (25-48m),0,29.097619047619045,0,0,0,29.1
CUST-00904,Male,No,No,Yes,28,Yes,Yes,Fiber optic,No,No,No,No,No,Yes,One Year,Yes,Bank transfer,92.46,2591.69,No,0,Established (25-48m),1,92.56035714285714,0,1,0,92.56
CUST-00905,Male,No,Yes,Yes,9,No,No phone service,DSL,No,No,Yes,No,No,No,One Year,Yes,Mailed check,47.77,429.61,No,0,New (0-12m),1,47.73444444444445,0,0,0,47.73
CUST-00906,Female,No,Yes,Yes,11,Yes,No,No,No internet service,No internet service,No internet service,No internet service,No internet service,No internet service,Month-To-Month,No,Bank transfer,29.15,313.49,No,0,New (0-12m),0,28.49909090909091,0,0,0,28.5
CUST-00907,Female,Yes,No,Yes,45,Yes,No,Fiber optic,Yes,No,Yes,Yes,No,No,Month-To-Month,No,Mailed check,95.13,4279.15,No,0,Established (25-48m),3,95.09222222222222,0,0,0,95.09
CUST-00908,Male,Yes,No,No,29,Yes,Yes,Fiber optic,No,No,No,No,Yes,No,Two Year,No,Electronic check,88.53,2569.72,No,0,Established (25-48m),1,88.61103448275861,0,1,0,88.61
CUST-00909,Male,No,Yes,No,31,Yes,Yes,Fiber optic,No,No,No,Yes,No,Yes,Two Year,Yes,Mailed check,97.31,3020.16,No,0,Established (25-48m),2,97.42451612903226,0,1,0,97.42
CUST-00910,Female,No,No,No,72,Yes,Yes,DSL,No,Yes,Yes,No,No,Yes,Month-To-Month,No,Electronic check,74.8,5377.94,No,0,Loyal (49m+),3,74.69361111111111,0,1,0,74.69
CUST-00911,Male,No,Yes,No,46,Yes,Yes,DSL,Yes,No,No,Yes,No,No,Month-To-Month,Yes,Electronic check,70.96,3263.04,No,0,Established (25-48m),2,70.93565217391304,0,0,0,70.94
CUST-00912,Male,No,No,No,62,Yes,No,DSL,No,No,No,Yes,No,Yes,Month-To-Month,Yes,Electronic check,64.3,3985.11,No,0,Loyal (49m+),2,64.27596774193549,0,1,0,64.28
CUST-00913,Male,No,No,Yes,25,Yes,Yes,DSL,No,No,No,No,Yes,Yes,Month-To-Month,No,Electronic check,68.47,1717.47,No,0,Established (25-48m),2,68.6988,0,1,0,68.7
CUST-00914,Female,No,Yes,No,2,Yes,Yes,DSL,No,No,Yes,No,No,Yes,Month-To-Month,Yes,Electronic check,69.02,128.86,Yes,0,New (0-12m),2,64.43,1,1,0,64.43
CUST-00915,male,No,No,Yes,22,Yes,Yes,Fiber optic,No,No,No,No,Yes,No,One Year,No,Electronic check,88.9,1961.51,No,0,Mid-term (13-24m),1,89.15954545454545,0,1,0,89.16
CUST-00916,Female,No,Yes,No,49,Yes,No,No,No internet service,No internet service,No internet service,No internet service,No internet service,No internet service,Month-To-Month,Yes,Electronic check,31.74,1560.93,No,0,Loyal (49m+),0,31.85571428571429,0,0,0,31.86
CUST-00917,Female,No,No,Yes,35,Yes,Yes,No,No internet service,No internet service,No internet service,No internet service,No internet service,No internet service,Two Year,Yes,Mailed check,32.57,1143.89,No,0,Established (25-48m),0,32.68257142857143,0,0,0,32.68
CUST-00918,Female,No,Yes,Yes,12,Yes,No,DSL,No,No,No,No,No,No,One Year,Yes,Mailed check,56.97,691.64,No,0,New (0-12m),0,57.63666666666666,0,0,0,57.64
CUST-00919,Female,No,No,Yes,28,Yes,Yes,No,No internet service,No internet service,No internet service,No internet service,No internet service,No internet service,Two Year,No,Electronic check,34.46,964.18,No,0,Established (25-48m),0,34.434999999999995,0,0,0,34.43
CUST-00920,Female,No,No,Yes,37,Yes,No,Fiber optic,Yes,No,Yes,Yes,No,No,Two Year,Yes,Credit card,95.58,3528.38,No,0,Established (25-48m),3,95.36162162162162,0,0,0,95.36
CUST-00921,Male,No,Yes,Yes,4,Yes,No,Fiber optic,No,No,No,Yes,No,No,One Year,No,Bank transfer,86.53,342.75,No,0,New (0-12m),1,85.6875,0,0,0,85.69
CUST-00922,Male,No,No,Yes,19,No,No phone service,DSL,No,No,Yes,No,No,Yes,Two Year,No,Credit card,54.8,1043.42,No,0,Mid-term (13-24m),2,54.916842105263164,0,1,0,54.92
CUST-00923,Male,No,Yes,No,13,Yes,No,Fiber optic,No,Yes,No,No,No,Yes,Month-To-Month,No,Mailed check,87.96,1139.94,Yes,0,Mid-term (13-24m),2,87.68769230769232,0,1,0,87.69
CUST-00924,Male,No,No,Yes,7,Yes,No,No,No internet service,No internet service,No internet service,No internet service,No internet service,No internet service,Two Year,Yes,Bank transfer,30.21,214.13,Yes,0,New (0-12m),0,30.59,0,0,0,30.59
CUST-00925,Male,No,No,Yes,47,Yes,Yes,Fiber optic,No,No,No,No,No,No,Month-To-Month,Yes,Credit card,83.11,3897.04,No,0,Established (25-48m),0,82.91574468085106,0,0,0,82.92
CUST-00926,Male,No,Yes,No,12,Yes,No,DSL,Yes,Yes,No,Yes,No,No,Two Year,No,Electronic check,71.62,850.85,No,0,New (0-12m),3,70.90416666666667,0,0,0,70.9
CUST-00927,Male,No,No,Yes,23,Yes,Yes,DSL,No,No,No,No,No,No,Month-To-Month,No,Mailed check,60.74,1387.23,No,0,Mid-term (13-24m),0,60.31434782608696,0,0,0,60.31
CUST-00928,Female,No,No,No,64,Yes,Yes,DSL,No,No,No,No,No,Yes,Month-To-Month,No,Mailed check,65.46,4198.96,No,0,Loyal (49m+),1,65.60875,0,1,0,65.61
CUST-00929,Female,Yes,Yes,No,33,Yes,Yes,Fiber optic,No,Yes,Yes,Yes,No,No,Month-To-Month,Yes,Credit card,97.5,3212.73,No,0,Established (25-48m),3,97.35545454545455,0,0,0,97.36
CUST-00930,Male,No,No,Yes,50,Yes,No,No,No internet service,No internet service,No internet service,No internet service,No internet service,No internet service,One Year,Yes,Electronic check,32.3,1620.91,No,0,Loyal (49m+),0,32.4182,0,0,0,32.42
CUST-00931,Male,No,Yes,Yes,2,Yes,No,Fiber optic,No,No,Yes,No,Yes,Yes,Month-To-Month,Yes,Bank transfer,93.15,194.04,No,0,New (0-12m),3,97.02,1,1,0,97.02
CUST-00932,Female,Yes,Yes,No,57,Yes,No,No,No internet service,No internet service,No internet service,No internet service,No internet service,No internet service,One Year,No,Electronic check,28.42,1613.09,No,0,Loyal (49m+),0,28.299824561403508,0,0,0,28.3
CUST-00933,Male,No,Yes,Yes,71,Yes,No,No,No internet service,No internet service,No internet service,No internet service,No internet service,No internet service,Two Year,Yes,Credit card,32.43,2296.51,No,0,Loyal (49m+),0,32.345211267605634,0,0,0,32.35
CUST-00934,Male,No,No,No,54,No,No phone service,DSL,No,Yes,No,No,Yes,Yes,Month-To-Month,No,Mailed check,57.95,3126.95,No,0,Loyal (49m+),3,57.90648148148148,0,1,0,57.91
CUST-00935,Female,No,No,Yes,41,Yes,No,DSL,No,Yes,No,No,No,No,One Year,No,Credit card,61.21,2509.69,No,0,Established (25-48m),1,61.211951219512194,0,0,0,61.21
CUST-00936,Male,No,Yes,No,20,Yes,Yes,Fiber optic,No,Yes,No,Yes,Yes,No,Month-To-Month,Yes,Credit card,97.97,1960.09,Yes,0,Mid-term (13-24m),3,98.0045,0,1,0,98.0
CUST-00937,F,No,No,Yes,9,Yes,No,DSL,Yes,Yes,No,No,No,Yes,Month-To-Month,Yes,Mailed check,71.16,638.15,Yes,0,New (0-12m),3,70.90555555555555,0,1,0,70.91
CUST-00938,Male,No,Yes,Yes,56,Yes,No,Fiber optic,No,Yes,No,No,No,No,One Year,No,Bank transfer,86.95,4870.92,No,0,Loyal (49m+),1,86.98071428571428,0,0,0,86.98
CUST-00939,Female,Yes,No,No,24,Yes,No,DSL,No,No,No,Yes,Yes,No,Month-To-Month,Yes,Bank transfer,64.25,1546.72,Yes,0,Mid-term (13-24m),2,64.44666666666667,0,1,0,64.45
CUST-00940,Female,Yes,Yes,No,55,Yes,Yes,Fiber optic,No,Yes,Yes,Yes,Yes,No,Two Year,Yes,Mailed check,104.06,5727.3,No,0,Loyal (49m+),4,104.13272727272728,0,1,0,104.13
CUST-00941,Female,No,Yes,No,37,Yes,Yes,Fiber optic,No,No,No,Yes,No,No,One Year,Yes,Mailed check,92.16,3400.52,No,0,Established (25-48m),1,91.90594594594594,0,0,0,91.91
CUST-00942,Male,No,No,No,60,Yes,Yes,Fiber optic,No,No,No,No,No,Yes,Two Year,Yes,Electronic check,87.87,5274.07,No,0,Loyal (49m+),1,87.90116666666667,0,1,0,87.9
CUST-00943,Female,No,Yes,Yes,46,Yes,Yes,Fiber optic,Yes,Yes,No,No,No,Yes,One Year,No,Electronic check,99.24,4569.29,No,0,Established (25-48m),3,99.33239130434782,0,1,0,99.33
CUST-00944,Male,Yes,Yes,No,53,Yes,No,No,No internet service,No internet service,No internet service,No internet service,No internet service,No internet service,Two Year,Yes,Credit card,30.76,1624.29,Yes,0,Loyal (49m+),0,30.64698113207547,0,0,0,30.65
CUST-00945,Male,Yes,No,No,45,Yes,No,DSL,No,Yes,No,No,No,Yes,Month-To-Month,Yes,Electronic check,65.94,2969.37,Yes,0,Established (25-48m),2,65.986,0,1,0,65.99
CUST-00946,Male,No,Yes,Yes,67,Yes,No,Fiber optic,Yes,Yes,Yes,Yes,No,No,Month-To-Month,No,Bank transfer,99.77,6676.81,No,0,Loyal (49m+),4,99.65388059701493,0,0,0,99.65
CUST-00947,Male,No,Yes,No,3,Yes,No,DSL,Yes,No,No,Yes,Yes,No,Month-To-Month,Yes,Electronic check,71.77,218.61,Yes,0,New (0-12m),3,72.87,1,1,0,72.87
CUST-00948,Female,No,No,No,65,Yes,Yes,DSL,No,Yes,No,No,No,No,Two Year,Yes,Electronic check,66.74,4340.51,Yes,0,Loyal (49m+),1,66.77707692307693,0,0,0,66.78
CUST-00949,Female,No,Yes,Yes,42,Yes,Yes,DSL,No,Yes,No,No,Yes,No,Month-To-Month,No,Electronic check,71.59,3001.6,No,0,Established (25-48m),2,71.46666666666667,0,1,0,71.47
CUST-00950,Male,No,Yes,No,61,Yes,Yes,Fiber optic,No,Yes,No,No,Yes,Yes,Two Year,No,Mailed check,98.35,6006.86,No,0,Loyal (49m+),3,98.47311475409836,0,1,0,98.47
CUST-00951,Male,No,Yes,Yes,3,Yes,No,Fiber optic,No,No,No,No,No,No,Month-To-Month,Yes,Electronic check,80.73,248.32,No,0,New (0-12m),0,82.77333333333333,1,0,0,82.77
CUST-00952,Female,No,Yes,No,64,Yes,No,DSL,Yes,No,Yes,No,No,Yes,Month-To-Month,Yes,Bank transfer,71.75,4596.78,No,0,Loyal (49m+),3,71.8246875,0,1,0,71.82
CUST-00953,F,No,Yes,Yes,61,Yes,No,Fiber optic,Yes,Yes,Yes,No,No,No,Month-To-Month,No,Mailed check,92.97,5670.36,No,0,Loyal (49m+),3,92.9567213114754,0,0,0,92.96
CUST-00954,Female,No,Yes,No,1,Yes,No,DSL,Yes,No,No,Yes,No,Yes,One Year,No,Bank transfer,68.72,63.26,No,0,New (0-12m),3,63.26,1,1,0,63.26
CUST-00955,Male,Yes,Yes,No,8,Yes,No,Fiber optic,No,No,Yes,No,Yes,Yes,Two Year,Yes,Mailed check,97.39,784.76,Yes,0,New (0-12m),3,98.095,0,1,0,98.1
CUST-00956,Male,No,Yes,Yes,56,Yes,No,Fiber optic,No,Yes,No,No,Yes,Yes,Month-To-Month,Yes,Credit card,94.81,5303.65,Yes,0,Loyal (49m+),3,94.70803571428571,0,1,0,94.71
CUST-00957,Female,No,No,Yes,44,Yes,No,Fiber optic,No,No,No,No,No,Yes,One Year,Yes,Bank transfer,85.15,3746.34,No,0,Established (25-48m),1,85.1440909090909,0,1,0,85.14
CUST-00958,Male,No,Yes,No,17,Yes,Yes,Fiber optic,Yes,Yes,No,No,No,Yes,Month-To-Month,No,Electronic check,99.25,1684.82,No,0,Mid-term (13-24m),3,99.10705882352941,0,1,0,99.11
CUST-00959,Female,No,Yes,No,47,Yes,Yes,Fiber optic,Yes,Yes,Yes,Yes,No,Yes,One Year,Yes,Electronic check,106.22660000000005,5138.66,No,0,Established (25-48m),5,109.3331914893617,0,1,0,109.33
CUST-00960,Male,No,No,Yes,41,Yes,No,DSL,No,No,No,Yes,No,No,Month-To-Month,No,Electronic check,61.97,2543.06,No,0,Established (25-48m),1,62.02585365853658,0,0,0,62.03
CUST-00961,Male,No,Yes,Yes,40,Yes,No,DSL,No,No,No,No,No,Yes,Month-To-Month,Yes,Mailed check,58.55,2351.64,No,0,Established (25-48m),1,58.791,0,1,0,58.79
CUST-00962,Male,No,Yes,Yes,57,Yes,No,Fiber optic,No,No,No,No,No,No,One Year,No,Mailed check,78.9,4496.83,No,0,Loyal (49m+),0,78.89175438596492,0,0,0,78.89
CUST-00963,male,No,Yes,Yes,41,Yes,No,Fiber optic,No,No,No,No,Yes,No,One Year,No,Credit card,85.0,3484.99,No,0,Established (25-48m),1,84.99975609756098,0,1,0,85.0
CUST-00964,Male,No,Yes,Yes,34,Yes,Yes,No,No internet service,No internet service,No internet service,No internet service,No internet service,No internet service,Month-To-Month,Yes,Mailed check,34.05,1155.15,No,0,Established (25-48m),0,33.975,0,0,0,33.98
CUST-00965,Male,No,Yes,Yes,37,Yes,Yes,No,No internet service,No internet service,No internet service,No internet service,No internet service,No internet service,Month-To-Month,Yes,Bank transfer,36.96,1362.09,Yes,0,Established (25-48m),0,36.81324324324324,0,0,0,36.81
CUST-00966,male,No,Yes,Yes,66,Yes,No,No,No internet service,No internet service,No internet service,No internet service,No internet service,No internet service,One Year,Yes,Electronic check,30.66,2019.21,No,0,Loyal (49m+),0,30.59409090909091,0,0,0,30.59
CUST-00967,Male,No,No,Yes,40,Yes,Yes,No,No internet service,No internet service,No internet service,No internet service,No internet service,No internet service,Month-To-Month,Yes,Electronic check,35.02,1408.32,No,0,Established (25-48m),0,35.208,0,0,0,35.21
CUST-00968,F,No,No,Yes,49,Yes,Yes,Fiber optic,Yes,Yes,No,No,No,No,Two Year,Yes,Credit card,95.52,4689.44,No,0,Loyal (49m+),2,95.70285714285714,0,0,0,95.7
CUST-00969,Female,No,No,No,71,Yes,No,DSL,No,Yes,No,Yes,Yes,No,Two Year,Yes,Electronic check,67.6,4806.12,No,0,Loyal (49m+),3,67.69183098591549,0,1,0,67.69
CUST-00970,Male,No,No,Yes,44,Yes,Yes,DSL,No,Yes,No,Yes,Yes,No,Two Year,No,Electronic check,76.21,3343.77,No,0,Established (25-48m),3,75.99477272727273,0,1,0,75.99
CUST-00971,Female,No,No,Yes,70,Yes,No,No,No internet service,No internet service,No internet service,No internet service,No internet service,No internet service,Month-To-Month,No,Electronic check,29.18,2044.76,Yes,0,Loyal (49m+),0,29.210857142857144,0,0,0,29.21
CUST-00972,Male,No,Yes,No,18,Yes,No,DSL,Yes,Yes,No,No,No,No,Month-To-Month,No,Credit card,65.54,1180.71,No,0,Mid-term (13-24m),2,65.595,0,0,0,65.6
CUST-00973,Male,No,Yes,No,16,Yes,No,DSL,Yes,No,Yes,No,No,Yes,Month-To-Month,Yes,Bank transfer,71.66,1152.06,No,0,Mid-term (13-24m),3,72.00375,0,1,0,72.0
CUST-00974,Male,No,Yes,No,64,Yes,No,Fiber optic,Yes,Yes,No,No,Yes,Yes,Month-To-Month,Yes,Bank transfer,99.23,6356.33,Yes,0,Loyal (49m+),4,99.31765625,0,1,0,99.32
CUST-00975,Female,No,Yes,No,55,Yes,Yes,DSL,No,Yes,No,No,No,No,One Year,Yes,Credit card,62.68,3446.16,No,0,Loyal (49m+),1,62.65745454545454,0,0,0,62.66
CUST-00976,Female,No,Yes,No,40,No,No phone service,Fiber optic,No,Yes,Yes,Yes,No,Yes,Two Year,Yes,Electronic check,87.5,3495.75,No,0,Established (25-48m),4,87.39375,0,1,0,87.39
CUST-00977,Female,Yes,No,No,41,Yes,No,Fiber optic,No,Yes,Yes,No,No,No,Month-To-Month,Yes,Electronic check,91.8,3755.75,No,0,Established (25-48m),2,91.60365853658537,0,0,0,91.6
CUST-00978,Female,No,No,Yes,5,Yes,Yes,Fiber optic,Yes,No,No,No,Yes,No,Month-To-Month,Yes,Electronic check,95.23,478.38,Yes,0,New (0-12m),2,95.676,0,1,0,95.68
CUST-00979,Female,No,Yes,No,68,Yes,No,Fiber optic,No,No,No,No,Yes,No,One Year,No,Electronic check,85.75,5826.47,No,0,Loyal (49m+),1,85.68338235294118,0,1,0,85.68
CUST-00980,Female,No,Yes,No,72,Yes,Yes,Fiber optic,No,No,Yes,Yes,No,Yes,One Year,Yes,Mailed check,100.48,7243.85,No,0,Loyal (49m+),3,100.60902777777778,0,1,0,100.61
CUST-00981,Female,No,Yes,No,39,No,No phone service,DSL,No,No,No,No,No,No,Month-To-Month,Yes,Credit card,43.35,1681.58,Yes,0,Established (25-48m),0,43.1174358974359,0,0,0,43.12
CUST-00982,Female,No,No,Yes,40,Yes,No,No,No internet service,No internet service,No internet service,No internet service,No internet service,No internet service,Two Year,Yes,Electronic check,27.69,1116.89,No,0,Established (25-48m),0,27.922250000000002,0,0,0,27.92
CUST-00983,Female,No,No,No,8,Yes,No,DSL,No,Yes,No,No,Yes,No,Month-To-Month,No,Credit card,63.72,509.68,No,0,New (0-12m),2,63.71,0,1,0,63.71
CUST-00984,Male,Yes,Yes,Yes,7,Yes,Yes,Fiber optic,No,No,No,No,Yes,No,Two Year,Yes,Credit card,92.45,649.28,Yes,0,New (0-12m),1,92.75428571428571,0,1,0,92.75
CUST-00985,M,No,No,No,43,Yes,Yes,Fiber optic,No,Yes,No,No,Yes,No,Month-To-Month,Yes,Bank transfer,94.59,4069.04,No,0,Established (25-48m),2,94.62883720930232,0,1,0,94.63
CUST-00986,Female,No,Yes,No,57,No,No phone service,DSL,No,No,No,No,No,Yes,Month-To-Month,Yes,Credit card,52.13,2976.46,Yes,0,Loyal (49m+),1,52.21859649122807,0,1,0,52.22
CUST-00987,Female,No,No,Yes,66,Yes,No,DSL,No,No,No,No,No,No,Month-To-Month,Yes,Bank transfer,53.8,3542.62,No,0,Loyal (49m+),0,53.6760606060606,0,0,0,53.68
CUST-00988,Female,No,No,Yes,12,Yes,No,DSL,Yes,No,No,No,No,Yes,One Year,No,Mailed check,66.08,800.72,No,0,New (0-12m),2,66.72666666666667,0,1,0,66.73
CUST-00989,Female,No,Yes,No,18,Yes,No,DSL,Yes,No,Yes,No,Yes,No,Month-To-Month,Yes,Bank transfer,67.63,1223.16,Yes,0,Mid-term (13-24m),3,67.95333333333333,0,1,0,67.95
CUST-00990,F,No,No,Yes,48,Yes,No,DSL,Yes,No,No,No,No,No,Month-To-Month,Yes,Bank transfer,57.57,2770.36,Yes,0,Established (25-48m),1,57.715833333333336,0,0,0,57.72
CUST-00991,Female,No,No,Yes,29,Yes,No,No,No internet service,No internet service,No internet service,No internet service,No internet service,No internet service,Two Year,Yes,Electronic check,29.83,864.78,Yes,0,Established (25-48m),0,29.82,0,0,0,29.82
CUST-00992,Female,No,Yes,No,65,Yes,No,Fiber optic,Yes,No,Yes,No,Yes,Yes,Month-To-Month,No,Electronic check,100.75,6552.71,No,0,Loyal (49m+),4,100.81092307692307,0,1,0,100.81
CUST-00993,Female,Yes,No,No,58,Yes,No,DSL,No,No,Yes,Yes,Yes,No,Month-To-Month,Yes,Mailed check,72.31,4193.13,No,0,Loyal (49m+),3,72.2953448275862,0,1,0,72.3
CUST-00994,Female,Yes,Yes,No,52,Yes,Yes,Fiber optic,No,No,Yes,No,No,Yes,One Year,Yes,Electronic check,92.65,4810.41,No,0,Loyal (49m+),2,92.50788461538461,0,1,0,92.51
CUST-00995,Female,No,No,Yes,51,Yes,Yes,DSL,No,Yes,No,No,No,Yes,Month-To-Month,Yes,Credit card,72.44,3690.48,No,0,Loyal (49m+),2,72.36235294117647,0,1,0,72.36
CUST-00996,Male,No,Yes,No,30,Yes,Yes,DSL,Yes,Yes,No,No,Yes,No,Month-To-Month,Yes,Mailed check,74.86,2241.37,No,0,Established (25-48m),3,74.71233333333333,0,1,0,74.71
CUST-00997,M,Yes,Yes,No,14,No,No phone service,No,No internet service,No internet service,No internet service,No internet service,No internet service,No internet service,Month-To-Month,Yes,Mailed check,21.33,291.94,No,0,Mid-term (13-24m),0,20.852857142857143,0,0,0,20.85
CUST-00998,Female,Yes,No,Yes,19,Yes,No,No,No internet service,No internet service,No internet service,No internet service,No internet service,No internet service,Month-To-Month,Yes,Electronic check,30.73,578.7,Yes,0,Mid-term (13-24m),0,30.457894736842107,0,0,0,30.46
CUST-00999,Female,No,No,Yes,4,Yes,No,Fiber optic,No,Yes,No,Yes,Yes,No,One Year,Yes,Mailed check,93.74,374.93,No,0,New (0-12m),3,93.7325,0,1,0,93.73
CUST-01000,Male,No,Yes,No,6,Yes,No,No,No internet service,No internet service,No internet service,No internet service,No internet service,No internet service,Two Year,Yes,Electronic check,29.16,173.4,No,0,New (0-12m),0,28.900000000000002,0,0,0,28.9
CUST-01001,Female,No,No,Yes,17,No,No phone service,No,No internet service,No internet service,No internet service,No internet service,No internet service,No internet service,Two Year,No,Electronic check,20.46,344.4,No,0,Mid-term (13-24m),0,20.258823529411764,0,0,0,20.26
CUST-01002,Male,No,No,No,55,Yes,Yes,Fiber optic,Yes,No,Yes,No,No,Yes,Month-To-Month,Yes,Credit card,97.98,5397.03,No,0,Loyal (49m+),3,98.12781818181817,0,1,0,98.13
CUST-01003,Male,Yes,No,Yes,44,Yes,No,No,No internet service,No internet service,No internet service,No internet service,No internet service,No internet service,Month-To-Month,Yes,Electronic check,31.37,1385.85,No,0,Established (25-48m),0,31.49659090909091,0,0,0,31.5
CUST-01004,Male,No,Yes,No,27,Yes,Yes,Fiber optic,No,Yes,No,Yes,No,No,One Year,Yes,Bank transfer,96.5,2595.55,No,0,Established (25-48m),2,96.13148148148149,0,0,0,96.13
CUST-01005,Male,Yes,Yes,Yes,49,Yes,No,DSL,Yes,Yes,No,Yes,No,Yes,One Year,Yes,Electronic check,76.6,3754.81,No,0,Loyal (49m+),4,76.62877551020408,0,1,0,76.63
CUST-01006,Male,No,Yes,Yes,1,No,No phone service,No,No internet service,No internet service,No internet service,No internet service,No internet service,No internet service,Two Year,Yes,Credit card,21.74,25.74,No,0,New (0-12m),0,25.74,1,0,0,25.74
CUST-01007,Female,Yes,No,Yes,67,No,No phone service,DSL,No,Yes,No,No,Yes,No,One Year,Yes,Mailed check,55.95,3739.72,No,0,Loyal (49m+),2,55.81671641791044,0,1,0,55.82
CUST-01008,Male,No,No,Yes,23,Yes,Yes,DSL,Yes,No,Yes,Yes,No,Yes,Month-To-Month,Yes,Bank transfer,81.22,1860.34,Yes,0,Mid-term (13-24m),4,80.88434782608695,0,1,0,80.88
CUST-01009,Female,No,Yes,No,47,Yes,No,Fiber optic,No,Yes,No,Yes,Yes,No,Month-To-Month,Yes,Bank transfer,95.44,4481.25,Yes,0,Established (25-48m),3,95.34574468085107,0,1,0,95.35
CUST-01010,Female,No,Yes,Yes,44,Yes,Yes,No,No internet service,No internet service,No internet service,No internet service,No internet service,No internet service,Two Year,Yes,Bank transfer,33.63,1482.0,Yes,0,Established (25-48m),0,33.68181818181818,0,0,0,33.68
CUST-01011,Male,No,No,No,57,Yes,No,DSL,No,Yes,Yes,Yes,No,Yes,Two Year,No,Electronic check,72.92,4164.9,No,0,Loyal (49m+),4,73.06842105263158,0,1,0,73.07
CUST-01012,male,No,No,Yes,35,Yes,No,Fiber optic,No,No,No,Yes,No,No,Month-To-Month,Yes,Mailed check,83.39,2918.37,No,0,Established (25-48m),1,83.38199999999999,0,0,0,83.38
CUST-01013,Female,Yes,No,Yes,1,Yes,No,Fiber optic,No,No,No,No,No,No,Month-To-Month,Yes,Electronic check,78.47,88.12,No,0,New (0-12m),0,88.12,1,0,0,88.12
CUST-01014,Male,No,No,No,17,Yes,No,Fiber optic,Yes,No,Yes,No,No,Yes,Month-To-Month,Yes,Mailed check,96.29,1645.66,No,0,Mid-term (13-24m),3,96.80352941176471,0,1,0,96.8
CUST-01015,Male,Yes,Yes,Yes,48,Yes,Yes,Fiber optic,No,Yes,No,Yes,Yes,No,Month-To-Month,Yes,Mailed check,102.24,4910.27,No,0,Established (25-48m),3,102.29729166666668,0,1,0,102.3
CUST-01016,Female,Yes,No,Yes,7,Yes,No,Fiber optic,No,No,No,Yes,No,Yes,Month-To-Month,Yes,Credit card,91.57,640.15,No,0,New (0-12m),2,91.45,0,1,0,91.45
CUST-01017,Female,No,No,No,57,Yes,Yes,No,No internet service,No internet service,No internet service,No internet service,No internet service,No internet service,Two Year,Yes,Electronic check,37.46,2138.85,No,0,Loyal (49m+),0,37.52368421052631,0,0,0,37.52
CUST-01018,Male,No,Yes,Yes,14,Yes,No,DSL,No,No,Yes,No,Yes,No,One Year,Yes,Electronic check,62.72,883.9,No,0,Mid-term (13-24m),2,63.135714285714286,0,1,0,63.14
CUST-01019,Female,No,Yes,No,16,Yes,Yes,No,No internet service,No internet service,No internet service,No internet service,No internet service,No internet service,Two Year,Yes,Credit card,32.66,531.42,No,0,Mid-term (13-24m),0,33.21375,0,0,0,33.21
CUST-01020,Male,No,No,Yes,22,Yes,No,DSL,No,No,No,Yes,No,No,Two Year,Yes,Credit card,60.92,1345.31,No,0,Mid-term (13-24m),1,61.150454545454544,0,0,0,61.15
CUST-01021,Male,No,Yes,Yes,65,Yes,No,Fiber optic,No,No,Yes,No,Yes,Yes,Month-To-Month,Yes,Credit card,92.63,6018.78,No,0,Loyal (49m+),3,92.59661538461538,0,1,0,92.6
CUST-01022,Male,No,No,Yes,69,No,No phone service,Fiber optic,Yes,Yes,Yes,No,Yes,Yes,One Year,No,Mailed check,96.95,6689.42,Yes,0,Loyal (49m+),5,96.94811594202899,0,1,0,96.95
CUST-01023,Female,No,No,No,26,Yes,No,No,No internet service,No internet service,No internet service,No internet service,No internet service,No internet service,Two Year,No,Electronic check,29.86,767.3,Yes,0,Established (25-48m),0,29.51153846153846,0,0,0,29.51
CUST-01024,Female,No,Yes,Yes,36,Yes,No,DSL,No,No,No,Yes,No,No,One Year,No,Credit card,62.12,2226.89,No,0,Established (25-48m),1,61.85805555555555,0,0,0,61.86
CUST-01025,Female,No,Yes,Yes,48,Yes,No,Fiber optic,Yes,No,Yes,No,Yes,Yes,One Year,Yes,Electronic check,98.75,4735.63,Yes,0,Established (25-48m),4,98.65895833333333,0,1,0,98.66
CUST-01026,Female,No,No,Yes,63,Yes,No,DSL,No,No,No,No,Yes,No,Month-To-Month,No,Electronic check,60.71,3830.85,Yes,0,Loyal (49m+),1,60.80714285714286,0,1,0,60.81
CUST-01027,Female,Yes,Yes,Yes,33,Yes,Yes,Fiber optic,No,Yes,Yes,Yes,No,No,One Year,Yes,Electronic check,101.0,3329.38,No,0,Established (25-48m),3,100.89030303030303,0,0,0,100.89
CUST-01028,Male,No,No,Yes,17,Yes,Yes,Fiber optic,No,Yes,No,Yes,Yes,Yes,Month-To-Month,No,Bank transfer,103.94,1759.32,Yes,0,Mid-term (13-24m),4,103.48941176470588,0,1,0,103.49
CUST-01029,Male,Yes,No,Yes,63,Yes,No,DSL,No,No,No,Yes,No,No,Month-To-Month,No,Electronic check,59.34,3735.54,No,0,Loyal (49m+),1,59.294285714285714,0,0,0,59.29
CUST-01030,Male,No,No,Yes,43,Yes,No,Fiber optic,No,Yes,Yes,No,No,Yes,Month-To-Month,No,Bank transfer,95.26,4092.29,No,0,Established (25-48m),3,95.16953488372093,0,1,0,95.17
CUST-01031,Male,No,Yes,Yes,16,Yes,No,DSL,No,Yes,No,Yes,No,No,Month-To-Month,Yes,Electronic check,64.42,1040.51,No,0,Mid-term (13-24m),2,65.031875,0,0,0,65.03
CUST-01032,Female,No,No,Yes,58,No,No phone service,Fiber optic,Yes,No,Yes,Yes,Yes,No,Month-To-Month,Yes,Electronic check,89.96,5227.11,No,0,Loyal (49m+),4,90.12258620689654,0,1,0,90.12
CUST-01033,Male,No,No,No,12,Yes,No,Fiber optic,No,No,No,Yes,Yes,No,Month-To-Month,Yes,Mailed check,89.78,1082.1,Yes,0,New (0-12m),2,90.175,0,1,0,90.18
CUST-01034,M,No,No,Yes,51,Yes,Yes,Fiber optic,No,No,No,No,Yes,No,Month-To-Month,Yes,Mailed check,90.83,4638.91,No,0,Loyal (49m+),1,90.95901960784313,0,1,0,90.96
CUST-01035,Male,No,Yes,No,59,Yes,Yes,DSL,No,No,Yes,No,Yes,Yes,Month-To-Month,Yes,Credit card,72.91,4296.77,Yes,0,Loyal (49m+),3,72.82661016949153,0,1,0,72.83
CUST-01036,Female,No,No,No,41,Yes,Yes,DSL,No,No,No,Yes,Yes,Yes,Month-To-Month,Yes,Credit card,77.28,3169.23,No,0,Established (25-48m),3,77.29829268292683,0,1,0,77.3
CUST-01037,Female,No,No,No,63,Yes,Yes,No,No internet service,No internet service,No internet service,No internet service,No internet service,No internet service,Month-To-Month,Yes,Electronic check,33.01,2089.6,No,0,Loyal (49m+),0,33.168253968253964,0,0,0,33.17
CUST-01038,Male,No,No,Yes,65,Yes,No,No,No internet service,No internet service,No internet service,No internet service,No internet service,No internet service,Two Year,No,Credit card,29.19,1893.81,No,0,Loyal (49m+),0,29.13553846153846,0,0,0,29.14
CUST-01039,Male,No,Yes,No,33,Yes,No,Fiber optic,No,No,Yes,No,No,No,Two Year,Yes,Bank transfer,82.54,2733.54,No,0,Established (25-48m),1,82.83454545454545,0,0,0,82.83
CUST-01040,Male,No,No,No,70,Yes,Yes,Fiber optic,No,No,No,No,No,No,Two Year,Yes,Mailed check,86.58,6054.37,No,0,Loyal (49m+),0,86.491,0,0,0,86.49
CUST-01041,Male,No,No,No,63,Yes,Yes,Fiber optic,No,Yes,No,No,Yes,No,Month-To-Month,No,Bank transfer,93.06,5865.18,No,0,Loyal (49m+),2,93.09809523809524,0,1,0,93.1
CUST-01042,Female,No,Yes,Yes,32,Yes,No,Fiber optic,Yes,No,No,No,Yes,No,Month-To-Month,No,Credit card,88.89,2850.12,No,0,Established (25-48m),2,89.06625,0,1,0,89.07
CUST-01043,Male,No,Yes,No,11,Yes,No,DSL,Yes,No,Yes,No,No,No,Month-To-Month,Yes,Electronic check,64.76,714.22,No,0,New (0-12m),2,64.92909090909092,0,0,0,64.93
CUST-01044,Male,No,No,Yes,18,Yes,No,Fiber optic,No,No,Yes,Yes,No,No,Two Year,Yes,Electronic check,91.72,1647.14,No,0,Mid-term (13-24m),2,91.50777777777779,0,0,0,91.51
CUST-01045,Female,Yes,No,No,8,No,No phone service,DSL,Yes,Yes,No,No,No,Yes,Month-To-Month,Yes,Mailed check,61.34,497.0,No,0,New (0-12m),3,62.125,0,1,0,62.12
CUST-01046,Male,No,No,No,16,Yes,Yes,No,No internet service,No internet service,No internet service,No internet service,No internet service,No internet service,Month-To-Month,Yes,Electronic check,33.25,526.03,No,0,Mid-term (13-24m),0,32.876875,0,0,0,32.88
CUST-01047,Male,No,Yes,Yes,49,Yes,No,Fiber optic,No,No,No,No,No,No,Month-To-Month,No,Mailed check,79.73,3905.38,No,0,Loyal (49m+),0,79.70163265306122,0,0,0,79.7
CUST-01048,M,No,Yes,Yes,38,No,No phone service,Fiber optic,No,Yes,No,Yes,Yes,No,One Year,No,Bank transfer,84.16,3193.67,No,0,Established (25-48m),3,84.04394736842106,0,1,0,84.04
CUST-01049,Male,No,No,No,40,Yes,No,Fiber optic,No,No,No,No,No,No,Month-To-Month,Yes,Credit card,82.24,3289.51,No,0,Established (25-48m),0,82.23775,0,0,0,82.24
CUST-01050,Male,No,Yes,No,9,Yes,Yes,DSL,No,No,No,No,No,No,Month-To-Month,No,Electronic check,61.78,553.77,Yes,0,New (0-12m),0,61.53,0,0,0,61.53
CUST-01051,M,No,No,No,11,Yes,No,Fiber optic,No,Yes,No,Yes,Yes,No,Two Year,No,Electronic check,93.25,1019.33,Yes,0,New (0-12m),3,92.66636363636364,0,1,0,92.67
CUST-01052,Male,No,No,Yes,14,Yes,No,Fiber optic,No,No,No,No,No,No,One Year,No,Bank transfer,79.65,1119.94,No,0,Mid-term (13-24m),0,79.99571428571429,0,0,0,80.0
CUST-01053,Male,No,Yes,Yes,27,Yes,No,DSL,No,No,Yes,No,No,No,Two Year,No,Mailed check,59.72,1605.97,Yes,0,Established (25-48m),1,59.48037037037037,0,0,0,59.48
CUST-01054,male,No,No,No,3,Yes,No,Fiber optic,No,Yes,No,Yes,No,Yes,Month-To-Month,Yes,Credit card,97.3,292.81,Yes,0,New (0-12m),3,97.60333333333334,1,1,0,97.6
CUST-01055,Male,No,Yes,No,35,Yes,Yes,DSL,No,No,No,No,Yes,Yes,One Year,Yes,Credit card,71.48,2507.89,Yes,0,Established (25-48m),2,71.654,0,1,0,71.65
CUST-01056,Male,No,Yes,Yes,64,Yes,No,Fiber optic,Yes,No,Yes,No,No,No,Two Year,Yes,Credit card,91.55,5858.87,No,0,Loyal (49m+),2,91.54484375,0,0,0,91.54
CUST-01057,Female,No,No,Yes,46,Yes,No,DSL,No,Yes,Yes,Yes,No,No,One Year,No,Bank transfer,69.34,3197.38,No,0,Established (25-48m),3,69.50826086956522,0,0,0,69.51
CUST-01058,Male,No,Yes,No,38,Yes,Yes,Fiber optic,Yes,No,Yes,No,No,Yes,One Year,No,Mailed check,100.98,3835.82,Yes,0,Established (25-48m),3,100.94263157894737,0,1,0,100.94
CUST-01059,Female,No,No,Yes,37,Yes,Yes,DSL,Yes,No,No,No,No,No,One Year,Yes,Electronic check,64.1,2381.11,No,0,Established (25-48m),1,64.35432432432432,0,0,0,64.35
CUST-01060,Female,No,Yes,No,43,Yes,Yes,Fiber optic,Yes,Yes,No,No,No,Yes,Two Year,Yes,Bank transfer,101.62,4360.16,No,0,Established (25-48m),3,101.39906976744186,0,1,0,101.4
CUST-01061,Male,No,No,Yes,50,Yes,Yes,Fiber optic,No,Yes,No,No,No,No,Month-To-Month,Yes,Credit card,92.3,4620.82,No,0,Loyal (49m+),1,92.4164,0,0,0,92.42
CUST-01062,Male,No,No,No,25,Yes,No,Fiber optic,No,No,No,No,Yes,No,Month-To-Month,No,Electronic check,85.55,2142.91,No,0,Established (25-48m),1,85.7164,0,1,0,85.72
CUST-01063,Male,No,No,No,35,Yes,No,No,No internet service,No internet service,No internet service,No internet service,No internet service,No internet service,Month-To-Month,Yes,Electronic check,30.14,1057.12,No,0,Established (25-48m),0,30.203428571428567,0,0,0,30.2
CUST-01064,Male,No,Yes,No,68,Yes,No,DSL,No,Yes,No,No,No,Yes,Month-To-Month,Yes,Credit card,66.86,4542.4,No,0,Loyal (49m+),2,66.8,0,1,0,66.8
CUST-01065,Female,No,No,Yes,0,Yes,No,No,No internet service,No internet service,No internet service,No internet service,No internet service,No internet service,Two Year,Yes,Electronic check,32.03,0.0,No,0,New (0-12m),0,32.03,1,0,0,32.03
CUST-01066,Male,No,Yes,No,52,Yes,Yes,DSL,No,No,No,No,No,Yes,Month-To-Month,No,Electronic check,62.95,3275.29,No,0,Loyal (49m+),1,62.986346153846156,0,1,0,62.99
CUST-01067,Male,No,Yes,No,5,Yes,No,Fiber optic,Yes,No,No,No,Yes,Yes,Month-To-Month,No,Credit card,95.99,472.94,Yes,0,New (0-12m),3,94.588,0,1,0,94.59
CUST-01068,Male,No,Yes,Yes,36,Yes,Yes,DSL,No,No,Yes,No,No,No,Two Year,Yes,Electronic check,65.64,2370.64,No,0,Established (25-48m),1,65.85111111111111,0,0,0,65.85
CUST-01069,Male,No,Yes,No,1,Yes,No,Fiber optic,No,Yes,No,No,No,Yes,Month-To-Month,Yes,Electronic check,88.55,89.24,No,0,New (0-12m),2,89.24,1,1,0,89.24
CUST-01070,Male,Yes,Yes,No,68,Yes,Yes,No,No internet service,No internet service,No internet service,No internet service,No internet service,No internet service,Month-To-Month,No,Mailed check,33.12,2243.94,No,0,Loyal (49m+),0,32.999117647058824,0,0,0,33.0
CUST-01071,Male,No,No,No,40,Yes,Yes,No,No internet service,No internet service,No internet service,No internet service,No internet service,No internet service,Month-To-Month,No,Bank transfer,33.93,1355.03,No,0,Established (25-48m),0,33.87575,0,0,0,33.88
CUST-01072,Female,No,Yes,Yes,50,Yes,Yes,DSL,No,No,No,No,No,No,Month-To-Month,Yes,Mailed check,58.34,2911.33,No,0,Loyal (49m+),0,58.2266,0,0,0,58.23
CUST-01073,Female,No,No,Yes,46,Yes,Yes,DSL,Yes,No,Yes,No,Yes,No,One Year,Yes,Mailed check,106.22660000000005,3384.03,No,0,Established (25-48m),3,73.5658695652174,0,1,0,73.57
CUST-01074,Male,Yes,No,Yes,12,Yes,Yes,Fiber optic,Yes,Yes,No,No,Yes,No,Month-To-Month,Yes,Bank transfer,102.09,1234.01,No,0,New (0-12m),3,102.83416666666666,0,1,0,102.83
CUST-01075,Male,Yes,Yes,Yes,68,Yes,Yes,No,No internet service,No internet service,No internet service,No internet service,No internet service,No internet service,Month-To-Month,Yes,Mailed check,37.08,2524.94,Yes,0,Loyal (49m+),0,37.131470588235295,0,0,0,37.13
CUST-01076,Male,No,No,No,65,Yes,Yes,DSL,No,No,Yes,No,No,No,Two Year,Yes,Electronic check,63.77,4141.08,No,0,Loyal (49m+),1,63.70892307692308,0,0,0,63.71
CUST-01077,Female,No,No,Yes,58,Yes,Yes,No,No internet service,No internet service,No internet service,No internet service,No internet service,No internet service,Month-To-Month,Yes,Electronic check,33.51,1947.15,No,0,Loyal (49m+),0,33.57155172413793,0,0,0,33.57
CUST-01078,Male,No,Yes,Yes,67,Yes,No,Fiber optic,Yes,No,Yes,No,No,No,Month-To-Month,Yes,Mailed check,89.77,6020.65,No,0,Loyal (49m+),2,89.86044776119402,0,0,0,89.86
CUST-01079,Female,No,No,Yes,58,Yes,Yes,Fiber optic,Yes,No,No,No,Yes,Yes,Two Year,No,Bank transfer,100.82,5843.9,No,0,Loyal (49m+),3,100.75689655172413,0,1,0,100.76
CUST-01080,Male,No,Yes,No,9,Yes,No,Fiber optic,Yes,No,Yes,Yes,Yes,Yes,Two Year,Yes,Electronic check,103.19,938.41,No,0,New (0-12m),5,104.26777777777778,0,1,0,104.27
CUST-01081,Male,No,Yes,No,12,Yes,Yes,No,No internet service,No internet service,No internet service,No internet service,No internet service,No internet service,Month-To-Month,Yes,Bank transfer,36.59,446.71,Yes,0,New (0-12m),0,37.225833333333334,0,0,0,37.23
CUST-01082,Male,No,Yes,No,1,Yes,No,No,No internet service,No internet service,No internet service,No internet service,No internet service,No internet service,Month-To-Month,Yes,Bank transfer,27.87,33.81,No,0,New (0-12m),0,33.81,1,0,0,33.81
CUST-01083,Male,No,No,Yes,14,Yes,No,DSL,No,Yes,Yes,No,No,Yes,Month-To-Month,Yes,Electronic check,68.07,957.28,No,0,Mid-term (13-24m),3,68.37714285714286,0,1,0,68.38
CUST-01084,Female,Yes,No,No,45,Yes,Yes,Fiber optic,No,Yes,Yes,Yes,No,No,One Year,Yes,Credit card,100.68,4521.37,No,0,Established (25-48m),3,100.47488888888888,0,0,0,100.47
CUST-01085,Female,No,No,No,56,Yes,No,No,No internet service,No internet service,No internet service,No internet service,No internet service,No internet service,Month-To-Month,No,Credit card,28.52,1587.57,No,0,Loyal (49m+),0,28.349464285714284,0,0,0,28.35
CUST-01086,Male,No,No,Yes,9,Yes,No,DSL,No,Yes,Yes,Yes,Yes,Yes,Month-To-Month,Yes,Mailed check,78.65,701.15,No,0,New (0-12m),5,77.90555555555555,0,1,0,77.91
CUST-01087,Male,No,Yes,No,21,Yes,No,Fiber optic,No,Yes,No,No,Yes,Yes,Month-To-Month,Yes,Electronic check,96.88,2042.82,No,0,Mid-term (13-24m),3,97.27714285714285,0,1,0,97.28
CUST-01088,Female,No,Yes,Yes,7,Yes,Yes,DSL,No,Yes,No,No,Yes,No,Two Year,Yes,Mailed check,69.32,479.59,No,0,New (0-12m),2,68.51285714285714,0,1,0,68.51
CUST-01089,Female,No,No,Yes,20,Yes,Yes,Fiber optic,No,Yes,No,No,No,No,Month-To-Month,No,Mailed check,92.11,1846.22,No,0,Mid-term (13-24m),1,92.311,0,0,0,92.31
CUST-01090,M,No,Yes,No,21,Yes,Yes,DSL,No,No,No,Yes,Yes,No,Month-To-Month,Yes,Electronic check,68.04,1438.44,No,0,Mid-term (13-24m),2,68.49714285714286,0,1,0,68.5
CUST-01091,Female,Yes,No,Yes,44,Yes,Yes,Fiber optic,No,Yes,No,No,No,Yes,Month-To-Month,Yes,Bank transfer,97.16,4283.79,No,0,Established (25-48m),2,97.35886363636364,0,1,0,97.36
CUST-01092,Male,No,Yes,Yes,39,Yes,No,Fiber optic,No,No,Yes,No,Yes,No,Month-To-Month,Yes,Bank transfer,92.07,3588.74,Yes,0,Established (25-48m),2,92.01897435897435,0,1,0,92.02
CUST-01093,Female,No,Yes,Yes,21,Yes,No,DSL,No,No,No,No,No,No,One Year,Yes,Credit card,55.2,1162.82,Yes,0,Mid-term (13-24m),0,55.37238095238095,0,0,0,55.37
CUST-01094,M,No,Yes,Yes,29,Yes,No,Fiber optic,No,Yes,No,Yes,Yes,No,Two Year,No,Electronic check,96.29,2797.6,No,0,Established (25-48m),3,96.46896551724137,0,1,0,96.47
CUST-01095,Female,No,Yes,Yes,61,Yes,No,DSL,No,No,No,No,Yes,No,One Year,Yes,Electronic check,59.69,3642.08,No,0,Loyal (49m+),1,59.70622950819672,0,1,0,59.71
CUST-01096,Female,No,Yes,Yes,72,Yes,Yes,No,No internet service,No internet service,No internet service,No internet service,No internet service,No internet service,One Year,No,Bank transfer,36.33,2616.22,No,0,Loyal (49m+),0,36.336388888888884,0,0,0,36.34
CUST-01097,Female,No,No,No,44,Yes,Yes,Fiber optic,No,Yes,No,No,Yes,No,Month-To-Month,Yes,Credit card,93.72,4118.15,Yes,0,Established (25-48m),2,93.59431818181817,0,1,0,93.59
CUST-01098,Female,No,No,Yes,34,Yes,Yes,Fiber optic,No,Yes,No,No,Yes,Yes,One Year,No,Mailed check,102.02,3472.2,No,0,Established (25-48m),3,102.12352941176471,0,1,0,102.12
CUST-01099,Female,No,Yes,Yes,41,No,No phone service,Fiber optic,No,Yes,No,No,No,No,Month-To-Month,Yes,Bank transfer,76.44,3129.92,Yes,0,Established (25-48m),1,76.33951219512196,0,0,0,76.34
CUST-01100,male,No,No,Yes,4,No,No phone service,DSL,No,No,Yes,Yes,No,No,Month-To-Month,No,Electronic check,56.16,220.81,Yes,0,New (0-12m),2,55.2025,0,0,0,55.2
CUST-01101,Male,No,Yes,Yes,26,Yes,No,Fiber optic,No,No,Yes,Yes,Yes,No,Month-To-Month,Yes,Bank transfer,96.52,2504.83,No,0,Established (25-48m),3,96.33961538461539,0,1,0,96.34
CUST-01102,Female,No,Yes,No,69,No,No phone service,No,No internet service,No internet service,No internet service,No internet service,No internet service,No internet service,Two Year,Yes,Credit card,19.8858,1317.5,No,0,Loyal (49m+),0,19.094202898550726,0,0,0,19.09
CUST-01103,Female,No,Yes,No,61,Yes,Yes,Fiber optic,Yes,Yes,Yes,No,No,Yes,One Year,Yes,Bank transfer,103.45,6317.32,No,0,Loyal (49m+),4,103.56262295081967,0,1,0,103.56
CUST-01104,Male,No,Yes,Yes,31,Yes,No,Fiber optic,No,No,Yes,No,Yes,Yes,Two Year,No,Credit card,94.27,2929.63,Yes,0,Established (25-48m),3,94.50419354838711,0,1,0,94.5
CUST-01105,Female,No,No,No,7,No,No phone service,Fiber optic,No,Yes,Yes,No,No,Yes,Two Year,Yes,Mailed check,82.69,583.31,No,0,New (0-12m),3,83.33,0,1,0,83.33
CUST-01106,Female,No,Yes,Yes,17,Yes,No,Fiber optic,No,No,Yes,Yes,No,Yes,Month-To-Month,Yes,Credit card,93.85,1604.0,Yes,0,Mid-term (13-24m),3,94.3529411764706,0,1,0,94.35
CUST-01107,Male,No,No,Yes,14,Yes,No,Fiber optic,No,No,No,No,Yes,Yes,Two Year,Yes,Electronic check,90.54,1270.19,No,0,Mid-term (13-24m),2,90.72785714285715,0,1,0,90.73
CUST-01108,Female,No,Yes,Yes,25,Yes,No,No,No internet service,No internet service,No internet service,No internet service,No internet service,No internet service,One Year,No,Electronic check,31.73,796.04,No,0,Established (25-48m),0,31.8416,0,0,0,31.84
CUST-01109,F,Yes,Yes,Yes,52,Yes,No,Fiber optic,No,No,Yes,No,Yes,No,Two Year,Yes,Electronic check,92.15,4799.55,No,0,Loyal (49m+),2,92.29903846153846,0,1,0,92.3
CUST-01110,Male,Yes,No,No,43,Yes,Yes,DSL,No,No,Yes,No,Yes,Yes,One Year,Yes,Mailed check,76.11,3266.9,No,0,Established (25-48m),3,75.97441860465116,0,1,0,75.97
CUST-01111,Male,No,Yes,No,31,No,No phone service,DSL,No,Yes,Yes,No,Yes,No,One Year,No,Electronic check,61.96,1919.47,No,0,Established (25-48m),3,61.9183870967742,0,1,0,61.92
CUST-01112,Male,No,Yes,Yes,27,No,No phone service,Fiber optic,Yes,Yes,No,No,Yes,Yes,One Year,No,Bank transfer,88.96,2406.0,No,0,Established (25-48m),4,89.11111111111111,0,1,0,89.11
CUST-01113,Female,No,No,Yes,38,Yes,Yes,Fiber optic,Yes,Yes,No,No,No,No,Month-To-Month,Yes,Credit card,95.89,3639.19,No,0,Established (25-48m),2,95.76815789473685,0,0,0,95.77
CUST-01114,Male,No,No,No,31,Yes,Yes,DSL,Yes,Yes,No,No,No,Yes,Two Year,No,Electronic check,77.38,2393.35,No,0,Established (25-48m),3,77.20483870967742,0,1,0,77.2
CUST-01115,Male,No,No,No,17,Yes,No,DSL,No,No,No,No,Yes,Yes,Month-To-Month,Yes,Electronic check,65.55,1122.32,No,0,Mid-term (13-24m),2,66.01882352941176,0,1,0,66.02
CUST-01116,Male,No,Yes,Yes,69,Yes,No,No,No internet service,No internet service,No internet service,No internet service,No internet service,No internet service,Month-To-Month,Yes,Credit card,29.64,2055.08,No,0,Loyal (49m+),0,29.783768115942028,0,0,0,29.78
CUST-01117,Male,No,Yes,No,10,Yes,Yes,DSL,No,No,Yes,Yes,No,Yes,Month-To-Month,No,Mailed check,73.81,735.83,Yes,0,New (0-12m),3,73.583,0,1,0,73.58
CUST-01118,Male,No,No,Yes,31,No,No phone service,Fiber optic,No,Yes,No,No,Yes,No,Month-To-Month,No,Bank transfer,79.07,2445.9,No,0,Established (25-48m),2,78.9,0,1,0,78.9
CUST-01119,Male,No,No,No,19,Yes,No,DSL,No,Yes,No,Yes,No,No,Month-To-Month,Yes,Credit card,63.51,1204.78,No,0,Mid-term (13-24m),2,63.409473684210525,0,0,0,63.41
CUST-01120,Female,No,Yes,No,39,Yes,No,Fiber optic,Yes,No,Yes,No,No,No,Month-To-Month,Yes,Credit card,91.01,3545.47,Yes,0,Established (25-48m),2,90.90948717948717,0,0,0,90.91
CUST-01121,Female,No,Yes,No,7,Yes,Yes,Fiber optic,No,No,Yes,No,Yes,No,Month-To-Month,Yes,Mailed check,96.12,679.28,Yes,0,New (0-12m),2,97.03999999999999,0,1,0,97.04
CUST-01122,Male,No,No,No,34,Yes,No,No,No internet service,No internet service,No internet service,No internet service,No internet service,No internet service,Month-To-Month,No,Credit card,31.4,1075.62,No,0,Established (25-48m),0,31.635882352941174,0,0,0,31.64
CUST-01123,Male,No,No,Yes,68,Yes,No,No,No internet service,No internet service,No internet service,No internet service,No internet service,No internet service,Month-To-Month,No,Mailed check,29.84,2026.94,No,0,Loyal (49m+),0,29.80794117647059,0,0,0,29.81
CUST-01124,Male,Yes,No,Yes,20,Yes,Yes,DSL,Yes,No,Yes,No,No,No,Month-To-Month,Yes,Electronic check,68.19,1365.79,No,0,Mid-term (13-24m),2,68.2895,0,0,0,68.29
CUST-01125,Female,No,No,No,23,Yes,Yes,Fiber optic,No,No,No,No,Yes,No,Two Year,No,Mailed check,89.61,2052.61,No,0,Mid-term (13-24m),1,89.24391304347827,0,1,0,89.24
CUST-01126,Female,No,Yes,Yes,16,Yes,No,Fiber optic,Yes,Yes,No,No,No,No,Month-To-Month,Yes,Mailed check,91.24,1459.08,Yes,0,Mid-term (13-24m),2,91.1925,0,0,0,91.19
CUST-01127,Female,No,Yes,No,17,Yes,No,DSL,No,Yes,Yes,No,No,No,Month-To-Month,No,Mailed check,66.78,1125.4,No,0,Mid-term (13-24m),2,66.2,0,0,0,66.2
CUST-01128,Female,Yes,Yes,No,11,Yes,Yes,Fiber optic,No,No,No,No,Yes,No,Month-To-Month,Yes,Bank transfer,87.91,970.43,No,0,New (0-12m),1,88.22090909090909,0,1,0,88.22
CUST-01129,Female,No,Yes,Yes,15,Yes,Yes,No,No internet service,No internet service,No internet service,No internet service,No internet service,No internet service,Month-To-Month,Yes,Electronic check,33.72,499.32,Yes,0,Mid-term (13-24m),0,33.288,0,0,0,33.29
CUST-01130,Female,No,No,Yes,3,Yes,Yes,Fiber optic,No,No,Yes,No,No,Yes,One Year,Yes,Bank transfer,97.31,299.49,No,0,New (0-12m),2,99.83,1,1,0,99.83
CUST-01131,Female,No,Yes,Yes,33,Yes,No,Fiber optic,No,No,Yes,No,No,No,Month-To-Month,No,Bank transfer,84.66,2796.38,No,0,Established (25-48m),1,84.73878787878789,0,0,0,84.74
CUST-01132,Female,No,No,No,45,Yes,No,Fiber optic,No,No,No,No,No,Yes,Month-To-Month,Yes,Credit card,82.85,3736.81,Yes,0,Established (25-48m),1,83.04022222222223,0,1,0,83.04
CUST-01133,Female,No,Yes,Yes,30,Yes,No,Fiber optic,Yes,Yes,No,Yes,Yes,No,Month-To-Month,Yes,Electronic check,98.52,2964.36,No,0,Established (25-48m),4,98.812,0,1,0,98.81
CUST-01134,Male,No,Yes,No,24,Yes,No,Fiber optic,No,No,No,No,Yes,Yes,One Year,No,Credit card,91.64,2192.74,No,0,Mid-term (13-24m),2,91.36416666666666,0,1,0,91.36
CUST-01135,Male,No,Yes,Yes,23,Yes,No,Fiber optic,No,No,Yes,Yes,Yes,No,Two Year,Yes,Credit card,96.3,2215.16,No,0,Mid-term (13-24m),3,96.31130434782608,0,1,0,96.31
CUST-01136,Male,No,No,Yes,64,Yes,No,Fiber optic,No,Yes,No,No,Yes,No,Month-To-Month,Yes,Bank transfer,88.59,5663.67,No,0,Loyal (49m+),2,88.49484375,0,1,0,88.49
CUST-01137,Male,Yes,Yes,No,24,Yes,Yes,DSL,Yes,No,No,Yes,No,No,Month-To-Month,Yes,Bank transfer,68.01,1631.3,No,0,Mid-term (13-24m),2,67.97083333333333,0,0,0,67.97
CUST-01138,Female,No,No,No,27,Yes,No,No,No internet service,No internet service,No internet service,No internet service,No internet service,No internet service,Month-To-Month,No,Mailed check,27.9,752.3,No,0,Established (25-48m),0,27.86296296296296,0,0,0,27.86
CUST-01139,Female,No,No,No,35,Yes,No,DSL,No,No,No,No,No,No,One Year,Yes,Credit card,55.0,1929.71,No,0,Established (25-48m),0,55.13457142857143,0,0,0,55.13
CUST-01140,Male,No,Yes,No,5,Yes,Yes,Fiber optic,No,Yes,Yes,No,No,Yes,Month-To-Month,Yes,Bank transfer,100.98,514.42,No,0,New (0-12m),3,102.88399999999999,0,1,0,102.88
CUST-01141,Female,No,No,No,65,Yes,Yes,No,No internet service,No internet service,No internet service,No internet service,No internet service,No internet service,Month-To-Month,Yes,Electronic check,34.12,2220.38,No,0,Loyal (49m+),0,34.15969230769231,0,0,0,34.16
CUST-01142,Male,Yes,Yes,No,66,Yes,Yes,Fiber optic,Yes,No,No,No,Yes,No,Month-To-Month,No,Mailed check,92.93,6139.7,No,0,Loyal (49m+),2,93.02575757575757,0,1,0,93.03
CUST-01143,M,No,No,No,71,Yes,Yes,DSL,No,Yes,Yes,Yes,No,Yes,Month-To-Month,Yes,Bank transfer,79.96,5675.23,Yes,0,Loyal (49m+),4,79.93281690140844,0,1,0,79.93
CUST-01144,Male,No,Yes,Yes,47,Yes,Yes,No,No internet service,No internet service,No internet service,No internet service,No internet service,No internet service,Month-To-Month,Yes,Electronic check,33.59,1570.19,Yes,0,Established (25-48m),0,33.40829787234043,0,0,0,33.41
CUST-01145,Female,No,No,No,69,Yes,Yes,No,No internet service,No internet service,No internet service,No internet service,No internet service,No internet service,Month-To-Month,No,Bank transfer,33.4,2304.89,Yes,0,Loyal (49m+),0,33.40420289855072,0,0,0,33.4
CUST-01146,Female,No,No,No,66,Yes,Yes,Fiber optic,Yes,No,No,No,No,Yes,Month-To-Month,Yes,Electronic check,96.37,6368.5,No,0,Loyal (49m+),2,96.49242424242425,0,1,0,96.49
CUST-01147,Male,No,Yes,No,47,Yes,Yes,Fiber optic,Yes,No,No,Yes,No,Yes,Month-To-Month,Yes,Mailed check,100.52,4719.25,Yes,0,Established (25-48m),3,100.40957446808511,0,1,0,100.41
CUST-01148,Female,No,Yes,No,64,No,No phone service,Fiber optic,No,No,Yes,No,Yes,No,One Year,No,Bank transfer,79.08,5056.38,No,0,Loyal (49m+),2,79.0059375,0,1,0,79.01
CUST-01149,Male,No,Yes,Yes,43,Yes,No,Fiber optic,Yes,Yes,Yes,No,Yes,No,Month-To-Month,Yes,Credit card,99.8,4283.5,Yes,0,Established (25-48m),4,99.61627906976744,0,1,0,99.62
CUST-01150,Male,Yes,Yes,No,62,Yes,No,Fiber optic,Yes,Yes,No,No,Yes,No,One Year,No,Bank transfer,93.62,5814.38,No,0,Loyal (49m+),3,93.78032258064516,0,1,0,93.78
CUST-01151,Male,No,No,No,45,Yes,No,DSL,No,Yes,No,No,No,Yes,One Year,No,Bank transfer,65.31,2937.24,No,0,Established (25-48m),2,65.27199999999999,0,1,0,65.27
CUST-01152,Male,No,No,Yes,18,Yes,Yes,DSL,Yes,No,Yes,No,No,Yes,One Year,Yes,Credit card,76.28,1369.02,No,0,Mid-term (13-24m),3,76.05666666666667,0,1,0,76.06
CUST-01153,Female,No,No,No,63,Yes,No,DSL,No,No,Yes,No,No,Yes,Two Year,Yes,Mailed check,64.64,4080.86,No,0,Loyal (49m+),2,64.77555555555556,0,1,0,64.78
CUST-01154,male,No,No,No,72,Yes,Yes,DSL,No,Yes,Yes,No,Yes,No,Month-To-Month,No,Credit card,74.42,5364.46,Yes,0,Loyal (49m+),3,74.50638888888889,0,1,0,74.51
CUST-01155,Female,No,Yes,No,70,Yes,Yes,No,No internet service,No internet service,No internet service,No internet service,No internet service,No internet service,Month-To-Month,No,Electronic check,33.76,2370.74,No,0,Loyal (49m+),0,33.867714285714285,0,0,0,33.87
CUST-01156,Male,No,No,No,49,Yes,Yes,Fiber optic,No,Yes,No,No,No,No,One Year,Yes,Credit card,89.12,4375.89,Yes,0,Loyal (49m+),1,89.30387755102042,0,0,0,89.3
CUST-01157,Female,No,Yes,No,62,Yes,Yes,Fiber optic,No,Yes,No,No,No,No,One Year,Yes,Electronic check,89.3,5543.74,Yes,0,Loyal (49m+),1,89.41516129032257,0,0,0,89.42
CUST-01158,Male,No,No,No,40,Yes,No,No,No internet service,No internet service,No internet service,No internet service,No internet service,No internet service,Month-To-Month,No,Credit card,29.06,1172.11,No,0,Established (25-48m),0,29.302749999999996,0,0,0,29.3
CUST-01159,Female,No,Yes,No,6,Yes,No,DSL,No,No,No,No,No,Yes,Month-To-Month,Yes,Electronic check,57.95,350.49,Yes,0,New (0-12m),1,58.415,0,1,0,58.42
CUST-01160,Female,Yes,Yes,Yes,8,Yes,Yes,No,No internet service,No internet service,No internet service,No internet service,No internet service,No internet service,One Year,Yes,Electronic check,33.24,260.74,No,0,New (0-12m),0,32.5925,0,0,0,32.59
CUST-01161,Female,No,Yes,Yes,3,Yes,No,Fiber optic,No,Yes,No,Yes,No,Yes,Two Year,No,Electronic check,97.48,285.78,Yes,0,New (0-12m),3,95.25999999999999,1,1,0,95.26
CUST-01162,Male,No,Yes,No,48,No,No phone service,No,No internet service,No internet service,No internet service,No internet service,No internet service,No internet service,Month-To-Month,Yes,Electronic check,19.8858,929.41,No,0,Established (25-48m),0,19.362708333333334,0,0,0,19.36
CUST-01163,Female,No,Yes,Yes,5,Yes,Yes,DSL,No,No,No,No,No,Yes,Two Year,No,Mailed check,66.53,329.83,No,0,New (0-12m),1,65.966,0,1,0,65.97
CUST-01164,Female,No,No,No,20,Yes,No,DSL,Yes,Yes,No,No,No,No,Month-To-Month,No,Mailed check,66.09,1314.42,No,0,Mid-term (13-24m),2,65.721,0,0,0,65.72
CUST-01165,M,No,Yes,Yes,14,Yes,No,Fiber optic,No,Yes,Yes,No,No,No,Month-To-Month,Yes,Credit card,90.32,1270.43,No,0,Mid-term (13-24m),2,90.745,0,0,0,90.74
CUST-01166,Female,No,No,No,66,Yes,No,DSL,No,No,No,No,Yes,No,Month-To-Month,No,Mailed check,59.75,3940.5,No,0,Loyal (49m+),1,59.70454545454545,0,1,0,59.7
CUST-01167,Male,No,No,Yes,65,Yes,Yes,Fiber optic,Yes,No,No,No,No,No,Month-To-Month,Yes,Electronic check,90.83,5902.85,No,0,Loyal (49m+),1,90.81307692307693,0,0,0,90.81
CUST-01168,Female,No,Yes,No,55,Yes,No,DSL,No,No,Yes,Yes,No,No,One Year,Yes,Bank transfer,65.42,3600.34,Yes,0,Loyal (49m+),2,65.46072727272727,0,0,0,65.46
CUST-01169,Male,No,No,Yes,67,Yes,No,Fiber optic,No,Yes,Yes,Yes,No,Yes,Month-To-Month,Yes,Electronic check,101.17,6776.43,No,0,Loyal (49m+),4,101.14074626865673,0,1,0,101.14
CUST-01170,Male,No,No,Yes,31,Yes,Yes,Fiber optic,Yes,Yes,No,No,No,Yes,Month-To-Month,Yes,Credit card,102.47,3183.9,No,0,Established (25-48m),3,102.70645161290322,0,1,0,102.71
CUST-01171,Female,No,No,No,65,Yes,No,Fiber optic,Yes,Yes,No,No,No,Yes,Month-To-Month,No,Mailed check,94.07,6124.2,No,0,Loyal (49m+),3,94.21846153846154,0,1,0,94.22
CUST-01172,Male,No,Yes,No,28,Yes,No,DSL,Yes,No,Yes,No,No,No,Month-To-Month,No,Bank transfer,64.17,1794.47,No,0,Established (25-48m),2,64.08821428571429,0,0,0,64.09
CUST-01173,Male,No,Yes,Yes,65,Yes,Yes,No,No internet service,No internet service,No internet service,No internet service,No internet service,No internet service,Month-To-Month,No,Electronic check,35.95,2330.32,Yes,0,Loyal (49m+),0,35.851076923076924,0,0,0,35.85
CUST-01174,Male,No,Yes,Yes,33,Yes,Yes,DSL,No,No,No,No,No,Yes,Two Year,Yes,Electronic check,66.72,2197.32,No,0,Established (25-48m),1,66.58545454545455,0,1,0,66.59
CUST-01175,Male,No,Yes,No,26,Yes,No,DSL,No,No,Yes,No,Yes,Yes,Month-To-Month,No,Bank transfer,68.45,1783.18,Yes,0,Established (25-48m),3,68.58384615384615,0,1,0,68.58
CUST-01176,Male,No,No,No,59,Yes,Yes,Fiber optic,Yes,No,Yes,Yes,No,No,Two Year,Yes,Mailed check,101.77,5996.08,No,0,Loyal (49m+),3,101.62847457627119,0,0,0,101.63
CUST-01177,Male,No,No,No,38,No,No phone service,Fiber optic,No,No,Yes,No,No,Yes,Month-To-Month,Yes,Credit card,81.98,3118.73,Yes,0,Established (25-48m),2,82.07184210526316,0,1,0,82.07
CUST-01178,Female,No,No,Yes,43,Yes,Yes,Fiber optic,No,No,No,Yes,Yes,No,Month-To-Month,Yes,Mailed check,94.47,4062.76,No,0,Established (25-48m),2,94.48279069767442,0,1,0,94.48
CUST-01179,Male,No,No,Yes,35,Yes,Yes,No,No internet service,No internet service,No internet service,No internet service,No internet service,No internet service,Month-To-Month,Yes,Credit card,33.83,1174.96,No,0,Established (25-48m),0,33.57028571428572,0,0,0,33.57
CUST-01180,Male,No,No,No,18,Yes,Yes,No,No internet service,No internet service,No internet service,No internet service,No internet service,No internet service,Month-To-Month,Yes,Credit card,34.5,619.21,No,0,Mid-term (13-24m),0,34.400555555555556,0,0,0,34.4
CUST-01181,Female,No,No,No,44,Yes,No,DSL,No,Yes,Yes,No,No,No,Month-To-Month,Yes,Electronic check,63.43,2785.53,No,0,Established (25-48m),2,63.307500000000005,0,0,0,63.31
CUST-01182,Female,No,Yes,No,20,Yes,No,Fiber optic,No,No,No,No,Yes,Yes,One Year,Yes,Credit card,87.8,1748.6,No,0,Mid-term (13-24m),2,87.42999999999999,0,1,0,87.43
CUST-01183,Female,No,No,Yes,22,Yes,Yes,Fiber optic,Yes,No,Yes,No,Yes,Yes,Month-To-Month,Yes,Electronic check,106.22660000000005,2351.6,Yes,0,Mid-term (13-24m),4,106.89090909090909,0,1,0,106.89
CUST-01184,Female,No,No,Yes,26,Yes,Yes,Fiber optic,No,No,No,Yes,No,Yes,Two Year,No,Electronic check,95.35,2474.92,No,0,Established (25-48m),2,95.18923076923078,0,1,0,95.19
CUST-01185,Female,No,No,Yes,71,Yes,No,Fiber optic,No,Yes,No,No,Yes,No,One Year,No,Bank transfer,89.97,6387.75,No,0,Loyal (49m+),2,89.96830985915493,0,1,0,89.97
CUST-01186,Female,No,Yes,No,18,No,No phone service,Fiber optic,Yes,No,No,Yes,Yes,No,One Year,No,Mailed check,83.57,1506.5,No,0,Mid-term (13-24m),3,83.69444444444444,0,1,0,83.69
CUST-01187,Female,Yes,No,Yes,40,Yes,Yes,Fiber optic,No,No,No,No,No,No,One Year,Yes,Electronic check,85.26,3412.98,No,0,Established (25-48m),0,85.3245,0,0,0,85.32
CUST-01188,Male,No,No,Yes,25,Yes,Yes,Fiber optic,Yes,Yes,Yes,No,No,No,One Year,No,Bank transfer,99.51,2485.38,Yes,0,Established (25-48m),3,99.4152,0,0,0,99.42
CUST-01189,Male,No,Yes,No,27,Yes,No,No,No internet service,No internet service,No internet service,No internet service,No internet service,No internet service,Month-To-Month,No,Credit card,30.03,806.2,No,0,Established (25-48m),0,29.85925925925926,0,0,0,29.86
CUST-01190,Female,No,No,Yes,63,No,No phone service,DSL,Yes,No,No,Yes,No,Yes,Month-To-Month,No,Credit card,57.95,3652.15,No,0,Loyal (49m+),3,57.97063492063492,0,1,0,57.97
CUST-01191,Male,No,Yes,Yes,67,Yes,Yes,No,No internet service,No internet service,No internet service,No internet service,No internet service,No internet service,One Year,Yes,Bank transfer,37.11,2492.26,Yes,0,Loyal (49m+),0,37.197910447761195,0,0,0,37.2
CUST-01192,Male,No,Yes,No,50,Yes,Yes,Fiber optic,Yes,No,Yes,Yes,Yes,Yes,Month-To-Month,Yes,Electronic check,106.22660000000005,5573.9,Yes,0,Loyal (49m+),5,111.478,0,1,0,111.48
CUST-01193,Male,No,No,No,47,Yes,No,Fiber optic,No,No,No,Yes,Yes,No,Month-To-Month,Yes,Credit card,91.21,4288.7,Yes,0,Established (25-48m),2,91.24893617021276,0,1,0,91.25
CUST-01194,Female,No,No,No,9,Yes,No,Fiber optic,Yes,Yes,No,Yes,Yes,Yes,Two Year,Yes,Credit card,105.41,949.27,No,0,New (0-12m),5,105.47444444444444,0,1,0,105.47
CUST-01195,Female,No,Yes,No,72,Yes,Yes,DSL,No,No,Yes,No,No,No,Month-To-Month,Yes,Mailed check,63.64,4591.4,No,0,Loyal (49m+),1,63.76944444444444,0,0,0,63.77
CUST-01196,Male,No,No,No,38,Yes,Yes,No,No internet service,No internet service,No internet service,No internet service,No internet service,No internet service,One Year,No,Electronic check,33.02,1248.82,No,0,Established (25-48m),0,32.863684210526316,0,0,0,32.86
CUST-01197,Female,Yes,No,No,18,Yes,Yes,DSL,Yes,No,Yes,No,No,Yes,Month-To-Month,No,Credit card,74.31,1327.92,Yes,0,Mid-term (13-24m),3,73.77333333333334,0,1,0,73.77
CUST-01198,Male,No,Yes,No,63,Yes,No,DSL,Yes,No,No,No,No,No,Two Year,Yes,Credit card,59.56,3752.13,No,0,Loyal (49m+),1,59.55761904761905,0,0,0,59.56
CUST-01199,M,Yes,Yes,No,18,Yes,Yes,DSL,No,No,Yes,Yes,Yes,No,Month-To-Month,Yes,Electronic check,76.31,1364.74,Yes,0,Mid-term (13-24m),3,75.81888888888889,0,1,0,75.82
CUST-01200,Male,No,No,No,61,Yes,No,DSL,No,Yes,No,No,Yes,Yes,Two Year,No,Credit card,68.24,4153.82,No,0,Loyal (49m+),3,68.09540983606557,0,1,0,68.1
CUST-01201,Male,No,Yes,Yes,12,Yes,Yes,Fiber optic,Yes,No,No,No,No,Yes,Two Year,Yes,Mailed check,96.58,1149.62,No,0,New (0-12m),2,95.80166666666666,0,1,0,95.8
CUST-01202,F,No,No,No,24,Yes,Yes,DSL,No,No,No,No,Yes,Yes,Two Year,Yes,Credit card,69.71,1675.41,No,0,Mid-term (13-24m),2,69.80875,0,1,0,69.81
CUST-01203,Female,No,No,No,41,Yes,Yes,Fiber optic,No,Yes,Yes,Yes,No,No,Month-To-Month,No,Mailed check,101.5,4164.02,No,0,Established (25-48m),3,101.56146341463416,0,0,0,101.56
CUST-01204,Female,No,No,Yes,38,Yes,No,Fiber optic,No,No,No,Yes,No,No,Month-To-Month,Yes,Mailed check,84.97,3223.97,No,0,Established (25-48m),1,84.84131578947368,0,0,0,84.84
CUST-01205,Male,Yes,No,No,29,Yes,No,No,No internet service,No internet service,No internet service,No internet service,No internet service,No internet service,Two Year,No,Electronic check,27.76,804.04,No,0,Established (25-48m),0,27.725517241379308,0,0,0,27.73
CUST-01206,Female,Yes,Yes,Yes,4,No,No phone service,DSL,No,No,No,No,Yes,No,Two Year,No,Credit card,50.54,200.54,No,0,New (0-12m),1,50.135,0,1,0,50.14
CUST-01207,Male,No,No,Yes,17,Yes,Yes,DSL,No,Yes,No,Yes,Yes,Yes,Two Year,No,Mailed check,79.64,1353.74,No,0,Mid-term (13-24m),4,79.63176470588235,0,1,0,79.63
CUST-01208,Female,No,Yes,No,20,Yes,Yes,DSL,Yes,No,Yes,Yes,No,No,One Year,Yes,Credit card,74.8,1489.99,No,0,Mid-term (13-24m),3,74.4995,0,0,0,74.5
CUST-01209,Male,No,No,Yes,49,Yes,No,Fiber optic,Yes,No,Yes,No,Yes,No,Month-To-Month,Yes,Electronic check,96.41,4730.34,Yes,0,Loyal (49m+),3,96.53755102040816,0,1,0,96.54
CUST-01210,Male,Yes,No,No,5,Yes,Yes,Fiber optic,No,No,No,No,No,No,Month-To-Month,Yes,Bank transfer,83.61,413.81,No,0,New (0-12m),0,82.762,0,0,0,82.76
CUST-01211,Male,No,Yes,No,49,Yes,Yes,Fiber optic,No,Yes,No,No,Yes,Yes,Two Year,Yes,Mailed check,97.63,4780.4,No,0,Loyal (49m+),3,97.55918367346938,0,1,0,97.56
CUST-01212,Female,No,No,Yes,65,Yes,No,Fiber optic,Yes,No,Yes,No,Yes,No,One Year,Yes,Electronic check,93.93,6108.46,No,0,Loyal (49m+),3,93.9763076923077,0,1,0,93.98
CUST-01213,Female,No,Yes,Yes,0,Yes,No,DSL,No,No,No,No,No,No,Month-To-Month,No,Electronic check,53.28,0.0,No,0,New (0-12m),0,53.28,1,0,0,53.28
CUST-01214,F,No,Yes,Yes,56,Yes,Yes,DSL,Yes,No,Yes,No,Yes,No,Month-To-Month,No,Electronic check,74.22,4150.41,No,0,Loyal (49m+),3,74.11446428571428,0,1,0,74.11
CUST-01215,Female,Yes,No,No,29,Yes,No,No,No internet service,No internet service,No internet service,No internet service,No internet service,No internet service,One Year,No,Bank transfer,28.54,824.82,No,0,Established (25-48m),0,28.442068965517244,0,0,0,28.44
CUST-01216,Male,No,No,No,57,Yes,No,DSL,No,No,Yes,Yes,No,No,One Year,Yes,Electronic check,62.99,3587.92,Yes,0,Loyal (49m+),2,62.9459649122807,0,0,0,62.95
CUST-01217,Female,No,No,Yes,51,Yes,No,No,No internet service,No internet service,No internet service,No internet service,No internet service,No internet service,Month-To-Month,No,Electronic check,31.64,1614.22,No,0,Loyal (49m+),0,31.65137254901961,0,0,0,31.65
CUST-01218,Female,No,No,No,36,Yes,No,No,No internet service,No internet service,No internet service,No internet service,No internet service,No internet service,Month-To-Month,Yes,Electronic check,28.55,1034.5,Yes,0,Established (25-48m),0,28.73611111111111,0,0,0,28.74
CUST-01219,Male,No,Yes,No,47,Yes,No,Fiber optic,No,No,No,No,Yes,No,Month-To-Month,Yes,Mailed check,84.32,3967.55,Yes,0,Established (25-48m),1,84.41595744680852,0,1,0,84.42
CUST-01220,Male,No,No,Yes,0,No,No phone service,No,No internet service,No internet service,No internet service,No internet service,No internet service,No internet service,Month-To-Month,No,Electronic check,19.8858,0.0,No,0,New (0-12m),0,19.8858,1,0,0,19.89
CUST-01221,male,No,No,Yes,18,No,No phone service,DSL,Yes,Yes,Yes,No,No,No,Two Year,Yes,Mailed check,61.36,1108.73,No,0,Mid-term (13-24m),3,61.596111111111114,0,0,0,61.6
CUST-01222,Female,No,No,Yes,45,Yes,No,DSL,No,No,No,No,No,No,One Year,Yes,Bank transfer,54.82,2459.42,No,0,Established (25-48m),0,54.653777777777776,0,0,0,54.65
CUST-01223,Male,Yes,No,Yes,66,Yes,Yes,DSL,No,Yes,No,Yes,No,Yes,One Year,No,Mailed check,76.82,5063.96,No,0,Loyal (49m+),3,76.72666666666667,0,1,0,76.73
CUST-01224,Male,No,No,Yes,1,Yes,Yes,DSL,No,Yes,No,Yes,No,No,Two Year,Yes,Mailed check,67.76,65.64,No,0,New (0-12m),2,65.64,1,0,0,65.64
CUST-01225,male,No,Yes,Yes,55,Yes,No,DSL,No,No,No,No,No,No,Month-To-Month,No,Electronic check,53.32,2929.5,Yes,0,Loyal (49m+),0,53.263636363636365,0,0,0,53.26
CUST-01226,Female,Yes,No,Yes,16,Yes,No,Fiber optic,No,No,Yes,No,Yes,Yes,Two Year,Yes,Electronic check,93.79,1508.04,No,0,Mid-term (13-24m),3,94.2525,0,1,0,94.25
CUST-01227,Male,No,Yes,Yes,21,Yes,Yes,DSL,Yes,Yes,No,No,No,Yes,Two Year,No,Credit card,76.94,1625.68,No,0,Mid-term (13-24m),3,77.41333333333334,0,1,0,77.41
CUST-01228,Female,No,No,Yes,26,Yes,Yes,Fiber optic,No,Yes,No,No,No,No,One Year,Yes,Credit card,89.27,2315.08,No,0,Established (25-48m),1,89.04153846153847,0,0,0,89.04
CUST-01229,Female,No,No,Yes,54,No,No phone service,DSL,No,Yes,Yes,No,Yes,Yes,Month-To-Month,Yes,Mailed check,63.43,3428.37,No,0,Loyal (49m+),4,63.48833333333333,0,1,0,63.49
CUST-01230,Male,No,No,No,31,Yes,Yes,DSL,No,No,No,No,No,No,One Year,Yes,Electronic check,61.51,1908.46,No,0,Established (25-48m),0,61.56322580645161,0,0,0,61.56
CUST-01231,Male,No,Yes,No,59,Yes,Yes,Fiber optic,No,Yes,No,Yes,No,No,Two Year,No,Mailed check,94.01,5551.98,No,0,Loyal (49m+),2,94.10135593220338,0,0,0,94.1
CUST-01232,Female,Yes,No,Yes,27,No,No phone service,Fiber optic,No,Yes,Yes,No,No,Yes,Month-To-Month,No,Credit card,84.25,2278.74,No,0,Established (25-48m),3,84.39777777777778,0,1,0,84.4
CUST-01233,Male,No,Yes,No,27,Yes,No,Fiber optic,No,Yes,No,No,No,No,Month-To-Month,No,Bank transfer,85.77,2311.3,No,0,Established (25-48m),1,85.60370370370372,0,0,0,85.6
CUST-01234,Male,No,Yes,No,24,No,No phone service,No,No internet service,No internet service,No internet service,No internet service,No internet service,No internet service,Two Year,No,Credit card,19.8858,472.9,No,0,Mid-term (13-24m),0,19.704166666666666,0,0,0,19.7
CUST-01235,Female,No,No,No,25,Yes,No,Fiber optic,Yes,No,No,Yes,Yes,No,Two Year,No,Electronic check,92.58,2314.08,No,0,Established (25-48m),3,92.5632,0,1,0,92.56
CUST-01236,Female,No,Yes,No,70,Yes,Yes,Fiber optic,Yes,Yes,No,No,No,Yes,Month-To-Month,Yes,Bank transfer,102.45,7180.16,No,0,Loyal (49m+),3,102.57371428571429,0,1,0,102.57
CUST-01237,Male,No,No,No,16,Yes,Yes,DSL,No,No,Yes,Yes,No,Yes,Month-To-Month,No,Bank transfer,73.69,1180.25,No,0,Mid-term (13-24m),3,73.765625,0,1,0,73.77
CUST-01238,Female,No,No,No,6,Yes,No,Fiber optic,No,No,No,No,Yes,No,Month-To-Month,Yes,Mailed check,83.72,498.14,Yes,0,New (0-12m),1,83.02333333333333,0,1,0,83.02
CUST-01239,Male,No,Yes,Yes,55,Yes,No,Fiber optic,No,Yes,No,No,Yes,Yes,Month-To-Month,Yes,Mailed check,93.17,5132.27,No,0,Loyal (49m+),3,93.31400000000001,0,1,0,93.31
CUST-01240,Male,No,No,Yes,63,Yes,No,Fiber optic,No,No,No,No,No,No,Two Year,Yes,Mailed check,78.29,4938.8,No,0,Loyal (49m+),0,78.39365079365079,0,0,0,78.39
CUST-01241,Male,Yes,No,No,19,Yes,No,Fiber optic,No,Yes,No,No,No,No,Month-To-Month,Yes,Credit card,85.01,1624.13,Yes,0,Mid-term (13-24m),1,85.48052631578948,0,0,0,85.48
CUST-01242,Female,No,Yes,No,37,Yes,Yes,Fiber optic,No,No,Yes,No,Yes,No,Month-To-Month,No,Credit card,97.2,3604.27,No,0,Established (25-48m),2,97.4127027027027,0,1,0,97.41
CUST-01243,male,No,Yes,Yes,57,Yes,No,Fiber optic,No,No,No,No,Yes,No,Two Year,Yes,Electronic check,85.99,4896.33,No,0,Loyal (49m+),1,85.90052631578948,0,1,0,85.9
CUST-01244,Male,No,Yes,No,15,Yes,Yes,DSL,No,No,No,No,Yes,Yes,Month-To-Month,No,Mailed check,70.79,1068.16,No,0,Mid-term (13-24m),2,71.21066666666667,0,1,0,71.21
CUST-01245,Male,No,Yes,No,50,No,No phone service,Fiber optic,Yes,No,Yes,Yes,No,No,Two Year,No,Credit card,84.31,4217.38,No,0,Loyal (49m+),3,84.3476,0,0,0,84.35
CUST-01246,Female,No,Yes,No,26,Yes,No,Fiber optic,No,No,No,No,No,Yes,Month-To-Month,Yes,Electronic check,86.57,2248.89,Yes,0,Established (25-48m),1,86.49576923076923,0,1,0,86.5
CUST-01247,Female,No,Yes,No,50,Yes,Yes,Fiber optic,Yes,No,No,No,No,Yes,Two Year,No,Mailed check,94.87,4733.65,No,0,Loyal (49m+),2,94.67299999999999,0,1,0,94.67
CUST-01248,Female,No,No,No,15,Yes,Yes,DSL,No,Yes,Yes,Yes,No,Yes,Two Year,No,Electronic check,79.79,1200.8,No,0,Mid-term (13-24m),4,80.05333333333333,0,1,0,80.05
CUST-01249,Female,No,Yes,Yes,59,Yes,Yes,No,No internet service,No internet service,No internet service,No internet service,No internet service,No internet service,Month-To-Month,Yes,Electronic check,37.47,2217.81,No,0,Loyal (49m+),0,37.589999999999996,0,0,0,37.59
CUST-01250,Female,Yes,Yes,Yes,39,No,No phone service,No,No internet service,No internet service,No internet service,No internet service,No internet service,No internet service,Two Year,No,Credit card,20.54,803.14,Yes,0,Established (25-48m),0,20.593333333333334,0,0,0,20.59
CUST-01251,Male,Yes,No,No,66,Yes,Yes,Fiber optic,Yes,Yes,Yes,No,No,No,Two Year,Yes,Mailed check,101.84,6717.65,No,0,Loyal (49m+),3,101.78257575757576,0,0,0,101.78
CUST-01252,Female,Yes,No,Yes,1,No,No phone service,DSL,No,No,No,No,No,No,Two Year,Yes,Bank transfer,45.12,36.27,No,0,New (0-12m),0,36.27,1,0,0,36.27
CUST-01253,Female,No,Yes,No,47,No,No phone service,Fiber optic,Yes,No,Yes,Yes,Yes,No,Month-To-Month,Yes,Electronic check,88.31,4153.75,No,0,Established (25-48m),4,88.37765957446808,0,1,0,88.38
CUST-01254,Female,No,Yes,No,51,Yes,Yes,Fiber optic,No,No,No,No,No,No,Month-To-Month,Yes,Electronic check,87.44,4457.51,No,0,Loyal (49m+),0,87.4021568627451,0,0,0,87.4
CUST-01255,Male,No,No,No,23,Yes,No,Fiber optic,Yes,No,Yes,Yes,Yes,No,Month-To-Month,Yes,Credit card,100.78,2317.88,No,0,Mid-term (13-24m),4,100.77739130434783,0,1,0,100.78
CUST-01256,Female,No,Yes,No,1,Yes,No,DSL,No,No,No,No,Yes,Yes,Month-To-Month,Yes,Mailed check,63.24,64.53,Yes,0,New (0-12m),2,64.53,1,1,0,64.53
CUST-01257,Female,No,Yes,No,64,Yes,Yes,Fiber optic,Yes,Yes,No,Yes,Yes,Yes,Month-To-Month,Yes,Electronic check,106.22660000000005,7122.17,No,0,Loyal (49m+),5,111.28390625,0,1,0,111.28
CUST-01258,Male,No,No,No,19,Yes,Yes,Fiber optic,No,Yes,No,No,Yes,Yes,Month-To-Month,No,Credit card,99.7,1895.04,No,0,Mid-term (13-24m),3,99.73894736842105,0,1,0,99.74
CUST-01259,Female,No,Yes,No,33,No,No phone service,No,No internet service,No internet service,No internet service,No internet service,No internet service,No internet service,One Year,No,Mailed check,21.61,713.65,No,0,Established (25-48m),0,21.625757575757575,0,0,0,21.63
CUST-01260,Male,No,No,No,40,Yes,No,Fiber optic,No,Yes,Yes,No,Yes,No,Month-To-Month,Yes,Mailed check,93.89,3755.23,No,0,Established (25-48m),3,93.88075,0,1,0,93.88
CUST-01261,Male,No,Yes,No,40,Yes,Yes,No,No internet service,No internet service,No internet service,No internet service,No internet service,No internet service,Two Year,Yes,Bank transfer,37.21,1486.95,Yes,0,Established (25-48m),0,37.17375,0,0,0,37.17
CUST-01262,Male,No,No,Yes,22,Yes,Yes,No,No internet service,No internet service,No internet service,No internet service,No internet service,No internet service,Two Year,Yes,Electronic check,33.99,750.24,No,0,Mid-term (13-24m),0,34.10181818181818,0,0,0,34.1
CUST-01263,Male,No,No,No,37,Yes,No,Fiber optic,Yes,No,No,Yes,No,Yes,Month-To-Month,No,Mailed check,97.49,3597.62,No,0,Established (25-48m),3,97.23297297297297,0,1,0,97.23
CUST-01264,Male,No,No,Yes,43,Yes,Yes,Fiber optic,Yes,Yes,No,No,Yes,Yes,Month-To-Month,Yes,Bank transfer,106.0,4562.46,Yes,0,Established (25-48m),4,106.10372093023256,0,1,0,106.1
CUST-01265,Female,No,Yes,Yes,66,Yes,Yes,DSL,No,Yes,Yes,No,Yes,No,Two Year,Yes,Electronic check,77.36,5102.05,No,0,Loyal (49m+),3,77.30378787878789,0,1,0,77.3
CUST-01266,Male,No,No,No,61,Yes,No,Fiber optic,Yes,No,Yes,Yes,Yes,Yes,Month-To-Month,Yes,Bank transfer,106.12,6470.77,No,0,Loyal (49m+),5,106.07819672131149,0,1,0,106.08
CUST-01267,Male,No,Yes,Yes,11,Yes,Yes,DSL,No,No,No,No,No,No,Month-To-Month,No,Mailed check,61.27,676.25,Yes,0,New (0-12m),0,61.47727272727273,0,0,0,61.48
CUST-01268,Female,No,No,No,29,Yes,No,DSL,No,Yes,No,No,No,No,Two Year,Yes,Bank transfer,58.11,1680.14,No,0,Established (25-48m),1,57.93586206896552,0,0,0,57.94
CUST-01269,Male,No,No,No,64,No,No phone service,No,No internet service,No internet service,No internet service,No internet service,No internet service,No internet service,Month-To-Month,Yes,Electronic check,19.8858,1128.3,No,0,Loyal (49m+),0,17.6296875,0,0,0,17.63
CUST-01270,Female,No,No,No,40,Yes,Yes,No,No internet service,No internet service,No internet service,No internet service,No internet service,No internet service,Two Year,No,Credit card,32.93,1309.75,No,0,Established (25-48m),0,32.74375,0,0,0,32.74
CUST-01271,Female,No,Yes,No,19,Yes,No,DSL,No,No,No,No,Yes,No,Two Year,No,Credit card,59.69,1137.1,No,0,Mid-term (13-24m),1,59.84736842105263,0,1,0,59.85
CUST-01272,Female,Yes,Yes,Yes,5,Yes,No,Fiber optic,No,No,No,No,No,No,Month-To-Month,No,Electronic check,79.51,401.89,Yes,0,New (0-12m),0,80.378,0,0,0,80.38
CUST-01273,Male,No,No,Yes,3,No,No phone service,Fiber optic,No,No,No,No,No,No,Two Year,Yes,Credit card,68.42,209.25,Yes,0,New (0-12m),0,69.75,1,0,0,69.75
CUST-01274,Male,No,Yes,No,9,Yes,Yes,Fiber optic,No,No,No,Yes,Yes,No,Month-To-Month,No,Mailed check,92.72,839.96,No,0,New (0-12m),2,93.3288888888889,0,1,0,93.33
CUST-01275,Male,No,Yes,Yes,50,Yes,Yes,DSL,Yes,No,Yes,Yes,Yes,No,Two Year,Yes,Bank transfer,80.96,4048.34,No,0,Loyal (49m+),4,80.9668,0,1,0,80.97
CUST-01276,Female,Yes,Yes,Yes,37,Yes,Yes,Fiber optic,Yes,Yes,No,No,Yes,No,Two Year,Yes,Credit card,98.49,3651.43,No,0,Established (25-48m),3,98.68729729729729,0,1,0,98.69
CUST-01277,Male,No,No,Yes,0,No,No phone service,DSL,No,No,No,Yes,No,No,Month-To-Month,Yes,Electronic check,52.39,0.0,No,0,New (0-12m),1,52.39,1,0,0,52.39
CUST-01278,Male,No,Yes,No,7,Yes,No,DSL,No,No,No,No,No,No,One Year,Yes,Electronic check,53.02,368.81,No,0,New (0-12m),0,52.68714285714286,0,0,0,52.69
CUST-01279,Male,No,No,Yes,62,Yes,Yes,Fiber optic,Yes,Yes,Yes,No,No,No,One Year,Yes,Electronic check,99.32,6166.97,Yes,0,Loyal (49m+),3,99.46725806451613,0,0,0,99.47
CUST-01280,Female,Yes,No,Yes,32,Yes,Yes,No,No internet service,No internet service,No internet service,No internet service,No internet service,No internet service,Month-To-Month,Yes,Mailed check,34.89,1122.26,No,0,Established (25-48m),0,35.070625,0,0,0,35.07
CUST-01281,Female,No,No,Yes,14,Yes,No,No,No internet service,No internet service,No internet service,No internet service,No internet service,No internet service,Two Year,Yes,Electronic check,28.59,405.11,Yes,0,Mid-term (13-24m),0,28.93642857142857,0,0,0,28.94
CUST-01282,Male,No,Yes,No,30,Yes,Yes,Fiber optic,No,No,Yes,No,No,No,Month-To-Month,Yes,Mailed check,90.02,2704.82,No,0,Established (25-48m),1,90.16066666666667,0,0,0,90.16
CUST-01283,Male,No,No,Yes,20,Yes,No,DSL,No,Yes,Yes,No,No,Yes,Month-To-Month,No,Electronic check,68.12,1354.61,No,0,Mid-term (13-24m),3,67.73049999999999,0,1,0,67.73
CUST-01284,Male,No,Yes,Yes,2,Yes,Yes,Fiber optic,No,Yes,No,No,No,Yes,Month-To-Month,Yes,Bank transfer,92.51,194.03,No,0,New (0-12m),2,97.015,1,1,0,97.02
CUST-01285,Male,No,Yes,No,65,Yes,Yes,No,No internet service,No internet service,No internet service,No internet service,No internet service,No internet service,One Year,No,Electronic check,35.99,2335.2,Yes,0,Loyal (49m+),0,35.926153846153845,0,0,0,35.93
CUST-01286,Female,No,No,Yes,34,Yes,Yes,Fiber optic,No,No,No,Yes,Yes,No,Two Year,Yes,Mailed check,96.67,3279.67,No,0,Established (25-48m),2,96.46088235294118,0,1,0,96.46
CUST-01287,Female,No,No,No,40,Yes,Yes,No,No internet service,No internet service,No internet service,No internet service,No internet service,No internet service,One Year,Yes,Electronic check,35.37,1405.17,Yes,0,Established (25-48m),0,35.12925,0,0,0,35.13
CUST-01288,Female,No,No,No,58,Yes,No,DSL,No,No,Yes,No,No,No,Two Year,Yes,Bank transfer,58.64,3398.86,No,0,Loyal (49m+),1,58.60103448275862,0,0,0,58.6
CUST-01289,Female,No,Yes,No,15,Yes,Yes,Fiber optic,No,No,No,No,Yes,Yes,One Year,No,Credit card,94.47,1420.5,No,0,Mid-term (13-24m),2,94.7,0,1,0,94.7
CUST-01290,Male,Yes,Yes,No,55,Yes,No,DSL,No,No,No,No,No,No,Month-To-Month,No,Electronic check,55.63,3057.49,No,0,Loyal (49m+),0,55.59072727272727,0,0,0,55.59
CUST-01291,Male,No,No,No,44,Yes,No,Fiber optic,No,No,No,No,Yes,No,Month-To-Month,No,Bank transfer,82.66,3643.21,No,0,Established (25-48m),1,82.80022727272727,0,1,0,82.8
CUST-01292,Male,No,No,No,58,Yes,Yes,DSL,No,No,Yes,No,No,Yes,Month-To-Month,Yes,Credit card,67.97,3935.89,No,0,Loyal (49m+),2,67.8601724137931,0,1,0,67.86
CUST-01293,Female,No,Yes,Yes,49,Yes,No,DSL,No,Yes,No,No,Yes,No,Month-To-Month,Yes,Credit card,67.29,3290.6,No,0,Loyal (49m+),2,67.15510204081633,0,1,0,67.16
CUST-01294,Male,No,Yes,No,11,Yes,No,Fiber optic,No,No,Yes,No,No,No,Month-To-Month,No,Mailed check,85.89,940.12,No,0,New (0-12m),1,85.46545454545455,0,0,0,85.47
CUST-01295,Female,No,No,Yes,11,Yes,Yes,Fiber optic,No,Yes,No,No,No,No,Two Year,No,Electronic check,90.98,991.87,No,0,New (0-12m),1,90.17,0,0,0,90.17
CUST-01296,Female,No,Yes,Yes,32,Yes,Yes,No,No internet service,No internet service,No internet service,No internet service,No internet service,No internet service,Two Year,No,Electronic check,33.01,1063.1,No,0,Established (25-48m),0,33.221875,0,0,0,33.22
CUST-01297,Male,No,Yes,No,48,Yes,Yes,Fiber optic,No,No,No,Yes,Yes,Yes,Month-To-Month,Yes,Mailed check,98.66,4728.38,No,0,Established (25-48m),3,98.50791666666667,0,1,0,98.51
CUST-01298,Male,No,Yes,Yes,20,Yes,Yes,No,No internet service,No internet service,No internet service,No internet service,No internet service,No internet service,Month-To-Month,No,Bank transfer,34.46,686.8,No,0,Mid-term (13-24m),0,34.339999999999996,0,0,0,34.34
CUST-01299,Male,No,Yes,Yes,59,Yes,Yes,DSL,No,No,No,Yes,No,Yes,Month-To-Month,Yes,Mailed check,68.53,4042.53,No,0,Loyal (49m+),2,68.51745762711865,0,1,0,68.52
CUST-01300,Female,No,Yes,Yes,51,Yes,Yes,Fiber optic,No,Yes,No,No,Yes,No,Two Year,Yes,Bank transfer,96.55,4918.75,No,0,Loyal (49m+),2,96.44607843137256,0,1,0,96.45
CUST-01301,Male,No,Yes,No,53,Yes,No,No,No internet service,No internet service,No internet service,No internet service,No internet service,No internet service,Month-To-Month,Yes,Electronic check,30.53,1625.78,No,0,Loyal (49m+),0,30.675094339622643,0,0,0,30.68
CUST-01302,Female,Yes,No,Yes,38,Yes,No,Fiber optic,No,Yes,No,No,No,Yes,One Year,No,Electronic check,88.48,3366.96,Yes,0,Established (25-48m),2,88.6042105263158,0,1,0,88.6
CUST-01303,Male,No,Yes,Yes,48,Yes,Yes,No,No internet service,No internet service,No internet service,No internet service,No internet service,No internet service,Month-To-Month,No,Credit card,36.35,1735.36,No,0,Established (25-48m),0,36.15333333333333,0,0,0,36.15
CUST-01304,Female,Yes,No,No,63,Yes,No,Fiber optic,No,Yes,No,No,Yes,No,One Year,Yes,Credit card,90.2,5681.37,No,0,Loyal (49m+),2,90.18047619047618,0,1,0,90.18
CUST-01305,Female,No,No,Yes,25,Yes,No,Fiber optic,No,No,No,No,No,Yes,Month-To-Month,Yes,Bank transfer,83.54,2081.26,Yes,0,Established (25-48m),1,83.25040000000001,0,1,0,83.25
CUST-01306,Male,Yes,Yes,Yes,70,Yes,No,Fiber optic,Yes,Yes,No,No,Yes,No,Month-To-Month,Yes,Electronic check,96.71,6772.48,Yes,0,Loyal (49m+),3,96.74971428571428,0,1,0,96.75
CUST-01307,Female,No,No,Yes,6,Yes,Yes,No,No internet service,No internet service,No internet service,No internet service,No internet service,No internet service,Month-To-Month,Yes,Credit card,33.55,201.17,No,0,New (0-12m),0,33.52833333333333,0,0,0,33.53
CUST-01308,Female,No,No,No,71,Yes,Yes,No,No internet service,No internet service,No internet service,No internet service,No internet service,No internet service,Month-To-Month,Yes,Electronic check,35.95,2558.62,Yes,0,Loyal (49m+),0,36.0369014084507,0,0,0,36.04
CUST-01309,Male,No,No,Yes,61,Yes,Yes,Fiber optic,No,No,No,No,No,No,Two Year,Yes,Bank transfer,84.5,5158.18,No,0,Loyal (49m+),0,84.56032786885247,0,0,0,84.56
CUST-01310,Female,No,Yes,Yes,23,Yes,Yes,DSL,No,No,No,No,No,No,Month-To-Month,No,Electronic check,61.25,1415.12,No,0,Mid-term (13-24m),0,61.52695652173912,0,0,0,61.53
CUST-01311,M,No,No,No,39,Yes,No,DSL,Yes,No,No,No,No,No,Month-To-Month,Yes,Electronic check,59.62,2332.71,Yes,0,Established (25-48m),1,59.81307692307693,0,0,0,59.81
CUST-01312,Female,No,Yes,No,46,Yes,Yes,Fiber optic,No,Yes,Yes,Yes,No,Yes,Two Year,Yes,Bank transfer,103.93,4774.39,No,0,Established (25-48m),4,103.79108695652175,0,1,0,103.79
CUST-01313,Male,No,No,No,7,Yes,Yes,DSL,No,No,No,Yes,No,No,Month-To-Month,No,Credit card,67.31,472.84,No,0,New (0-12m),1,67.54857142857142,0,0,0,67.55
CUST-01314,Male,No,No,Yes,53,Yes,Yes,Fiber optic,No,Yes,No,No,Yes,Yes,Month-To-Month,Yes,Electronic check,101.29,5361.55,Yes,0,Loyal (49m+),3,101.16132075471698,0,1,0,101.16
CUST-01315,Female,No,No,No,8,Yes,No,No,No internet service,No internet service,No internet service,No internet service,No internet service,No internet service,Two Year,No,Credit card,31.64,247.99,No,0,New (0-12m),0,30.99875,0,0,0,31.0
CUST-01316,Female,No,No,No,2,Yes,No,Fiber optic,No,No,No,No,Yes,No,One Year,Yes,Mailed check,84.06,162.67,No,0,New (0-12m),1,81.335,1,1,0,81.33
CUST-01317,Female,No,Yes,No,53,Yes,No,Fiber optic,No,No,No,No,No,Yes,Month-To-Month,No,Bank transfer,84.24,4461.78,No,0,Loyal (49m+),1,84.18452830188679,0,1,0,84.18
CUST-01318,Female,No,No,Yes,20,Yes,Yes,DSL,Yes,No,Yes,No,No,Yes,Two Year,Yes,Mailed check,73.36,1472.96,No,0,Mid-term (13-24m),3,73.648,0,1,0,73.65
CUST-01319,Female,No,No,No,47,Yes,Yes,Fiber optic,No,No,No,Yes,No,No,One Year,No,Electronic check,89.73,4213.66,No,0,Established (25-48m),1,89.65234042553192,0,0,0,89.65
CUST-01320,Male,No,Yes,No,46,Yes,No,Fiber optic,Yes,Yes,No,No,No,No,Month-To-Month,Yes,Electronic check,92.48,4258.98,Yes,0,Established (25-48m),2,92.58652173913042,0,0,0,92.59
CUST-01321,Female,No,Yes,No,67,Yes,No,Fiber optic,Yes,No,No,Yes,No,No,One Year,No,Credit card,90.45,6050.17,No,0,Loyal (49m+),2,90.3010447761194,0,0,0,90.3
CUST-01322,Male,No,Yes,No,62,No,No phone service,Fiber optic,No,Yes,No,No,No,No,One Year,Yes,Electronic check,76.12,4721.01,No,0,Loyal (49m+),1,76.14532258064517,0,0,0,76.15
CUST-01323,Male,No,No,No,15,Yes,Yes,DSL,No,No,Yes,No,No,Yes,Two Year,Yes,Electronic check,71.19,1063.47,No,0,Mid-term (13-24m),2,70.898,0,1,0,70.9
CUST-01324,Female,No,Yes,Yes,4,Yes,Yes,Fiber optic,Yes,No,Yes,No,No,Yes,Two Year,Yes,Electronic check,98.51,398.88,No,0,New (0-12m),3,99.72,0,1,0,99.72
CUST-01325,Male,No,Yes,Yes,10,Yes,No,No,No internet service,No internet service,No internet service,No internet service,No internet service,No internet service,Month-To-Month,No,Credit card,27.78,287.62,No,0,New (0-12m),0,28.762,0,0,0,28.76
CUST-01326,Male,No,Yes,No,28,No,No phone service,DSL,No,No,No,Yes,Yes,No,One Year,No,Electronic check,53.11,1487.73,No,0,Established (25-48m),2,53.13321428571429,0,1,0,53.13
CUST-01327,Male,No,Yes,No,69,Yes,No,No,No internet service,No internet service,No internet service,No internet service,No internet service,No internet service,Month-To-Month,Yes,Electronic check,31.1,2146.56,No,0,Loyal (49m+),0,31.109565217391303,0,0,0,31.11
CUST-01328,Male,No,Yes,No,47,Yes,Yes,Fiber optic,No,No,No,No,Yes,Yes,Month-To-Month,Yes,Electronic check,94.78,4464.15,Yes,0,Established (25-48m),2,94.98191489361702,0,1,0,94.98
CUST-01329,male,No,Yes,Yes,14,Yes,Yes,Fiber optic,No,No,No,No,Yes,No,Month-To-Month,Yes,Electronic check,92.02,1285.46,No,0,Mid-term (13-24m),1,91.81857142857143,0,1,0,91.82
CUST-01330,Male,No,No,Yes,33,Yes,No,Fiber optic,No,No,No,No,Yes,No,One Year,Yes,Bank transfer,84.33,2780.82,No,0,Established (25-48m),1,84.26727272727273,0,1,0,84.27
CUST-01331,Female,No,Yes,Yes,59,Yes,No,Fiber optic,No,No,No,No,Yes,No,One Year,Yes,Credit card,83.01,4901.52,No,0,Loyal (49m+),1,83.07661016949153,0,1,0,83.08
CUST-01332,Female,No,No,Yes,61,Yes,Yes,Fiber optic,Yes,No,Yes,Yes,No,No,Month-To-Month,No,Electronic check,102.34,6242.6,No,0,Loyal (49m+),3,102.3377049180328,0,0,0,102.34
CUST-01333,Male,No,Yes,No,1,Yes,No,Fiber optic,No,No,No,No,Yes,No,Two Year,No,Electronic check,84.5,89.88,Yes,0,New (0-12m),1,89.88,1,1,0,89.88
CUST-01334,Female,No,Yes,No,18,Yes,Yes,DSL,No,No,No,Yes,No,No,Two Year,No,Credit card,66.74,1199.55,Yes,0,Mid-term (13-24m),1,66.64166666666667,0,0,0,66.64
CUST-01335,Female,No,Yes,No,48,Yes,Yes,Fiber optic,Yes,Yes,No,Yes,No,Yes,One Year,Yes,Credit card,102.73,4934.82,No,0,Established (25-48m),4,102.80874999999999,0,1,0,102.81
CUST-01336,Female,No,No,No,27,Yes,No,No,No internet service,No internet service,No internet service,No internet service,No internet service,No internet service,Month-To-Month,No,Electronic check,29.3,796.5,No,0,Established (25-48m),0,29.5,0,0,0,29.5
CUST-01337,Male,Yes,Yes,Yes,47,Yes,Yes,DSL,Yes,Yes,No,No,No,No,Two Year,Yes,Electronic check,70.47,3314.95,No,0,Established (25-48m),2,70.53085106382979,0,0,0,70.53
CUST-01338,male,No,Yes,No,36,Yes,Yes,No,No internet service,No internet service,No internet service,No internet service,No internet service,No internet service,Two Year,Yes,Credit card,35.12,1258.36,No,0,Established (25-48m),0,34.95444444444444,0,0,0,34.95
CUST-01339,Female,Yes,Yes,Yes,48,Yes,Yes,Fiber optic,Yes,No,No,No,No,No,Month-To-Month,Yes,Bank transfer,91.14,4375.04,No,0,Established (25-48m),1,91.14666666666666,0,0,0,91.15
CUST-01340,Female,No,Yes,Yes,47,Yes,Yes,DSL,No,Yes,No,No,No,No,Month-To-Month,Yes,Credit card,66.92,3154.57,No,0,Established (25-48m),1,67.11851063829788,0,0,0,67.12
CUST-01341,Male,No,No,No,72,Yes,Yes,Fiber optic,No,Yes,No,No,No,No,Two Year,No,Electronic check,91.29,6564.96,No,0,Loyal (49m+),1,91.18,0,0,0,91.18
CUST-01342,Female,No,No,Yes,28,Yes,Yes,DSL,No,No,No,Yes,Yes,No,One Year,Yes,Bank transfer,69.05,1937.5,Yes,0,Established (25-48m),2,69.19642857142857,0,1,0,69.2
CUST-01343,Male,No,No,Yes,59,Yes,No,DSL,No,Yes,No,No,Yes,No,Month-To-Month,No,Bank transfer,67.35,3979.41,No,0,Loyal (49m+),2,67.44762711864406,0,1,0,67.45
CUST-01344,F,No,No,No,28,Yes,Yes,DSL,Yes,No,No,No,No,No,Month-To-Month,No,Credit card,67.1,1882.3,Yes,0,Established (25-48m),1,67.225,0,0,0,67.22
CUST-01345,Male,No,No,Yes,57,Yes,Yes,DSL,No,No,No,Yes,Yes,No,One Year,Yes,Credit card,70.65,4019.3,No,0,Loyal (49m+),2,70.51403508771931,0,1,0,70.51
CUST-01346,Male,No,Yes,Yes,47,No,No phone service,DSL,Yes,No,Yes,No,No,No,Month-To-Month,Yes,Electronic check,55.05,2578.85,No,0,Established (25-48m),2,54.86914893617021,0,0,0,54.87
CUST-01347,Male,Yes,Yes,No,22,No,No phone service,DSL,No,No,No,No,No,Yes,Month-To-Month,Yes,Bank transfer,50.08,1101.89,Yes,0,Mid-term (13-24m),1,50.0859090909091,0,1,0,50.09
CUST-01348,Male,No,Yes,Yes,26,Yes,Yes,DSL,Yes,Yes,No,No,Yes,No,Month-To-Month,Yes,Electronic check,76.18,1977.1,No,0,Established (25-48m),3,76.04230769230769,0,1,0,76.04
CUST-01349,Female,No,No,Yes,6,Yes,No,No,No internet service,No internet service,No internet service,No internet service,No internet service,No internet service,Month-To-Month,No,Credit card,29.92,177.33,No,0,New (0-12m),0,29.555000000000003,0,0,0,29.56
CUST-01350,Male,No,Yes,No,48,Yes,Yes,No,No internet service,No internet service,No internet service,No internet service,No internet service,No internet service,One Year,No,Bank transfer,37.43,1792.1,No,0,Established (25-48m),0,37.33541666666667,0,0,0,37.34
CUST-01351,Female,No,No,Yes,53,Yes,Yes,No,No internet service,No internet service,No internet service,No internet service,No internet service,No internet service,Two Year,Yes,Credit card,36.05,1917.04,No,0,Loyal (49m+),0,36.170566037735846,0,0,0,36.17
CUST-01352,Female,No,Yes,No,67,Yes,No,DSL,No,No,Yes,No,Yes,Yes,Month-To-Month,No,Electronic check,68.69,4609.23,Yes,0,Loyal (49m+),3,68.7944776119403,0,1,0,68.79
CUST-01353,male,No,No,Yes,41,Yes,Yes,DSL,No,No,Yes,No,No,No,One Year,Yes,Electronic check,65.79,2687.72,No,0,Established (25-48m),1,65.55414634146341,0,0,0,65.55
CUST-01354,Female,Yes,Yes,Yes,58,Yes,No,DSL,No,Yes,No,Yes,Yes,Yes,Month-To-Month,Yes,Electronic check,74.92,4351.63,No,0,Loyal (49m+),4,75.02810344827586,0,1,0,75.03
CUST-01355,Female,No,Yes,No,43,Yes,No,Fiber optic,No,No,Yes,No,No,Yes,Month-To-Month,Yes,Electronic check,88.3,3800.37,No,0,Established (25-48m),2,88.3806976744186,0,1,0,88.38
CUST-01356,Female,No,Yes,No,25,Yes,Yes,No,No internet service,No internet service,No internet service,No internet service,No internet service,No internet service,Two Year,Yes,Mailed check,35.09,876.34,No,0,Established (25-48m),0,35.0536,0,0,0,35.05
CUST-01357,Female,No,Yes,Yes,22,Yes,No,No,No internet service,No internet service,No internet service,No internet service,No internet service,No internet service,Month-To-Month,Yes,Credit card,31.79,691.04,Yes,0,Mid-term (13-24m),0,31.41090909090909,0,0,0,31.41
CUST-01358,Male,No,No,No,72,Yes,No,DSL,No,No,No,No,No,Yes,Month-To-Month,Yes,Mailed check,57.62,4152.01,No,0,Loyal (49m+),1,57.666805555555555,0,1,0,57.67
CUST-01359,Female,No,Yes,Yes,7,Yes,Yes,Fiber optic,Yes,No,Yes,No,No,No,Month-To-Month,Yes,Mailed check,96.76,672.59,No,0,New (0-12m),2,96.08428571428571,0,0,0,96.08
CUST-01360,Male,No,Yes,No,52,No,No phone service,No,No internet service,No internet service,No internet service,No internet service,No internet service,No internet service,One Year,Yes,Credit card,20.93,1089.35,Yes,0,Loyal (49m+),0,20.94903846153846,0,0,0,20.95
CUST-01361,Female,No,Yes,Yes,13,Yes,No,Fiber optic,No,Yes,No,No,No,Yes,Month-To-Month,Yes,Credit card,91.13,1179.13,No,0,Mid-term (13-24m),2,90.7023076923077,0,1,0,90.7
CUST-01362,Female,No,No,Yes,70,Yes,No,DSL,No,No,No,No,Yes,No,Month-To-Month,Yes,Mailed check,61.96,4344.76,No,0,Loyal (49m+),1,62.068000000000005,0,1,0,62.07
CUST-01363,Male,No,Yes,Yes,6,No,No phone service,DSL,No,No,No,No,Yes,No,Two Year,Yes,Electronic check,52.22,310.3,No,0,New (0-12m),1,51.71666666666667,0,1,0,51.72
CUST-01364,Female,No,Yes,Yes,8,Yes,Yes,Fiber optic,No,Yes,Yes,Yes,No,No,Month-To-Month,Yes,Electronic check,98.98,795.57,Yes,0,New (0-12m),3,99.44625,0,0,0,99.45
CUST-01365,Female,No,Yes,Yes,2,Yes,Yes,DSL,Yes,No,Yes,No,No,No,Month-To-Month,No,Mailed check,72.1,144.07,No,0,New (0-12m),2,72.035,1,0,0,72.04
CUST-01366,Female,No,Yes,No,16,Yes,Yes,No,No internet service,No internet service,No internet service,No internet service,No internet service,No internet service,Month-To-Month,Yes,Bank transfer,33.58,545.57,Yes,0,Mid-term (13-24m),0,34.098125,0,0,0,34.1
CUST-01367,Male,No,Yes,No,43,Yes,Yes,DSL,No,Yes,No,No,No,No,Month-To-Month,Yes,Bank transfer,63.22,2713.02,No,0,Established (25-48m),1,63.09348837209302,0,0,0,63.09
CUST-01368,Female,No,No,Yes,45,Yes,No,DSL,No,No,No,Yes,No,Yes,Month-To-Month,No,Electronic check,65.27,2946.26,No,0,Established (25-48m),2,65.47244444444445,0,1,0,65.47
CUST-01369,Male,No,No,Yes,57,Yes,No,DSL,No,No,No,No,No,No,One Year,Yes,Credit card,57.14,3262.03,No,0,Loyal (49m+),0,57.228596491228075,0,0,0,57.23
CUST-01370,Female,No,No,No,27,Yes,No,DSL,Yes,No,Yes,No,Yes,No,Month-To-Month,No,Credit card,67.77,1833.81,No,0,Established (25-48m),3,67.91888888888889,0,1,0,67.92
CUST-01371,Male,No,Yes,No,13,No,No phone service,Fiber optic,No,No,Yes,No,No,No,Month-To-Month,Yes,Credit card,75.14,983.63,No,0,Mid-term (13-24m),1,75.66384615384615,0,0,0,75.66
CUST-01372,Male,No,No,No,8,Yes,Yes,DSL,No,Yes,Yes,No,No,No,Month-To-Month,Yes,Credit card,70.89,570.15,No,0,New (0-12m),2,71.26875,0,0,0,71.27
CUST-01373,Female,No,Yes,No,25,No,No phone service,DSL,No,No,Yes,No,Yes,No,Month-To-Month,Yes,Electronic check,56.23,1397.95,No,0,Established (25-48m),2,55.918,0,1,0,55.92
CUST-01374,Female,No,Yes,No,1,Yes,No,Fiber optic,No,Yes,No,No,Yes,Yes,Month-To-Month,Yes,Electronic check,95.02,98.99,Yes,0,New (0-12m),3,98.99,1,1,0,98.99
CUST-01375,Male,No,Yes,Yes,33,No,No phone service,DSL,No,Yes,No,No,Yes,Yes,Month-To-Month,No,Mailed check,60.37,1990.96,No,0,Established (25-48m),3,60.332121212121216,0,1,0,60.33
CUST-01376,Male,No,Yes,Yes,18,Yes,Yes,DSL,No,No,Yes,No,Yes,No,Month-To-Month,Yes,Bank transfer,69.77,1256.93,No,0,Mid-term (13-24m),2,69.82944444444445,0,1,0,69.83
CUST-01377,Female,No,No,No,38,Yes,Yes,DSL,Yes,No,No,Yes,No,No,Month-To-Month,No,Bank transfer,71.12,2700.73,No,0,Established (25-48m),2,71.07184210526316,0,0,0,71.07
CUST-01378,male,Yes,No,No,12,Yes,Yes,DSL,No,Yes,No,No,Yes,No,One Year,Yes,Electronic check,69.4,826.22,No,0,New (0-12m),2,68.85166666666667,0,1,0,68.85
CUST-01379,Female,No,No,No,4,Yes,Yes,Fiber optic,Yes,Yes,Yes,Yes,No,No,Month-To-Month,No,Credit card,103.9,415.3,No,0,New (0-12m),4,103.825,0,0,0,103.82
CUST-01380,Female,No,Yes,No,49,Yes,No,DSL,No,No,No,No,No,No,Month-To-Month,Yes,Electronic check,53.81,2627.95,Yes,0,Loyal (49m+),0,53.63163265306122,0,0,0,53.63
CUST-01381,Female,No,No,No,22,Yes,No,Fiber optic,No,Yes,No,No,No,No,Month-To-Month,Yes,Credit card,85.77,1878.01,No,0,Mid-term (13-24m),1,85.3640909090909,0,0,0,85.36
CUST-01382,Female,No,No,No,28,Yes,No,Fiber optic,No,No,No,No,No,No,Month-To-Month,Yes,Mailed check,82.12,2300.02,No,0,Established (25-48m),0,82.14357142857143,0,0,0,82.14
CUST-01383,Male,Yes,Yes,No,71,Yes,No,Fiber optic,Yes,No,Yes,No,No,No,One Year,Yes,Electronic check,88.87,6303.38,No,0,Loyal (49m+),2,88.78,0,0,0,88.78
CUST-01384,Female,No,No,No,25,Yes,No,No,No internet service,No internet service,No internet service,No internet service,No internet service,No internet service,Month-To-Month,No,Electronic check,28.75,721.22,No,0,Established (25-48m),0,28.8488,0,0,0,28.85
CUST-01385,Male,Yes,Yes,No,56,Yes,No,DSL,No,Yes,No,No,Yes,No,Month-To-Month,Yes,Electronic check,66.08,3694.3,No,0,Loyal (49m+),2,65.96964285714286,0,1,0,65.97
CUST-01386,Female,Yes,No,Yes,0,Yes,No,Fiber optic,No,No,Yes,No,No,No,Month-To-Month,No,Electronic check,82.55,0.0,No,0,New (0-12m),1,82.55,1,0,0,82.55
CUST-01387,Male,Yes,No,No,27,Yes,No,No,No internet service,No internet service,No internet service,No internet service,No internet service,No internet service,Month-To-Month,Yes,Bank transfer,31.67,848.02,No,0,Established (25-48m),0,31.408148148148147,0,0,0,31.41
CUST-01388,Female,No,No,No,61,Yes,Yes,No,No internet service,No internet service,No internet service,No internet service,No internet service,No internet service,Two Year,No,Electronic check,34.4,2097.28,Yes,0,Loyal (49m+),0,34.3816393442623,0,0,0,34.38
CUST-01389,Male,No,Yes,Yes,46,Yes,No,Fiber optic,No,No,No,Yes,No,No,Month-To-Month,Yes,Credit card,87.01,4001.77,No,0,Established (25-48m),1,86.995,0,0,0,87.0
CUST-01390,Male,No,No,Yes,58,Yes,No,DSL,Yes,No,Yes,Yes,No,No,Month-To-Month,No,Electronic check,71.04,4122.72,No,0,Loyal (49m+),3,71.08137931034483,0,0,0,71.08
CUST-01391,Female,No,No,Yes,30,Yes,Yes,DSL,No,Yes,Yes,No,No,Yes,One Year,Yes,Electronic check,76.46,2291.85,No,0,Established (25-48m),3,76.395,0,1,0,76.4
CUST-01392,Female,No,No,No,69,Yes,No,DSL,No,Yes,Yes,Yes,No,No,Month-To-Month,No,Credit card,68.36,4719.98,Yes,0,Loyal (49m+),3,68.4055072463768,0,0,0,68.41
CUST-01393,Female,No,No,No,48,Yes,No,No,No internet service,No internet service,No internet service,No internet service,No internet service,No internet service,Month-To-Month,No,Mailed check,29.32,1412.69,No,0,Established (25-48m),0,29.43104166666667,0,0,0,29.43
CUST-01394,Female,No,Yes,No,4,Yes,Yes,Fiber optic,No,Yes,Yes,Yes,No,Yes,Month-To-Month,No,Mailed check,103.9,408.06,Yes,0,New (0-12m),4,102.015,0,1,0,102.02
CUST-01395,Male,No,Yes,No,30,Yes,Yes,Fiber optic,No,Yes,Yes,No,No,Yes,Two Year,Yes,Electronic check,101.08,3023.87,No,0,Established (25-48m),3,100.79566666666666,0,1,0,100.8
CUST-01396,Female,No,No,Yes,36,Yes,No,Fiber optic,No,No,No,Yes,No,No,Month-To-Month,Yes,Electronic check,82.61,2977.51,No,0,Established (25-48m),1,82.70861111111111,0,0,0,82.71
CUST-01397,Male,No,No,No,14,Yes,Yes,DSL,No,No,No,Yes,No,No,Two Year,Yes,Mailed check,65.6,925.47,No,0,Mid-term (13-24m),1,66.105,0,0,0,66.1
CUST-01398,Male,No,No,No,51,Yes,Yes,DSL,No,No,No,No,No,Yes,Month-To-Month,No,Mailed check,66.84,3408.44,No,0,Loyal (49m+),1,66.8321568627451,0,1,0,66.83
CUST-01399,Female,No,Yes,Yes,68,Yes,Yes,No,No internet service,No internet service,No internet service,No internet service,No internet service,No internet service,Month-To-Month,No,Electronic check,32.72,2227.61,No,0,Loyal (49m+),0,32.75897058823529,0,0,0,32.76
CUST-01400,Male,No,No,No,10,Yes,Yes,Fiber optic,No,No,No,Yes,Yes,Yes,Two Year,Yes,Mailed check,98.95,985.46,No,0,New (0-12m),3,98.546,0,1,0,98.55
CUST-01401,Male,No,No,No,42,Yes,No,Fiber optic,No,No,Yes,Yes,No,No,Two Year,Yes,Credit card,88.54,3726.17,No,0,Established (25-48m),2,88.71833333333333,0,0,0,88.72
CUST-01402,Male,No,Yes,No,69,Yes,Yes,Fiber optic,Yes,No,No,Yes,No,No,Two Year,No,Electronic check,97.49,6732.24,Yes,0,Loyal (49m+),2,97.56869565217391,0,0,0,97.57
CUST-01403,Male,Yes,Yes,No,22,Yes,Yes,Fiber optic,No,No,No,No,Yes,No,One Year,Yes,Credit card,92.43,2035.2,No,0,Mid-term (13-24m),1,92.50909090909092,0,1,0,92.51
CUST-01404,Female,No,Yes,Yes,39,Yes,No,DSL,No,No,Yes,No,Yes,No,Month-To-Month,Yes,Electronic check,63.12,2457.81,No,0,Established (25-48m),2,63.02076923076923,0,1,0,63.02
CUST-01405,Female,No,No,Yes,62,Yes,Yes,DSL,Yes,No,Yes,No,No,Yes,Month-To-Month,No,Credit card,73.47,4553.9,No,0,Loyal (49m+),3,73.44999999999999,0,1,0,73.45
CUST-01406,male,No,Yes,Yes,1,Yes,Yes,DSL,No,No,No,No,No,No,Month-To-Month,No,Credit card,57.61,53.2,No,0,New (0-12m),0,53.2,1,0,0,53.2
CUST-01407,Female,No,Yes,Yes,72,Yes,Yes,Fiber optic,No,No,No,No,Yes,Yes,Month-To-Month,No,Electronic check,95.33,6862.39,No,0,Loyal (49m+),2,95.31097222222223,0,1,0,95.31
CUST-01408,Male,No,No,No,46,Yes,No,DSL,Yes,No,Yes,No,Yes,No,Two Year,Yes,Credit card,70.93,3253.78,No,0,Established (25-48m),3,70.73434782608696,0,1,0,70.73
CUST-01409,Male,No,Yes,No,29,Yes,Yes,DSL,No,No,No,No,Yes,Yes,One Year,Yes,Mailed check,70.77,2044.44,No,0,Established (25-48m),2,70.49793103448276,0,1,0,70.5
CUST-01410,Female,No,No,No,15,Yes,Yes,Fiber optic,No,Yes,Yes,No,Yes,Yes,Two Year,No,Electronic check,103.8,1551.34,No,0,Mid-term (13-24m),4,103.42266666666666,0,1,0,103.42
CUST-01411,Female,No,No,Yes,58,Yes,Yes,No,No internet service,No internet service,No internet service,No internet service,No internet service,No internet service,Month-To-Month,Yes,Mailed check,33.52,1952.24,Yes,0,Loyal (49m+),0,33.65931034482759,0,0,0,33.66
CUST-01412,M,No,Yes,Yes,46,Yes,Yes,DSL,No,Yes,No,No,Yes,Yes,One Year,Yes,Credit card,72.78,3347.19,Yes,0,Established (25-48m),3,72.765,0,1,0,72.76
CUST-01413,M,No,No,Yes,29,Yes,Yes,DSL,No,No,Yes,Yes,No,No,Two Year,No,Credit card,70.66,2048.75,No,0,Established (25-48m),2,70.64655172413794,0,0,0,70.65
CUST-01414,Female,Yes,Yes,No,8,Yes,Yes,Fiber optic,Yes,No,No,No,No,No,Month-To-Month,No,Electronic check,88.73,710.41,No,0,New (0-12m),1,88.80125,0,0,0,88.8
CUST-01415,Female,Yes,Yes,No,64,No,No phone service,No,No internet service,No internet service,No internet service,No internet service,No internet service,No internet service,Month-To-Month,Yes,Mailed check,19.8858,1148.16,No,0,Loyal (49m+),0,17.94,0,0,0,17.94
CUST-01416,Female,No,Yes,Yes,58,Yes,Yes,Fiber optic,No,No,Yes,No,No,No,One Year,Yes,Electronic check,89.27,5169.38,No,0,Loyal (49m+),1,89.12724137931035,0,0,0,89.13
CUST-01417,Male,No,No,Yes,63,Yes,No,Fiber optic,No,Yes,Yes,No,No,Yes,One Year,Yes,Electronic check,93.24,5870.59,Yes,0,Loyal (49m+),3,93.18396825396826,0,1,0,93.18
CUST-01418,Male,No,Yes,No,7,Yes,No,DSL,No,No,No,No,No,Yes,Two Year,Yes,Mailed check,60.03,411.56,Yes,0,New (0-12m),1,58.794285714285714,0,1,0,58.79
CUST-01419,Male,No,No,No,51,Yes,No,No,No internet service,No internet service,No internet service,No internet service,No internet service,No internet service,Month-To-Month,Yes,Electronic check,28.25,1432.14,No,0,Loyal (49m+),0,28.081176470588236,0,0,0,28.08
CUST-01420,Male,No,No,No,17,No,No phone service,No,No internet service,No internet service,No internet service,No internet service,No internet service,No internet service,Month-To-Month,Yes,Mailed check,22.44,373.02,No,0,Mid-term (13-24m),0,21.94235294117647,0,0,0,21.94
CUST-01421,Male,Yes,No,Yes,57,Yes,Yes,Fiber optic,No,No,Yes,Yes,No,Yes,Month-To-Month,Yes,Credit card,99.18,5661.21,No,0,Loyal (49m+),3,99.31947368421052,0,1,0,99.32
CUST-01422,Male,No,Yes,Yes,48,Yes,Yes,No,No internet service,No internet service,No internet service,No internet service,No internet service,No internet service,Month-To-Month,No,Mailed check,34.87,1668.14,No,0,Established (25-48m),0,34.75291666666667,0,0,0,34.75
CUST-01423,Male,No,No,Yes,31,No,No phone service,DSL,Yes,No,Yes,No,No,Yes,One Year,Yes,Credit card,60.48,1866.23,No,0,Established (25-48m),3,60.200967741935486,0,1,0,60.2
CUST-01424,Male,No,No,Yes,47,Yes,Yes,DSL,No,Yes,No,No,No,No,Month-To-Month,Yes,Electronic check,66.75,3127.31,Yes,0,Established (25-48m),1,66.53851063829786,0,0,0,66.54
CUST-01425,Female,Yes,Yes,No,44,Yes,Yes,Fiber optic,No,No,Yes,No,Yes,No,Two Year,No,Credit card,97.24,4280.83,No,0,Established (25-48m),2,97.29159090909091,0,1,0,97.29
CUST-01426,Female,No,Yes,No,53,No,No phone service,DSL,No,Yes,No,No,No,Yes,Two Year,Yes,Electronic check,54.33,2881.83,Yes,0,Loyal (49m+),2,54.374150943396224,0,1,0,54.37
CUST-01427,Male,No,No,No,45,Yes,No,No,No internet service,No internet service,No internet service,No internet service,No internet service,No internet service,Month-To-Month,No,Mailed check,29.62,1328.2,No,0,Established (25-48m),0,29.515555555555558,0,0,0,29.52
CUST-01428,Male,No,No,Yes,30,Yes,Yes,Fiber optic,Yes,No,Yes,No,No,Yes,Month-To-Month,No,Bank transfer,98.25,2943.1,Yes,0,Established (25-48m),3,98.10333333333332,0,1,0,98.1
CUST-01429,Female,No,Yes,No,36,Yes,Yes,Fiber optic,No,No,No,No,Yes,Yes,Month-To-Month,No,Credit card,93.45,3360.96,No,0,Established (25-48m),2,93.36,0,1,0,93.36
CUST-01430,Male,No,No,No,15,Yes,No,DSL,No,No,No,Yes,Yes,No,Two Year,Yes,Electronic check,66.11,988.73,No,0,Mid-term (13-24m),2,65.91533333333334,0,1,0,65.92
CUST-01431,Male,Yes,No,No,45,Yes,Yes,Fiber optic,No,No,No,No,Yes,Yes,Month-To-Month,Yes,Mailed check,94.68,4266.14,No,0,Established (25-48m),2,94.80311111111112,0,1,0,94.8
CUST-01432,Male,No,No,No,45,Yes,No,DSL,No,Yes,No,No,Yes,Yes,Month-To-Month,Yes,Bank transfer,71.71,3235.74,No,0,Established (25-48m),3,71.90533333333333,0,1,0,71.91
CUST-01433,male,No,No,No,60,Yes,Yes,DSL,No,No,No,No,No,No,Month-To-Month,No,Electronic check,60.15,3610.76,No,0,Loyal (49m+),0,60.17933333333334,0,0,0,60.18
CUST-01434,Female,No,Yes,Yes,45,Yes,Yes,Fiber optic,No,No,Yes,No,No,Yes,One Year,Yes,Bank transfer,93.91,4223.79,No,0,Established (25-48m),2,93.862,0,1,0,93.86
CUST-01435,Female,No,No,No,50,Yes,No,DSL,No,Yes,Yes,No,Yes,No,Month-To-Month,Yes,Mailed check,70.9,3540.9,No,0,Loyal (49m+),3,70.818,0,1,0,70.82
CUST-01436,Female,No,Yes,No,61,Yes,Yes,No,No internet service,No internet service,No internet service,No internet service,No internet service,No internet service,One Year,No,Mailed check,34.86,2133.05,No,0,Loyal (49m+),0,34.968032786885246,0,0,0,34.97
CUST-01437,Female,No,No,Yes,34,Yes,Yes,DSL,Yes,Yes,No,No,No,Yes,Two Year,Yes,Electronic check,76.95,2608.1,No,0,Established (25-48m),3,76.70882352941176,0,1,0,76.71
CUST-01438,Male,No,Yes,Yes,41,Yes,No,Fiber optic,No,No,Yes,Yes,Yes,No,Month-To-Month,No,Electronic check,94.36,3867.42,No,0,Established (25-48m),3,94.32731707317073,0,1,0,94.33
CUST-01439,Female,No,No,No,44,Yes,Yes,No,No internet service,No internet service,No internet service,No internet service,No internet service,No internet service,Month-To-Month,No,Credit card,33.77,1489.19,No,0,Established (25-48m),0,33.84522727272727,0,0,0,33.85
CUST-01440,M,No,Yes,No,67,Yes,Yes,Fiber optic,No,No,No,Yes,Yes,Yes,Month-To-Month,No,Mailed check,99.7,6674.91,No,0,Loyal (49m+),3,99.6255223880597,0,1,0,99.63
CUST-01441,Male,No,No,No,46,Yes,Yes,Fiber optic,No,No,Yes,No,Yes,No,Month-To-Month,Yes,Mailed check,96.75,4443.19,Yes,0,Established (25-48m),2,96.59108695652174,0,1,0,96.59
CUST-01442,Female,Yes,Yes,No,29,No,No phone service,DSL,No,No,No,Yes,No,No,Month-To-Month,Yes,Electronic check,51.62,1500.02,No,0,Established (25-48m),1,51.7248275862069,0,0,0,51.72
CUST-01443,Female,No,No,Yes,23,Yes,No,Fiber optic,Yes,No,Yes,No,Yes,No,Month-To-Month,Yes,Electronic check,96.97,2232.3,Yes,0,Mid-term (13-24m),3,97.05652173913045,0,1,0,97.06
CUST-01444,Male,No,No,No,65,Yes,No,Fiber optic,No,No,No,No,No,Yes,Two Year,Yes,Mailed check,86.75,5641.14,No,0,Loyal (49m+),1,86.78676923076924,0,1,0,86.79
CUST-01445,Male,No,Yes,Yes,42,Yes,No,No,No internet service,No internet service,No internet service,No internet service,No internet service,No internet service,One Year,No,Electronic check,29.15,1233.86,No,0,Established (25-48m),0,29.377619047619046,0,0,0,29.38
CUST-01446,Male,No,Yes,No,33,Yes,No,No,No internet service,No internet service,No internet service,No internet service,No internet service,No internet service,Month-To-Month,No,Credit card,30.46,1001.64,Yes,0,Established (25-48m),0,30.35272727272727,0,0,0,30.35
CUST-01447,Female,No,Yes,No,22,Yes,No,Fiber optic,No,No,No,Yes,Yes,Yes,Month-To-Month,No,Credit card,96.47,2132.06,Yes,0,Mid-term (13-24m),3,96.91181818181818,0,1,0,96.91
CUST-01448,Female,No,Yes,No,60,Yes,Yes,Fiber optic,No,Yes,No,No,Yes,No,One Year,Yes,Credit card,96.7,5792.94,No,0,Loyal (49m+),2,96.54899999999999,0,1,0,96.55
CUST-01449,Female,No,Yes,Yes,36,Yes,Yes,No,No internet service,No internet service,No internet service,No internet service,No internet service,No internet service,Month-To-Month,No,Mailed check,34.51,1233.17,No,0,Established (25-48m),0,34.25472222222223,0,0,0,34.25
CUST-01450,Female,No,No,No,12,Yes,No,Fiber optic,Yes,No,No,No,Yes,No,Month-To-Month,Yes,Bank transfer,90.07,1088.01,Yes,0,New (0-12m),2,90.6675,0,1,0,90.67
CUST-01451,male,No,Yes,No,70,Yes,No,No,No internet service,No internet service,No internet service,No internet service,No internet service,No internet service,Month-To-Month,Yes,Credit card,28.95,2022.94,No,0,Loyal (49m+),0,28.89914285714286,0,0,0,28.9
CUST-01452,Male,No,Yes,Yes,6,Yes,Yes,Fiber optic,No,Yes,No,No,No,Yes,Two Year,No,Mailed check,95.99,573.09,No,0,New (0-12m),2,95.515,0,1,0,95.52
CUST-01453,Female,Yes,No,No,41,Yes,No,No,No internet service,No internet service,No internet service,No internet service,No internet service,No internet service,Month-To-Month,Yes,Bank transfer,30.86,1256.28,No,0,Established (25-48m),0,30.640975609756097,0,0,0,30.64
CUST-01454,Male,No,Yes,Yes,37,Yes,No,No,No internet service,No internet service,No internet service,No internet service,No internet service,No internet service,One Year,No,Bank transfer,30.45,1116.7,No,0,Established (25-48m),0,30.181081081081082,0,0,0,30.18
CUST-01455,Male,No,Yes,No,51,Yes,Yes,No,No internet service,No internet service,No internet service,No internet service,No internet service,No internet service,Month-To-Month,Yes,Bank transfer,35.64,1820.3,No,0,Loyal (49m+),0,35.692156862745094,0,0,0,35.69
CUST-01456,Male,Yes,Yes,Yes,43,Yes,Yes,Fiber optic,No,Yes,Yes,No,Yes,No,One Year,Yes,Bank transfer,101.99,4386.02,No,0,Established (25-48m),3,102.00046511627907,0,1,0,102.0
CUST-01457,Female,Yes,No,Yes,63,Yes,No,Fiber optic,No,No,Yes,No,No,No,One Year,Yes,Bank transfer,86.6,5460.35,No,0,Loyal (49m+),1,86.67222222222223,0,0,0,86.67
CUST-01458,Female,No,Yes,Yes,12,Yes,No,Fiber optic,No,Yes,No,No,No,No,Two Year,No,Bank transfer,83.12,991.99,Yes,0,New (0-12m),1,82.66583333333334,0,0,0,82.67
CUST-01459,Female,No,No,No,27,Yes,Yes,DSL,No,No,Yes,Yes,No,No,Month-To-Month,Yes,Credit card,70.71,1916.12,No,0,Established (25-48m),2,70.9674074074074,0,0,0,70.97
CUST-01460,Male,No,No,Yes,0,Yes,No,DSL,No,No,No,No,Yes,No,Month-To-Month,No,Mailed check,58.31,0.0,No,0,New (0-12m),1,58.31,1,1,0,58.31
CUST-01461,Male,No,Yes,Yes,42,Yes,No,No,No internet service,No internet service,No internet service,No internet service,No internet service,No internet service,Month-To-Month,No,Bank transfer,28.24,1185.04,Yes,0,Established (25-48m),0,28.215238095238096,0,0,0,28.22
CUST-01462,Male,No,No,No,41,Yes,Yes,Fiber optic,No,Yes,No,No,Yes,No,Month-To-Month,Yes,Electronic check,94.75,3882.11,No,0,Established (25-48m),2,94.68560975609756,0,1,0,94.69
CUST-01463,Male,No,Yes,Yes,49,Yes,No,DSL,Yes,No,No,No,Yes,Yes,Month-To-Month,No,Credit card,69.93,3433.67,No,0,Loyal (49m+),3,70.07489795918367,0,1,0,70.07
CUST-01464,Male,No,Yes,No,59,Yes,No,Fiber optic,No,No,No,No,No,No,Two Year,No,Electronic check,78.02,4609.6,Yes,0,Loyal (49m+),0,78.12881355932204,0,0,0,78.13
CUST-01465,Male,No,Yes,No,0,Yes,No,DSL,No,No,Yes,No,No,No,Month-To-Month,No,Mailed check,60.06,0.0,Yes,0,New (0-12m),1,60.06,1,0,0,60.06
CUST-01466,F,No,Yes,Yes,50,Yes,Yes,Fiber optic,No,No,Yes,No,No,No,One Year,No,Credit card,88.38,4416.15,Yes,0,Loyal (49m+),1,88.323,0,0,0,88.32
CUST-01467,Female,No,Yes,Yes,15,Yes,Yes,No,No internet service,No internet service,No internet service,No internet service,No internet service,No internet service,Month-To-Month,Yes,Bank transfer,35.25,534.46,No,0,Mid-term (13-24m),0,35.63066666666667,0,0,0,35.63
CUST-01468,Female,No,No,No,38,Yes,Yes,Fiber optic,No,No,No,Yes,No,No,Month-To-Month,Yes,Electronic check,91.66,3477.36,No,0,Established (25-48m),1,91.50947368421053,0,0,0,91.51
CUST-01469,Female,No,No,Yes,14,Yes,No,DSL,Yes,Yes,No,Yes,Yes,No,Month-To-Month,No,Electronic check,72.93,1029.84,Yes,0,Mid-term (13-24m),4,73.55999999999999,0,1,0,73.56
CUST-01470,Male,No,No,Yes,32,Yes,No,DSL,No,No,Yes,No,No,No,Month-To-Month,Yes,Credit card,59.5,1900.36,No,0,Established (25-48m),1,59.38625,0,0,0,59.39
CUST-01471,Male,Yes,No,Yes,52,Yes,No,DSL,Yes,Yes,Yes,No,No,Yes,Month-To-Month,No,Electronic check,73.67,3830.11,No,0,Loyal (49m+),4,73.65596153846154,0,1,0,73.66
CUST-01472,Female,No,Yes,Yes,16,Yes,Yes,DSL,No,No,No,Yes,No,No,Two Year,Yes,Electronic check,65.37,1052.09,No,0,Mid-term (13-24m),1,65.755625,0,0,0,65.76
CUST-01473,Male,No,Yes,No,5,Yes,No,Fiber optic,No,No,No,No,Yes,Yes,Month-To-Month,Yes,Bank transfer,91.97,465.75,Yes,0,New (0-12m),2,93.15,0,1,0,93.15
CUST-01474,Female,No,No,No,30,Yes,Yes,Fiber optic,No,No,No,No,No,No,One Year,Yes,Bank transfer,83.49,2508.56,Yes,0,Established (25-48m),0,83.61866666666667,0,0,0,83.62
CUST-01475,Female,No,Yes,Yes,68,Yes,No,DSL,No,Yes,Yes,No,No,No,Two Year,Yes,Bank transfer,65.88,4472.16,No,0,Loyal (49m+),2,65.76705882352941,0,0,0,65.77
CUST-01476,Female,Yes,No,No,39,Yes,No,DSL,No,Yes,Yes,No,No,No,Month-To-Month,Yes,Bank transfer,62.97,2450.67,Yes,0,Established (25-48m),2,62.83769230769231,0,0,0,62.84
CUST-01477,Male,No,No,Yes,29,Yes,Yes,DSL,Yes,Yes,No,Yes,No,Yes,Two Year,No,Credit card,80.23,2330.94,No,0,Established (25-48m),4,80.37724137931035,0,1,0,80.38
CUST-01478,Female,No,No,Yes,68,No,No phone service,No,No internet service,No internet service,No internet service,No internet service,No internet service,No internet service,Month-To-Month,Yes,Credit card,20.88,1427.03,No,0,Loyal (49m+),0,20.985735294117646,0,0,0,20.99
CUST-01479,Female,No,No,Yes,6,Yes,No,DSL,Yes,No,No,No,No,No,Month-To-Month,Yes,Bank transfer,60.85,358.46,Yes,0,New (0-12m),1,59.74333333333333,0,0,0,59.74
CUST-01480,Female,No,Yes,Yes,12,Yes,Yes,DSL,No,No,No,Yes,Yes,Yes,Month-To-Month,Yes,Electronic check,76.19,924.06,No,0,New (0-12m),3,77.005,0,1,0,77.0
CUST-01481,Male,No,Yes,No,3,Yes,No,DSL,No,No,No,Yes,No,No,Month-To-Month,Yes,Mailed check,59.59,181.19,Yes,0,New (0-12m),1,60.39666666666667,1,0,0,60.4
CUST-01482,Male,No,No,Yes,49,Yes,No,Fiber optic,Yes,Yes,No,No,No,No,One Year,Yes,Electronic check,91.3,4480.12,No,0,Loyal (49m+),2,91.43102040816326,0,0,0,91.43
CUST-01483,F,No,No,No,2,Yes,No,Fiber optic,No,No,Yes,Yes,Yes,No,Month-To-Month,No,Mailed check,94.86,195.43,Yes,0,New (0-12m),3,97.715,1,1,0,97.72
CUST-01484,Male,No,No,Yes,11,Yes,No,Fiber optic,No,No,No,No,Yes,Yes,Month-To-Month,No,Electronic check,89.11,972.35,No,0,New (0-12m),2,88.39545454545454,0,1,0,88.4
CUST-01485,Male,No,No,No,64,Yes,Yes,Fiber optic,No,No,No,No,No,No,Month-To-Month,No,Mailed check,84.11,5379.89,Yes,0,Loyal (49m+),0,84.06078125,0,0,0,84.06
CUST-01486,Male,Yes,No,No,26,Yes,No,DSL,Yes,Yes,Yes,No,Yes,Yes,Month-To-Month,Yes,Credit card,78.38,2037.05,No,0,Established (25-48m),5,78.34807692307692,0,1,0,78.35
CUST-01487,Male,No,Yes,No,49,Yes,Yes,DSL,No,No,No,No,No,No,One Year,Yes,Mailed check,61.1,2989.1,No,0,Loyal (49m+),0,61.00204081632653,0,0,0,61.0
CUST-01488,male,No,No,No,16,Yes,No,No,No internet service,No internet service,No internet service,No internet service,No internet service,No internet service,Month-To-Month,No,Bank transfer,28.29,456.29,No,0,Mid-term (13-24m),0,28.518125,0,0,0,28.52
CUST-01489,Male,No,No,Yes,71,No,No phone service,Fiber optic,No,No,No,Yes,Yes,No,Month-To-Month,Yes,Bank transfer,80.68,5729.51,Yes,0,Loyal (49m+),2,80.69732394366197,0,1,0,80.7
CUST-01490,Male,Yes,Yes,No,31,Yes,No,Fiber optic,No,No,No,No,Yes,No,One Year,Yes,Mailed check,85.83,2670.35,No,0,Established (25-48m),1,86.14032258064516,0,1,0,86.14
CUST-01491,Male,No,Yes,Yes,50,Yes,Yes,DSL,Yes,No,No,No,Yes,No,Month-To-Month,No,Mailed check,68.93,3440.15,No,0,Loyal (49m+),2,68.803,0,1,0,68.8
CUST-01492,Male,No,Yes,No,16,Yes,No,DSL,Yes,No,No,No,No,Yes,Two Year,No,Electronic check,64.94,1040.26,Yes,0,Mid-term (13-24m),2,65.01625,0,1,0,65.02
CUST-01493,Male,No,Yes,No,33,Yes,No,Fiber optic,Yes,Yes,No,No,No,No,Month-To-Month,Yes,Mailed check,90.85,3006.05,No,0,Established (25-48m),2,91.09242424242424,0,0,0,91.09
CUST-01494,Female,No,Yes,No,34,Yes,Yes,No,No internet service,No internet service,No internet service,No internet service,No internet service,No internet service,Month-To-Month,Yes,Bank transfer,32.5,1095.79,No,0,Established (25-48m),0,32.22911764705882,0,0,0,32.23
CUST-01495,Female,No,Yes,Yes,23,Yes,Yes,Fiber optic,Yes,No,No,No,Yes,No,Month-To-Month,Yes,Bank transfer,93.87,2158.96,Yes,0,Mid-term (13-24m),2,93.86782608695653,0,1,0,93.87
CUST-01496,Male,No,Yes,No,53,Yes,No,DSL,No,No,No,No,Yes,No,Month-To-Month,Yes,Mailed check,59.4,3142.46,Yes,0,Loyal (49m+),1,59.291698113207545,0,1,0,59.29
CUST-01497,Female,No,Yes,Yes,17,Yes,Yes,Fiber optic,Yes,Yes,Yes,No,Yes,Yes,Two Year,Yes,Electronic check,106.22660000000005,1915.71,No,0,Mid-term (13-24m),5,112.68882352941176,0,1,0,112.69
CUST-01498,Female,No,Yes,Yes,49,Yes,Yes,No,No internet service,No internet service,No internet service,No internet service,No internet service,No internet service,One Year,Yes,Bank transfer,34.82,1709.49,No,0,Loyal (49m+),0,34.88755102040816,0,0,0,34.89
CUST-01499,Male,No,No,Yes,45,Yes,No,Fiber optic,Yes,No,No,Yes,Yes,Yes,Two Year,Yes,Electronic check,100.03,4496.81,No,0,Established (25-48m),4,99.92911111111113,0,1,0,99.93
CUST-01500,Male,No,Yes,No,47,Yes,Yes,No,No internet service,No internet service,No internet service,No internet service,No internet service,No internet service,Month-To-Month,No,Electronic check,35.82,1693.34,No,0,Established (25-48m),0,36.028510638297874,0,0,0,36.03
CUST-01501,Male,No,No,No,32,Yes,No,Fiber optic,Yes,No,Yes,Yes,Yes,No,Two Year,No,Mailed check,99.76,3186.69,No,0,Established (25-48m),4,99.5840625,0,1,0,99.58
CUST-01502,Female,No,No,No,26,Yes,Yes,DSL,Yes,No,Yes,No,Yes,Yes,Month-To-Month,No,Bank transfer,79.66,2067.78,No,0,Established (25-48m),4,79.53,0,1,0,79.53
CUST-01503,Female,No,No,No,0,Yes,Yes,DSL,Yes,No,Yes,No,No,Yes,Month-To-Month,Yes,Credit card,77.37,0.0,Yes,0,New (0-12m),3,77.37,1,1,0,77.37
CUST-01504,Male,No,No,No,58,Yes,No,DSL,No,Yes,No,Yes,No,Yes,Month-To-Month,Yes,Credit card,71.56,4151.83,Yes,0,Loyal (49m+),3,71.58327586206896,0,1,0,71.58
CUST-01505,Male,No,No,No,9,Yes,No,Fiber optic,No,No,No,Yes,No,No,Two Year,Yes,Electronic check,86.01,780.58,No,0,New (0-12m),1,86.73111111111112,0,0,0,86.73
CUST-01506,Male,No,No,No,24,Yes,No,Fiber optic,No,No,Yes,Yes,Yes,Yes,One Year,Yes,Electronic check,99.9,2400.99,No,0,Mid-term (13-24m),4,100.04124999999999,0,1,0,100.04
CUST-01507,Female,No,No,Yes,56,No,No phone service,Fiber optic,Yes,Yes,No,No,No,No,Month-To-Month,No,Bank transfer,79.23,4438.44,No,0,Loyal (49m+),2,79.25785714285713,0,0,0,79.26
CUST-01508,Female,No,No,No,65,Yes,No,DSL,Yes,No,Yes,Yes,Yes,No,Month-To-Month,No,Credit card,75.46,4901.61,No,0,Loyal (49m+),4,75.40938461538461,0,1,0,75.41
CUST-01509,F,No,Yes,Yes,14,Yes,No,No,No internet service,No internet service,No internet service,No internet service,No internet service,No internet service,Month-To-Month,Yes,Electronic check,29.73,412.14,No,0,Mid-term (13-24m),0,29.43857142857143,0,0,0,29.44
CUST-01510,Female,No,No,Yes,27,Yes,No,DSL,No,Yes,No,No,No,Yes,Month-To-Month,Yes,Mailed check,64.83,1742.37,No,0,Established (25-48m),2,64.53222222222222,0,1,0,64.53
CUST-01511,Male,No,No,No,12,Yes,Yes,DSL,No,No,No,Yes,No,Yes,Month-To-Month,Yes,Mailed check,68.61,821.38,Yes,0,New (0-12m),2,68.44833333333334,0,1,0,68.45
CUST-01512,Male,No,No,No,13,Yes,No,DSL,Yes,No,Yes,Yes,No,Yes,One Year,Yes,Bank transfer,76.46,999.76,No,0,Mid-term (13-24m),4,76.90461538461538,0,1,0,76.9
CUST-01513,Male,No,No,Yes,65,Yes,No,DSL,No,No,No,Yes,No,Yes,One Year,Yes,Electronic check,66.46,4315.59,No,0,Loyal (49m+),2,66.3936923076923,0,1,0,66.39
CUST-01514,Male,No,Yes,Yes,33,No,No phone service,No,No internet service,No internet service,No internet service,No internet service,No internet service,No internet service,Two Year,Yes,Credit card,19.8858,634.62,No,0,Established (25-48m),0,19.23090909090909,0,0,0,19.23
CUST-01515,Female,No,No,No,24,Yes,No,DSL,No,No,Yes,No,No,No,Month-To-Month,Yes,Mailed check,58.95,1420.83,No,0,Mid-term (13-24m),1,59.201249999999995,0,0,0,59.2
CUST-01516,Female,No,Yes,Yes,53,Yes,No,DSL,Yes,No,Yes,Yes,No,Yes,Month-To-Month,Yes,Electronic check,73.89,3926.12,No,0,Loyal (49m+),4,74.07773584905661,0,1,0,74.08
CUST-01517,Male,Yes,Yes,Yes,11,Yes,No,Fiber optic,Yes,Yes,Yes,No,Yes,Yes,Month-To-Month,No,Electronic check,103.31,1140.93,No,0,New (0-12m),5,103.7209090909091,0,1,0,103.72
CUST-01518,Male,Yes,No,Yes,8,Yes,No,Fiber optic,No,No,Yes,No,Yes,No,One Year,Yes,Electronic check,91.79,725.3,Yes,0,New (0-12m),2,90.6625,0,1,0,90.66
CUST-01519,Female,No,No,Yes,30,Yes,Yes,DSL,Yes,No,No,No,No,No,Month-To-Month,No,Bank transfer,63.83,1916.77,No,0,Established (25-48m),1,63.89233333333333,0,0,0,63.89
CUST-01520,Male,No,Yes,No,52,No,No phone service,DSL,Yes,No,No,No,Yes,Yes,Two Year,Yes,Bank transfer,60.99,3167.52,No,0,Loyal (49m+),3,60.91384615384615,0,1,0,60.91
CUST-01521,Female,No,No,No,42,No,No phone service,DSL,Yes,No,Yes,No,Yes,No,One Year,No,Electronic check,58.0,2444.97,No,0,Established (25-48m),3,58.21357142857143,0,1,0,58.21
CUST-01522,Male,No,No,Yes,37,No,No phone service,No,No internet service,No internet service,No internet service,No internet service,No internet service,No internet service,Month-To-Month,Yes,Mailed check,21.18,787.9,No,0,Established (25-48m),0,21.294594594594592,0,0,0,21.29
CUST-01523,Male,No,Yes,Yes,41,Yes,No,Fiber optic,No,Yes,Yes,No,No,No,Month-To-Month,Yes,Bank transfer,88.24,3623.5,No,0,Established (25-48m),2,88.3780487804878,0,0,0,88.38
CUST-01524,Male,No,Yes,No,71,Yes,No,No,No internet service,No internet service,No internet service,No internet service,No internet service,No internet service,Two Year,Yes,Mailed check,28.29,2009.82,No,0,Loyal (49m+),0,28.30732394366197,0,0,0,28.31
CUST-01525,Male,No,No,No,47,Yes,Yes,DSL,No,Yes,No,No,No,Yes,One Year,Yes,Mailed check,71.66,3377.36,No,0,Established (25-48m),2,71.85872340425531,0,1,0,71.86
CUST-01526,Male,No,No,No,66,Yes,No,Fiber optic,No,No,Yes,No,Yes,Yes,Month-To-Month,Yes,Mailed check,93.95,6194.11,No,0,Loyal (49m+),3,93.85015151515151,0,1,0,93.85
CUST-01527,Male,No,No,Yes,65,Yes,No,Fiber optic,No,No,No,No,Yes,No,Month-To-Month,Yes,Electronic check,83.36,5416.19,Yes,0,Loyal (49m+),1,83.326,0,1,0,83.33
CUST-01528,Male,No,Yes,Yes,15,Yes,No,DSL,No,No,Yes,No,No,Yes,One Year,No,Mailed check,65.18,977.7,No,0,Mid-term (13-24m),2,65.18,0,1,0,65.18
CUST-01529,Female,No,No,Yes,15,Yes,Yes,Fiber optic,No,Yes,Yes,No,Yes,Yes,One Year,Yes,Electronic check,102.87,1544.12,No,0,Mid-term (13-24m),4,102.94133333333333,0,1,0,102.94
CUST-01530,Female,No,Yes,No,30,No,No phone service,Fiber optic,Yes,Yes,Yes,No,No,No,Month-To-Month,Yes,Mailed check,86.05,2587.03,No,0,Established (25-48m),3,86.23433333333334,0,0,0,86.23
CUST-01531,Female,No,Yes,No,57,Yes,Yes,Fiber optic,No,No,Yes,No,No,Yes,Month-To-Month,Yes,Credit card,96.71,5517.04,No,0,Loyal (49m+),2,96.79017543859649,0,1,0,96.79
CUST-01532,Female,No,No,Yes,27,Yes,No,Fiber optic,Yes,No,Yes,Yes,No,No,Month-To-Month,Yes,Electronic check,93.74,2522.07,Yes,0,Established (25-48m),3,93.41000000000001,0,0,0,93.41
CUST-01533,Female,No,Yes,Yes,3,Yes,No,Fiber optic,Yes,No,No,Yes,Yes,No,Two Year,No,Electronic check,95.99,292.44,Yes,0,New (0-12m),3,97.48,1,1,0,97.48
CUST-01534,Male,Yes,No,Yes,9,Yes,Yes,No,No internet service,No internet service,No internet service,No internet service,No internet service,No internet service,Month-To-Month,No,Bank transfer,32.77,290.18,No,0,New (0-12m),0,32.242222222222225,0,0,0,32.24
CUST-01535,Male,No,No,Yes,50,Yes,No,No,No internet service,No internet service,No internet service,No internet service,No internet service,No internet service,One Year,Yes,Electronic check,29.89,1492.82,No,0,Loyal (49m+),0,29.856399999999997,0,0,0,29.86
CUST-01536,Female,Yes,Yes,No,17,Yes,No,Fiber optic,No,No,Yes,Yes,Yes,Yes,Month-To-Month,Yes,Electronic check,102.26,1737.42,No,0,Mid-term (13-24m),4,102.20117647058824,0,1,0,102.2
CUST-01537,Male,Yes,No,No,46,No,No phone service,DSL,No,No,Yes,Yes,Yes,Yes,Month-To-Month,No,Mailed check,65.19,3002.61,No,0,Established (25-48m),4,65.2741304347826,0,1,0,65.27
CUST-01538,Female,No,Yes,No,31,Yes,No,Fiber optic,No,No,No,No,Yes,No,Month-To-Month,Yes,Credit card,84.55,2624.68,No,0,Established (25-48m),1,84.66709677419354,0,1,0,84.67
CUST-01539,Female,No,Yes,Yes,29,Yes,No,DSL,No,Yes,Yes,No,Yes,No,Month-To-Month,No,Electronic check,67.53,1955.94,No,0,Established (25-48m),3,67.44620689655173,0,1,0,67.45
CUST-01540,Male,No,No,No,35,Yes,No,DSL,No,Yes,Yes,Yes,Yes,No,One Year,No,Credit card,73.78,2588.56,Yes,0,Established (25-48m),4,73.95885714285714,0,1,0,73.96
CUST-01541,F,Yes,No,Yes,8,No,No phone service,Fiber optic,No,No,Yes,Yes,No,Yes,One Year,No,Bank transfer,84.64,669.55,No,0,New (0-12m),3,83.69375,0,1,0,83.69
CUST-01542,Male,No,No,No,35,Yes,Yes,Fiber optic,No,No,Yes,No,No,Yes,Month-To-Month,Yes,Bank transfer,94.39,3298.3,No,0,Established (25-48m),2,94.23714285714286,0,1,0,94.24
CUST-01543,Female,No,No,No,28,Yes,No,No,No internet service,No internet service,No internet service,No internet service,No internet service,No internet service,Month-To-Month,No,Bank transfer,29.69,829.81,No,0,Established (25-48m),0,29.636071428571427,0,0,0,29.64
CUST-01544,Male,No,Yes,Yes,15,Yes,No,No,No internet service,No internet service,No internet service,No internet service,No internet service,No internet service,Month-To-Month,No,Electronic check,27.62,408.68,No,0,Mid-term (13-24m),0,27.245333333333335,0,0,0,27.25
CUST-01545,Female,No,Yes,Yes,20,Yes,Yes,No,No internet service,No internet service,No internet service,No internet service,No internet service,No internet service,Month-To-Month,No,Electronic check,35.16,711.75,No,0,Mid-term (13-24m),0,35.5875,0,0,0,35.59
CUST-01546,Female,No,Yes,Yes,63,Yes,No,No,No internet service,No internet service,No internet service,No internet service,No internet service,No internet service,Month-To-Month,Yes,Electronic check,28.76,1820.44,No,0,Loyal (49m+),0,28.89587301587302,0,0,0,28.9
CUST-01547,Female,No,No,No,65,Yes,No,Fiber optic,No,Yes,No,Yes,Yes,Yes,Month-To-Month,No,Electronic check,99.5,6460.91,Yes,0,Loyal (49m+),4,99.39861538461538,0,1,0,99.4
CUST-01548,Male,No,Yes,Yes,58,No,No phone service,DSL,Yes,No,No,No,No,Yes,Two Year,No,Credit card,56.93,3300.2,No,0,Loyal (49m+),2,56.9,0,1,0,56.9
CUST-01549,Male,Yes,Yes,No,27,Yes,Yes,Fiber optic,Yes,No,No,Yes,Yes,Yes,Month-To-Month,No,Mailed check,106.22660000000005,2889.12,No,0,Established (25-48m),4,107.00444444444445,0,1,0,107.0
CUST-01550,Female,No,No,No,54,Yes,Yes,Fiber optic,No,No,No,No,No,No,One Year,Yes,Mailed check,84.49,4552.85,No,0,Loyal (49m+),0,84.31203703703704,0,0,0,84.31
CUST-01551,Male,Yes,No,No,30,No,No phone service,Fiber optic,No,Yes,No,No,Yes,No,Month-To-Month,No,Bank transfer,77.77,2323.97,No,0,Established (25-48m),2,77.46566666666666,0,1,0,77.47
CUST-01552,Male,No,No,Yes,32,Yes,No,Fiber optic,No,Yes,No,Yes,Yes,Yes,Month-To-Month,No,Credit card,101.94,3268.94,No,0,Established (25-48m),4,102.154375,0,1,0,102.15
CUST-01553,male,No,Yes,Yes,59,Yes,Yes,No,No internet service,No internet service,No internet service,No internet service,No internet service,No internet service,Month-To-Month,Yes,Credit card,34.49,2032.55,No,0,Loyal (49m+),0,34.449999999999996,0,0,0,34.45
CUST-01554,Female,No,No,Yes,40,Yes,No,DSL,No,No,No,Yes,No,No,Month-To-Month,Yes,Bank transfer,59.9,2400.61,No,0,Established (25-48m),1,60.01525,0,0,0,60.02
CUST-01555,Female,No,Yes,No,45,Yes,No,DSL,No,No,No,No,No,Yes,One Year,No,Mailed check,57.93,2609.21,No,0,Established (25-48m),1,57.98244444444445,0,1,0,57.98
CUST-01556,Male,No,Yes,No,48,Yes,No,Fiber optic,No,No,No,Yes,No,Yes,One Year,No,Electronic check,90.96,4369.97,Yes,0,Established (25-48m),2,91.04104166666667,0,1,0,91.04
CUST-01557,Female,No,Yes,Yes,64,Yes,No,No,No internet service,No internet service,No internet service,No internet service,No internet service,No internet service,Month-To-Month,No,Electronic check,31.06,1981.79,Yes,0,Loyal (49m+),0,30.96546875,0,0,0,30.97
CUST-01558,Male,No,Yes,No,41,Yes,Yes,DSL,No,Yes,Yes,Yes,No,Yes,One Year,Yes,Electronic check,79.54,3262.08,No,0,Established (25-48m),4,79.56292682926829,0,1,0,79.56
CUST-01559,Male,Yes,Yes,No,22,No,No phone service,No,No internet service,No internet service,No internet service,No internet service,No internet service,No internet service,Month-To-Month,Yes,Electronic check,21.94,485.61,Yes,0,Mid-term (13-24m),0,22.07318181818182,0,0,0,22.07
CUST-01560,Male,Yes,No,No,26,Yes,Yes,No,No internet service,No internet service,No internet service,No internet service,No internet service,No internet service,Month-To-Month,Yes,Credit card,32.74,852.28,No,0,Established (25-48m),0,32.78,0,0,0,32.78
CUST-01561,Male,No,Yes,Yes,31,Yes,No,DSL,Yes,No,No,No,No,Yes,Two Year,No,Credit card,64.04,1994.13,Yes,0,Established (25-48m),2,64.32677419354839,0,1,0,64.33
CUST-01562,Female,No,No,No,2,Yes,Yes,No,No internet service,No internet service,No internet service,No internet service,No internet service,No internet service,One Year,Yes,Bank transfer,33.53,57.39,No,0,New (0-12m),0,28.695,1,0,0,28.7
CUST-01563,male,No,Yes,No,59,Yes,Yes,DSL,No,Yes,No,No,No,Yes,One Year,No,Bank transfer,70.99,4182.7,No,0,Loyal (49m+),2,70.89322033898304,0,1,0,70.89
CUST-01564,Female,No,Yes,Yes,16,Yes,No,Fiber optic,Yes,No,Yes,Yes,No,Yes,Month-To-Month,No,Mailed check,98.52,1567.79,Yes,0,Mid-term (13-24m),4,97.986875,0,1,0,97.99
CUST-01565,Male,Yes,No,Yes,31,Yes,Yes,Fiber optic,No,No,Yes,No,No,No,Month-To-Month,No,Electronic check,91.01,2830.58,No,0,Established (25-48m),1,91.30903225806452,0,0,0,91.31
CUST-01566,Male,No,Yes,Yes,6,Yes,No,No,No internet service,No internet service,No internet service,No internet service,No internet service,No internet service,Month-To-Month,Yes,Credit card,31.48,183.56,No,0,New (0-12m),0,30.593333333333334,0,0,0,30.59
CUST-01567,Male,No,Yes,Yes,70,Yes,No,Fiber optic,Yes,No,No,No,No,No,Two Year,No,Electronic check,86.42,6054.21,No,0,Loyal (49m+),1,86.48871428571428,0,0,0,86.49
CUST-01568,Female,Yes,No,Yes,68,No,No phone service,Fiber optic,Yes,No,Yes,No,No,Yes,Month-To-Month,No,Bank transfer,82.64,5612.43,Yes,0,Loyal (49m+),3,82.53573529411766,0,1,0,82.54
CUST-01569,Male,No,No,Yes,57,Yes,Yes,Fiber optic,Yes,Yes,Yes,Yes,Yes,No,Month-To-Month,No,Electronic check,106.22660000000005,6383.59,No,0,Loyal (49m+),5,111.99280701754387,0,1,0,111.99
CUST-01570,Female,No,Yes,No,39,No,No phone service,Fiber optic,No,Yes,No,No,No,Yes,Two Year,Yes,Credit card,81.07,3155.55,No,0,Established (25-48m),2,80.91153846153847,0,1,0,80.91
CUST-01571,M,No,Yes,No,47,Yes,Yes,Fiber optic,Yes,No,No,No,No,No,Month-To-Month,Yes,Bank transfer,91.56,4298.84,Yes,0,Established (25-48m),1,91.46468085106383,0,0,0,91.46
CUST-01572,Female,No,Yes,No,50,Yes,No,No,No internet service,No internet service,No internet service,No internet service,No internet service,No internet service,Two Year,No,Bank transfer,30.73,1535.67,No,0,Loyal (49m+),0,30.7134,0,0,0,30.71
CUST-01573,Female,No,No,No,56,Yes,No,DSL,Yes,No,No,No,Yes,No,Month-To-Month,Yes,Electronic check,65.15,3638.84,No,0,Loyal (49m+),2,64.97928571428572,0,1,0,64.98
CUST-01574,Female,No,Yes,Yes,70,Yes,Yes,Fiber optic,No,Yes,No,No,Yes,Yes,Month-To-Month,No,Mailed check,100.72,7052.75,No,0,Loyal (49m+),3,100.75357142857143,0,1,0,100.75
CUST-01575,Female,No,No,No,36,Yes,Yes,DSL,Yes,No,No,Yes,No,Yes,Month-To-Month,No,Mailed check,74.3,2677.93,No,0,Established (25-48m),3,74.38694444444444,0,1,0,74.39
CUST-01576,Male,No,No,Yes,54,Yes,Yes,No,No internet service,No internet service,No internet service,No internet service,No internet service,No internet service,Month-To-Month,No,Electronic check,34.79,1874.48,No,0,Loyal (49m+),0,34.71259259259259,0,0,0,34.71
CUST-01577,Male,No,Yes,Yes,40,Yes,No,DSL,Yes,No,Yes,No,No,Yes,Two Year,Yes,Credit card,71.06,2837.7,No,0,Established (25-48m),3,70.9425,0,1,0,70.94
CUST-01578,Female,No,No,No,19,Yes,Yes,DSL,No,Yes,No,No,No,No,One Year,No,Credit card,65.84,1244.77,No,0,Mid-term (13-24m),1,65.5142105263158,0,0,0,65.51
CUST-01579,Female,No,Yes,No,32,Yes,No,No,No internet service,No internet service,No internet service,No internet service,No internet service,No internet service,One Year,Yes,Mailed check,30.47,969.34,No,0,Established (25-48m),0,30.291875,0,0,0,30.29
CUST-01580,Male,No,Yes,Yes,39,Yes,No,Fiber optic,Yes,Yes,No,Yes,Yes,No,Two Year,Yes,Electronic check,97.75,3815.26,No,0,Established (25-48m),4,97.82717948717949,0,1,0,97.83
CUST-01581,Female,No,No,Yes,33,Yes,Yes,Fiber optic,Yes,No,Yes,No,Yes,Yes,Month-To-Month,Yes,Credit card,103.94,3432.14,Yes,0,Established (25-48m),4,104.00424242424242,0,1,0,104.0
CUST-01582,Female,No,No,Yes,61,Yes,No,No,No internet service,No internet service,No internet service,No internet service,No internet service,No internet service,Two Year,No,Electronic check,30.52,1870.02,Yes,0,Loyal (49m+),0,30.65606557377049,0,0,0,30.66
CUST-01583,Male,No,No,Yes,18,Yes,No,Fiber optic,No,No,Yes,No,No,No,Two Year,No,Electronic check,84.82,1533.31,No,0,Mid-term (13-24m),1,85.18388888888889,0,0,0,85.18
CUST-01584,Female,No,No,No,42,No,No phone service,DSL,No,No,No,Yes,No,Yes,Month-To-Month,Yes,Electronic check,54.19,2277.5,No,0,Established (25-48m),2,54.226190476190474,0,1,0,54.23
CUST-01585,Female,No,No,Yes,68,Yes,Yes,DSL,Yes,No,No,Yes,No,Yes,Month-To-Month,Yes,Electronic check,76.09,5167.47,No,0,Loyal (49m+),3,75.99220588235295,0,1,0,75.99
CUST-01586,Female,No,No,No,62,Yes,Yes,Fiber optic,No,No,No,Yes,Yes,No,One Year,No,Mailed check,94.44,5851.75,No,0,Loyal (49m+),2,94.38306451612904,0,1,0,94.38
CUST-01587,Male,No,Yes,Yes,9,Yes,No,DSL,Yes,No,No,No,No,No,Month-To-Month,No,Electronic check,62.04,557.88,No,0,New (0-12m),1,61.986666666666665,0,0,0,61.99
CUST-01588,Male,No,Yes,Yes,12,Yes,Yes,Fiber optic,No,No,No,No,No,Yes,Two Year,No,Bank transfer,90.16,1080.33,No,0,New (0-12m),1,90.02749999999999,0,1,0,90.03
CUST-01589,Male,No,Yes,Yes,4,Yes,No,DSL,Yes,Yes,Yes,Yes,Yes,Yes,Month-To-Month,No,Bank transfer,84.92,330.97,Yes,0,New (0-12m),6,82.7425,0,1,0,82.74
CUST-01590,Female,No,No,No,57,Yes,Yes,DSL,Yes,No,No,Yes,Yes,Yes,Month-To-Month,No,Mailed check,79.19,4510.99,Yes,0,Loyal (49m+),4,79.14017543859649,0,1,0,79.14
CUST-01591,Female,No,No,Yes,58,Yes,No,DSL,Yes,No,No,No,Yes,No,Month-To-Month,Yes,Mailed check,63.17,3657.61,Yes,0,Loyal (49m+),2,63.06224137931035,0,1,0,63.06
CUST-01592,Male,No,No,No,58,No,No phone service,Fiber optic,No,No,No,Yes,No,No,Month-To-Month,Yes,Credit card,72.55,4209.4,No,0,Loyal (49m+),1,72.5758620689655,0,0,0,72.58
CUST-01593,Female,No,Yes,No,14,Yes,Yes,DSL,Yes,Yes,Yes,No,No,Yes,Month-To-Month,Yes,Bank transfer,80.88,1140.93,No,0,Mid-term (13-24m),4,81.495,0,1,0,81.5
CUST-01594,Female,Yes,Yes,No,0,Yes,No,DSL,No,No,No,No,Yes,Yes,Month-To-Month,No,Electronic check,62.83,0.0,No,0,New (0-12m),2,62.83,1,1,0,62.83
CUST-01595,Female,No,No,Yes,37,Yes,Yes,Fiber optic,No,No,Yes,No,Yes,Yes,Month-To-Month,Yes,Electronic check,99.13,3675.03,No,0,Established (25-48m),3,99.32513513513514,0,1,0,99.33
CUST-01596,Female,No,No,No,52,Yes,No,DSL,No,Yes,No,No,Yes,No,Two Year,No,Electronic check,66.88,3473.0,No,0,Loyal (49m+),2,66.78846153846153,0,1,0,66.79
CUST-01597,Female,No,No,No,51,No,No phone service,No,No internet service,No internet service,No internet service,No internet service,No internet service,No internet service,Month-To-Month,Yes,Electronic check,19.89,1018.17,No,0,Loyal (49m+),0,19.964117647058824,0,0,0,19.96
CUST-01598,Male,No,No,Yes,0,Yes,Yes,Fiber optic,No,Yes,Yes,Yes,No,Yes,Two Year,No,Credit card,106.22660000000005,0.0,No,0,New (0-12m),4,106.22660000000005,1,1,0,106.23
CUST-01599,M,No,Yes,Yes,10,Yes,Yes,DSL,Yes,Yes,No,No,No,No,Month-To-Month,No,Electronic check,67.81,672.46,No,0,New (0-12m),2,67.24600000000001,0,0,0,67.25
CUST-01600,Male,No,Yes,No,57,Yes,Yes,No,No internet service,No internet service,No internet service,No internet service,No internet service,No internet service,One Year,Yes,Bank transfer,36.72,2090.43,No,0,Loyal (49m+),0,36.67421052631579,0,0,0,36.67
CUST-01601,Female,No,Yes,No,39,Yes,No,Fiber optic,No,No,Yes,No,No,No,Two Year,Yes,Electronic check,87.16,3400.17,No,0,Established (25-48m),1,87.18384615384616,0,0,0,87.18
CUST-01602,Male,No,No,Yes,59,Yes,No,Fiber optic,No,Yes,No,Yes,Yes,Yes,Month-To-Month,Yes,Credit card,102.07,6030.37,No,0,Loyal (49m+),4,102.20966101694916,0,1,0,102.21
CUST-01603,Female,No,Yes,No,43,Yes,No,DSL,No,Yes,No,Yes,Yes,No,Month-To-Month,No,Electronic check,69.18,2968.43,No,0,Established (25-48m),3,69.03325581395349,0,1,0,69.03
CUST-01604,Male,No,No,No,5,Yes,No,DSL,No,Yes,No,No,Yes,No,Month-To-Month,No,Electronic check,62.98,311.77,Yes,0,New (0-12m),2,62.354,0,1,0,62.35
CUST-01605,Female,No,No,No,27,Yes,Yes,Fiber optic,No,No,No,Yes,Yes,No,Month-To-Month,No,Mailed check,97.08,2631.05,No,0,Established (25-48m),2,97.4462962962963,0,1,0,97.45
CUST-01606,Male,No,No,Yes,30,Yes,Yes,DSL,No,No,No,Yes,No,Yes,Two Year,Yes,Mailed check,68.29,2054.49,No,0,Established (25-48m),2,68.48299999999999,0,1,0,68.48
CUST-01607,Female,Yes,Yes,No,7,Yes,No,Fiber optic,No,Yes,No,Yes,No,Yes,Month-To-Month,Yes,Mailed check,95.23,664.29,No,0,New (0-12m),3,94.89857142857143,0,1,0,94.9
CUST-01608,Male,No,Yes,Yes,4,Yes,No,Fiber optic,No,No,Yes,No,Yes,Yes,Month-To-Month,Yes,Mailed check,94.54,371.0,No,0,New (0-12m),3,92.75,0,1,0,92.75
CUST-01609,Female,Yes,No,Yes,53,Yes,No,DSL,No,No,No,No,No,Yes,One Year,Yes,Electronic check,62.29,3301.38,No,0,Loyal (49m+),1,62.29018867924528,0,1,0,62.29
CUST-01610,Male,No,Yes,Yes,16,Yes,No,No,No internet service,No internet service,No internet service,No internet service,No internet service,No internet service,Two Year,Yes,Mailed check,29.58,474.96,No,0,Mid-term (13-24m),0,29.685,0,0,0,29.68
CUST-01611,Male,No,No,No,37,Yes,Yes,DSL,No,Yes,No,Yes,No,No,Two Year,Yes,Mailed check,69.35,2561.12,No,0,Established (25-48m),2,69.21945945945946,0,0,0,69.22
CUST-01612,Female,No,No,Yes,8,Yes,No,DSL,No,No,No,No,No,Yes,Month-To-Month,Yes,Bank transfer,60.43,487.68,No,0,New (0-12m),1,60.96,0,1,0,60.96
CUST-01613,Female,No,No,No,13,Yes,Yes,No,No internet service,No internet service,No internet service,No internet service,No internet service,No internet service,Two Year,No,Electronic check,35.14,457.64,No,0,Mid-term (13-24m),0,35.20307692307692,0,0,0,35.2
CUST-01614,Male,No,Yes,Yes,25,Yes,Yes,DSL,No,No,No,No,Yes,No,One Year,No,Bank transfer,64.76,1616.34,No,0,Established (25-48m),1,64.6536,0,1,0,64.65
CUST-01615,Female,No,Yes,No,61,Yes,Yes,No,No internet service,No internet service,No internet service,No internet service,No internet service,No internet service,Two Year,Yes,Credit card,35.01,2131.4,No,0,Loyal (49m+),0,34.94098360655738,0,0,0,34.94
CUST-01616,Male,No,No,No,24,Yes,Yes,Fiber optic,No,Yes,No,No,No,Yes,Month-To-Month,No,Bank transfer,92.99,2227.46,No,0,Mid-term (13-24m),2,92.81083333333333,0,1,0,92.81
CUST-01617,Male,Yes,Yes,No,35,Yes,Yes,Fiber optic,No,No,No,No,No,Yes,One Year,Yes,Electronic check,92.17,3231.75,Yes,0,Established (25-48m),1,92.33571428571429,0,1,0,92.34
CUST-01618,Male,No,Yes,Yes,32,Yes,Yes,Fiber optic,Yes,No,No,No,No,Yes,Two Year,Yes,Mailed check,93.75,2999.96,No,0,Established (25-48m),2,93.74875,0,1,0,93.75
CUST-01619,Female,No,Yes,No,2,Yes,Yes,DSL,No,No,No,No,No,Yes,Month-To-Month,No,Mailed check,65.35,126.36,Yes,0,New (0-12m),1,63.18,1,1,0,63.18
CUST-01620,Male,No,Yes,No,10,Yes,No,Fiber optic,No,No,No,No,No,Yes,Two Year,Yes,Electronic check,82.68,832.57,No,0,New (0-12m),1,83.257,0,1,0,83.26
CUST-01621,Male,No,No,Yes,57,Yes,No,No,No internet service,No internet service,No internet service,No internet service,No internet service,No internet service,Month-To-Month,Yes,Mailed check,28.98,1642.3,No,0,Loyal (49m+),0,28.812280701754386,0,0,0,28.81
CUST-01622,M,No,Yes,No,63,No,No phone service,DSL,No,No,No,No,No,Yes,Month-To-Month,Yes,Mailed check,50.94,3219.13,No,0,Loyal (49m+),1,51.09730158730159,0,1,0,51.1
CUST-01623,M,No,No,No,17,No,No phone service,DSL,No,No,No,No,Yes,Yes,Two Year,Yes,Electronic check,54.79,939.2,No,0,Mid-term (13-24m),2,55.247058823529414,0,1,0,55.25
CUST-01624,Female,Yes,No,Yes,46,Yes,Yes,Fiber optic,Yes,Yes,No,No,No,Yes,Two Year,No,Electronic check,101.15,4657.76,No,0,Established (25-48m),3,101.25565217391305,0,1,0,101.26
CUST-01625,Female,No,Yes,Yes,43,Yes,No,DSL,Yes,Yes,No,No,No,No,Month-To-Month,Yes,Electronic check,63.28,2716.37,Yes,0,Established (25-48m),2,63.17139534883721,0,0,0,63.17
CUST-01626,Male,No,No,Yes,58,Yes,No,Fiber optic,No,No,No,Yes,No,No,Month-To-Month,Yes,Electronic check,87.44,5079.32,Yes,0,Loyal (49m+),1,87.57448275862069,0,0,0,87.57
CUST-01627,Male,No,No,No,49,Yes,No,Fiber optic,No,No,No,No,No,No,Two Year,No,Electronic check,79.73,3913.1,No,0,Loyal (49m+),0,79.85918367346939,0,0,0,79.86
CUST-01628,Male,Yes,Yes,No,68,Yes,No,DSL,Yes,No,Yes,No,No,No,Two Year,Yes,Electronic check,65.19,4438.95,No,0,Loyal (49m+),2,65.27867647058824,0,0,0,65.28
CUST-01629,Male,No,No,No,28,Yes,No,Fiber optic,Yes,Yes,No,Yes,Yes,Yes,One Year,Yes,Electronic check,103.79,2899.63,No,0,Established (25-48m),5,103.55821428571429,0,1,0,103.56
CUST-01630,Female,No,No,Yes,66,Yes,No,Fiber optic,No,No,No,No,Yes,No,One Year,No,Credit card,84.2,5559.51,No,0,Loyal (49m+),1,84.235,0,1,0,84.24
CUST-01631,Male,No,Yes,Yes,1,Yes,No,DSL,No,No,No,No,No,Yes,Two Year,Yes,Bank transfer,60.77,68.77,No,0,New (0-12m),1,68.77,1,1,0,68.77
CUST-01632,M,No,Yes,No,24,Yes,No,No,No internet service,No internet service,No internet service,No internet service,No internet service,No internet service,Month-To-Month,No,Mailed check,29.21,701.13,No,0,Mid-term (13-24m),0,29.21375,0,0,0,29.21
CUST-01633,Female,No,Yes,Yes,18,Yes,Yes,DSL,No,No,No,Yes,No,No,Two Year,No,Credit card,66.09,1190.65,Yes,0,Mid-term (13-24m),1,66.14722222222223,0,0,0,66.15
CUST-01634,Male,No,Yes,Yes,39,Yes,Yes,Fiber optic,No,No,No,No,Yes,Yes,Month-To-Month,Yes,Electronic check,93.93,3661.43,No,0,Established (25-48m),2,93.88282051282052,0,1,0,93.88
CUST-01635,Male,No,Yes,Yes,1,Yes,Yes,Fiber optic,Yes,No,No,No,Yes,Yes,One Year,Yes,Mailed check,101.33,104.73,Yes,0,New (0-12m),3,104.73,1,1,0,104.73
CUST-01636,Male,No,No,Yes,64,Yes,No,Fiber optic,No,No,Yes,No,Yes,No,Month-To-Month,Yes,Electronic check,90.87,5822.89,No,0,Loyal (49m+),2,90.98265625,0,1,0,90.98
CUST-01637,Male,No,No,No,61,Yes,Yes,DSL,No,No,Yes,Yes,No,Yes,Month-To-Month,No,Credit card,73.56,4487.37,No,0,Loyal (49m+),3,73.56344262295082,0,1,0,73.56
CUST-01638,Male,No,Yes,No,53,Yes,Yes,No,No internet service,No internet service,No internet service,No internet service,No internet service,No internet service,One Year,Yes,Electronic check,32.75,1745.13,Yes,0,Loyal (49m+),0,32.926981132075476,0,0,0,32.93
CUST-01639,Male,No,Yes,No,44,Yes,No,No,No internet service,No internet service,No internet service,No internet service,No internet service,No internet service,Two Year,No,Electronic check,32.15,1412.67,No,0,Established (25-48m),0,32.10613636363637,0,0,0,32.11
CUST-01640,Female,No,No,No,48,Yes,Yes,Fiber optic,No,Yes,No,No,No,Yes,One Year,No,Electronic check,93.68,4489.07,No,0,Established (25-48m),2,93.52229166666666,0,1,0,93.52
CUST-01641,Female,No,Yes,No,68,Yes,Yes,DSL,No,No,No,No,No,No,Two Year,No,Credit card,60.39,4096.81,Yes,0,Loyal (49m+),0,60.247205882352944,0,0,0,60.25
CUST-01642,Male,No,Yes,No,37,Yes,No,No,No internet service,No internet service,No internet service,No internet service,No internet service,No internet service,Month-To-Month,No,Electronic check,28.99,1074.21,No,0,Established (25-48m),0,29.032702702702704,0,0,0,29.03
CUST-01643,Male,No,No,No,3,Yes,No,No,No internet service,No internet service,No internet service,No internet service,No internet service,No internet service,Two Year,No,Electronic check,30.79,98.64,No,0,New (0-12m),0,32.88,1,0,0,32.88
CUST-01644,Female,No,No,Yes,16,Yes,Yes,Fiber optic,Yes,Yes,Yes,Yes,Yes,No,Month-To-Month,No,Electronic check,106.22660000000005,1783.13,No,0,Mid-term (13-24m),5,111.445625,0,1,0,111.45
CUST-01645,Male,Yes,No,No,52,No,No phone service,DSL,Yes,No,Yes,No,Yes,Yes,Month-To-Month,Yes,Credit card,62.87,3278.51,No,0,Loyal (49m+),4,63.048269230769236,0,1,0,63.05
CUST-01646,Male,No,Yes,No,52,Yes,No,DSL,No,No,No,Yes,No,Yes,Month-To-Month,No,Mailed check,62.75,3263.53,No,0,Loyal (49m+),2,62.760192307692314,0,1,0,62.76
CUST-01647,Male,No,No,No,30,Yes,Yes,DSL,No,No,Yes,Yes,No,No,One Year,No,Bank transfer,72.45,2167.7,No,0,Established (25-48m),2,72.25666666666666,0,0,0,72.26
CUST-01648,Female,No,Yes,Yes,21,Yes,No,DSL,No,No,No,No,Yes,Yes,Two Year,Yes,Mailed check,66.34,1396.71,No,0,Mid-term (13-24m),2,66.51,0,1,0,66.51
CUST-01649,Male,No,No,No,10,Yes,Yes,DSL,No,No,Yes,No,No,No,One Year,Yes,Mailed check,63.81,645.96,No,0,New (0-12m),1,64.596,0,0,0,64.6
CUST-01650,Female,No,Yes,No,33,Yes,No,No,No internet service,No internet service,No internet service,No internet service,No internet service,No internet service,Month-To-Month,No,Electronic check,29.96,982.39,No,0,Established (25-48m),0,29.76939393939394,0,0,0,29.77
CUST-01651,Male,No,Yes,No,14,Yes,No,Fiber optic,No,No,No,Yes,Yes,Yes,Month-To-Month,Yes,Mailed check,97.29,1359.02,No,0,Mid-term (13-24m),3,97.07285714285715,0,1,0,97.07
CUST-01652,Female,No,Yes,Yes,9,Yes,Yes,DSL,Yes,No,No,No,Yes,Yes,Month-To-Month,Yes,Electronic check,75.22,682.64,Yes,0,New (0-12m),3,75.8488888888889,0,1,0,75.85
CUST-01653,Female,No,No,No,52,No,No phone service,Fiber optic,No,No,No,No,Yes,Yes,Month-To-Month,Yes,Bank transfer,79.6,4133.89,No,0,Loyal (49m+),2,79.49788461538462,0,1,0,79.5
CUST-01654,Male,No,No,Yes,47,Yes,No,DSL,No,No,No,No,Yes,Yes,Month-To-Month,No,Credit card,62.69,2954.4,No,0,Established (25-48m),2,62.85957446808511,0,1,0,62.86
CUST-01655,Female,No,No,No,30,Yes,Yes,Fiber optic,No,No,No,No,Yes,No,One Year,Yes,Bank transfer,90.42,2719.45,No,0,Established (25-48m),1,90.64833333333333,0,1,0,90.65
CUST-01656,Male,No,Yes,Yes,36,Yes,No,DSL,No,No,No,No,No,No,Two Year,No,Mailed check,56.91,2048.86,Yes,0,Established (25-48m),0,56.912777777777784,0,0,0,56.91
CUST-01657,Female,No,No,Yes,27,No,No phone service,DSL,Yes,No,No,No,Yes,No,Month-To-Month,Yes,Bank transfer,55.21,1500.62,Yes,0,Established (25-48m),2,55.578518518518514,0,1,0,55.58
CUST-01658,Male,Yes,No,No,30,Yes,No,DSL,Yes,No,Yes,No,Yes,No,Month-To-Month,Yes,Bank transfer,71.41,2138.2,No,0,Established (25-48m),3,71.27333333333333,0,1,0,71.27
CUST-01659,Male,Yes,Yes,Yes,69,Yes,No,Fiber optic,No,Yes,Yes,No,No,No,Two Year,Yes,Electronic check,91.93,6351.8,No,0,Loyal (49m+),2,92.05507246376811,0,0,0,92.06
CUST-01660,Female,No,Yes,Yes,13,No,No phone service,Fiber optic,No,Yes,Yes,No,No,Yes,One Year,No,Electronic check,84.54,1094.84,No,0,Mid-term (13-24m),3,84.21846153846153,0,1,0,84.22
CUST-01661,Male,No,No,No,15,Yes,No,Fiber optic,No,No,Yes,No,Yes,No,Two Year,No,Mailed check,89.56,1347.29,No,0,Mid-term (13-24m),2,89.81933333333333,0,1,0,89.82
CUST-01662,Male,No,No,Yes,24,Yes,No,No,No internet service,No internet service,No internet service,No internet service,No internet service,No internet service,Month-To-Month,No,Electronic check,32.11,775.74,No,0,Mid-term (13-24m),0,32.3225,0,0,0,32.32
CUST-01663,Female,No,No,Yes,38,Yes,No,Fiber optic,Yes,Yes,Yes,No,Yes,No,Month-To-Month,No,Electronic check,99.2,3772.61,No,0,Established (25-48m),4,99.2792105263158,0,1,0,99.28
CUST-01664,Male,No,Yes,No,65,Yes,No,Fiber optic,No,No,No,No,No,No,Two Year,Yes,Credit card,80.81,5253.38,No,0,Loyal (49m+),0,80.82123076923077,0,0,0,80.82
CUST-01665,Male,No,No,Yes,37,Yes,No,No,No internet service,No internet service,No internet service,No internet service,No internet service,No internet service,Month-To-Month,No,Credit card,30.6,1135.25,No,0,Established (25-48m),0,30.68243243243243,0,0,0,30.68
CUST-01666,Female,No,Yes,Yes,40,Yes,Yes,DSL,No,No,Yes,Yes,Yes,No,One Year,Yes,Mailed check,74.93,2987.66,No,0,Established (25-48m),3,74.69149999999999,0,1,0,74.69
CUST-01667,Female,No,Yes,Yes,39,Yes,No,DSL,Yes,No,Yes,No,No,No,Month-To-Month,Yes,Mailed check,65.71,2570.31,No,0,Established (25-48m),2,65.90538461538462,0,0,0,65.91
CUST-01668,Male,No,No,No,63,No,No phone service,No,No internet service,No internet service,No internet service,No internet service,No internet service,No internet service,Month-To-Month,No,Electronic check,21.02,1324.92,No,0,Loyal (49m+),0,21.030476190476193,0,0,0,21.03
CUST-01669,Male,No,No,No,15,Yes,Yes,No,No internet service,No internet service,No internet service,No internet service,No internet service,No internet service,Two Year,No,Mailed check,37.12,556.48,No,0,Mid-term (13-24m),0,37.09866666666667,0,0,0,37.1
CUST-01670,Female,No,Yes,No,58,Yes,Yes,DSL,No,No,No,No,No,No,Month-To-Month,Yes,Mailed check,61.5,3568.49,No,0,Loyal (49m+),0,61.52568965517241,0,0,0,61.53
CUST-01671,Female,No,Yes,No,10,Yes,Yes,No,No internet service,No internet service,No internet service,No internet service,No internet service,No internet service,Two Year,No,Bank transfer,34.29,344.31,No,0,New (0-12m),0,34.431,0,0,0,34.43
CUST-01672,Male,Yes,No,No,0,Yes,No,DSL,No,Yes,No,No,No,Yes,Month-To-Month,No,Credit card,64.66,0.0,No,0,New (0-12m),2,64.66,1,1,0,64.66
CUST-01673,Female,No,No,Yes,12,Yes,Yes,No,No internet service,No internet service,No internet service,No internet service,No internet service,No internet service,Two Year,Yes,Electronic check,37.02,435.99,Yes,0,New (0-12m),0,36.3325,0,0,0,36.33
CUST-01674,Male,No,No,Yes,29,No,No phone service,DSL,No,No,No,No,No,No,Month-To-Month,Yes,Electronic check,43.85,1280.47,No,0,Established (25-48m),0,44.154137931034484,0,0,0,44.15
CUST-01675,Male,Yes,Yes,No,68,Yes,No,DSL,Yes,Yes,No,No,Yes,Yes,Month-To-Month,No,Mailed check,74.12,5048.97,No,0,Loyal (49m+),4,74.24955882352941,0,1,0,74.25
CUST-01676,Male,Yes,Yes,No,17,Yes,Yes,Fiber optic,No,No,No,Yes,No,Yes,Month-To-Month,No,Mailed check,95.95,1621.4,Yes,0,Mid-term (13-24m),2,95.37647058823529,0,1,0,95.38
CUST-01677,Male,No,No,Yes,12,No,No phone service,No,No internet service,No internet service,No internet service,No internet service,No internet service,No internet service,Month-To-Month,Yes,Electronic check,19.8858,217.08,No,0,New (0-12m),0,18.09,0,0,0,18.09
CUST-01678,Male,No,Yes,Yes,31,Yes,No,Fiber optic,Yes,No,No,Yes,Yes,No,Two Year,No,Credit card,96.44,2994.3,No,0,Established (25-48m),3,96.59032258064516,0,1,0,96.59
CUST-01679,Female,No,Yes,No,70,Yes,Yes,No,No internet service,No internet service,No internet service,No internet service,No internet service,No internet service,Month-To-Month,Yes,Credit card,37.24,2602.39,No,0,Loyal (49m+),0,37.177,0,0,0,37.18
CUST-01680,Female,No,No,No,71,No,No phone service,Fiber optic,No,Yes,No,No,No,Yes,One Year,Yes,Credit card,80.72,5733.9,Yes,0,Loyal (49m+),2,80.75915492957746,0,1,0,80.76
CUST-01681,F,No,Yes,No,49,Yes,Yes,Fiber optic,No,Yes,No,No,No,No,Two Year,No,Credit card,87.86,4308.26,No,0,Loyal (49m+),1,87.92367346938777,0,0,0,87.92
CUST-01682,Female,No,No,No,70,Yes,No,DSL,No,Yes,No,Yes,Yes,Yes,Two Year,Yes,Credit card,73.69,5152.65,No,0,Loyal (49m+),4,73.6092857142857,0,1,0,73.61
CUST-01683,Male,No,No,Yes,30,Yes,No,DSL,No,Yes,No,Yes,Yes,No,Month-To-Month,No,Credit card,67.99,2033.91,No,0,Established (25-48m),3,67.797,0,1,0,67.8
CUST-01684,Male,No,Yes,No,50,Yes,Yes,Fiber optic,No,No,No,Yes,Yes,No,Two Year,No,Bank transfer,94.05,4707.55,No,0,Loyal (49m+),2,94.15100000000001,0,1,0,94.15
CUST-01685,Male,No,Yes,No,26,Yes,Yes,Fiber optic,No,No,Yes,No,No,Yes,One Year,No,Electronic check,97.2,2531.39,No,0,Established (25-48m),2,97.36115384615384,0,1,0,97.36
CUST-01686,Male,No,No,Yes,59,Yes,Yes,No,No internet service,No internet service,No internet service,No internet service,No internet service,No internet service,Month-To-Month,No,Electronic check,34.3,2030.96,Yes,0,Loyal (49m+),0,34.42305084745763,0,0,0,34.42
CUST-01687,Female,No,Yes,Yes,32,Yes,Yes,DSL,No,No,No,No,No,No,Month-To-Month,No,Electronic check,58.42,1877.12,No,0,Established (25-48m),0,58.66,0,0,0,58.66
CUST-01688,Male,No,No,No,52,Yes,No,Fiber optic,Yes,Yes,No,Yes,Yes,No,Month-To-Month,No,Mailed check,100.81,5235.28,No,0,Loyal (49m+),4,100.67846153846153,0,1,0,100.68
CUST-01689,Male,No,Yes,No,71,No,No phone service,No,No internet service,No internet service,No internet service,No internet service,No internet service,No internet service,Month-To-Month,Yes,Credit card,22.0,1568.06,No,0,Loyal (49m+),0,22.085352112676055,0,0,0,22.09
CUST-01690,Female,No,Yes,No,32,Yes,No,Fiber optic,No,No,Yes,No,No,No,Month-To-Month,No,Mailed check,82.67,2648.72,No,0,Established (25-48m),1,82.7725,0,0,0,82.77
CUST-01691,Female,No,Yes,No,40,Yes,No,Fiber optic,No,No,No,No,Yes,Yes,Month-To-Month,Yes,Mailed check,90.84,3636.5,No,0,Established (25-48m),2,90.9125,0,1,0,90.91
CUST-01692,Female,Yes,No,No,18,Yes,No,Fiber optic,Yes,Yes,No,No,No,Yes,Month-To-Month,Yes,Electronic check,93.95,1686.51,Yes,0,Mid-term (13-24m),3,93.695,0,1,0,93.7
CUST-01693,Female,No,Yes,Yes,40,Yes,No,No,No internet service,No internet service,No internet service,No internet service,No internet service,No internet service,Month-To-Month,No,Electronic check,29.37,1181.38,No,0,Established (25-48m),0,29.5345,0,0,0,29.53
CUST-01694,Male,No,No,Yes,41,Yes,Yes,DSL,Yes,Yes,No,No,No,Yes,Two Year,Yes,Mailed check,73.69,3031.09,No,0,Established (25-48m),3,73.92902439024391,0,1,0,73.93
CUST-01695,M,No,No,No,22,Yes,Yes,Fiber optic,No,No,No,Yes,Yes,Yes,Two Year,Yes,Electronic check,102.03,2237.92,No,0,Mid-term (13-24m),3,101.72363636363637,0,1,0,101.72
CUST-01696,Female,No,No,No,32,Yes,No,DSL,No,No,No,No,No,No,Month-To-Month,No,Electronic check,56.93,1826.56,No,0,Established (25-48m),0,57.08,0,0,0,57.08
CUST-01697,Male,No,Yes,No,19,Yes,No,No,No internet service,No internet service,No internet service,No internet service,No internet service,No internet service,Month-To-Month,Yes,Mailed check,30.52,577.48,No,0,Mid-term (13-24m),0,30.393684210526317,0,0,0,30.39
CUST-01698,Male,No,No,Yes,24,Yes,Yes,DSL,Yes,No,No,No,No,No,Two Year,No,Mailed check,62.58,1495.68,No,0,Mid-term (13-24m),1,62.32,0,0,0,62.32
CUST-01699,Male,No,No,No,51,Yes,Yes,Fiber optic,Yes,No,No,No,No,Yes,Month-To-Month,Yes,Electronic check,97.23,4951.5,No,0,Loyal (49m+),2,97.08823529411765,0,1,0,97.09
CUST-01700,Female,No,Yes,Yes,11,Yes,No,Fiber optic,Yes,Yes,No,Yes,No,Yes,Month-To-Month,No,Bank transfer,99.84,1092.41,No,0,New (0-12m),4,99.31,0,1,0,99.31
CUST-01701,Male,No,No,No,31,Yes,No,Fiber optic,No,No,No,No,No,Yes,One Year,Yes,Mailed check,84.94,2640.17,No,0,Established (25-48m),1,85.16677419354839,0,1,0,85.17
CUST-01702,Female,No,No,Yes,32,Yes,No,Fiber optic,Yes,Yes,Yes,No,No,No,Month-To-Month,No,Electronic check,96.36,3084.48,Yes,0,Established (25-48m),3,96.39,0,0,0,96.39
CUST-01703,F,No,Yes,Yes,67,Yes,Yes,DSL,No,No,Yes,No,No,Yes,Month-To-Month,Yes,Bank transfer,70.57,4736.03,No,0,Loyal (49m+),2,70.68701492537313,0,1,0,70.69
CUST-01704,Male,Yes,No,No,14,Yes,Yes,DSL,Yes,No,No,Yes,No,No,Month-To-Month,No,Mailed check,68.11,961.72,Yes,0,Mid-term (13-24m),2,68.69428571428571,0,0,0,68.69
CUST-01705,Male,No,Yes,Yes,50,Yes,Yes,No,No internet service,No internet service,No internet service,No internet service,No internet service,No internet service,Month-To-Month,Yes,Electronic check,33.03,1644.51,No,0,Loyal (49m+),0,32.8902,0,0,0,32.89
CUST-01706,Female,No,No,Yes,5,Yes,No,Fiber optic,No,Yes,No,No,No,Yes,Month-To-Month,Yes,Credit card,88.76,446.37,No,0,New (0-12m),2,89.274,0,1,0,89.27
CUST-01707,Male,No,No,No,68,Yes,Yes,No,No internet service,No internet service,No internet service,No internet service,No internet service,No internet service,Month-To-Month,Yes,Mailed check,32.85,2224.82,No,0,Loyal (49m+),0,32.71794117647059,0,0,0,32.72
CUST-01708,Female,No,Yes,Yes,68,Yes,No,Fiber optic,No,No,No,No,No,Yes,Month-To-Month,Yes,Mailed check,86.66,5888.36,No,0,Loyal (49m+),1,86.5935294117647,0,1,0,86.59
CUST-01709,Female,No,No,No,34,Yes,Yes,DSL,No,Yes,No,No,Yes,Yes,One Year,No,Credit card,72.7,2465.27,Yes,0,Established (25-48m),3,72.50794117647058,0,1,0,72.51
CUST-01710,Female,No,No,Yes,33,Yes,No,DSL,No,No,Yes,Yes,Yes,Yes,Month-To-Month,Yes,Credit card,77.23,2555.36,No,0,Established (25-48m),4,77.43515151515152,0,1,0,77.44
CUST-01711,Male,No,No,Yes,62,Yes,Yes,DSL,Yes,No,Yes,Yes,No,Yes,Month-To-Month,No,Electronic check,78.06,4837.02,No,0,Loyal (49m+),4,78.01645161290324,0,1,0,78.02
CUST-01712,Male,No,Yes,Yes,67,Yes,No,Fiber optic,Yes,Yes,Yes,No,Yes,Yes,Two Year,No,Credit card,106.22660000000005,7164.8,No,0,Loyal (49m+),5,106.93731343283582,0,1,0,106.94
CUST-01713,Male,No,Yes,Yes,17,Yes,No,Fiber optic,No,Yes,Yes,No,Yes,Yes,Month-To-Month,Yes,Credit card,98.69,1670.56,No,0,Mid-term (13-24m),4,98.26823529411764,0,1,0,98.27
CUST-01714,Male,No,Yes,No,25,Yes,No,Fiber optic,No,No,Yes,Yes,No,No,Month-To-Month,Yes,Electronic check,90.8,2264.57,No,0,Established (25-48m),2,90.5828,0,0,0,90.58
CUST-01715,Female,No,Yes,No,60,Yes,Yes,No,No internet service,No internet service,No internet service,No internet service,No internet service,No internet service,Two Year,Yes,Bank transfer,34.21,2055.5,No,0,Loyal (49m+),0,34.25833333333333,0,0,0,34.26
CUST-01716,Female,No,Yes,No,47,Yes,Yes,Fiber optic,No,No,No,No,No,Yes,Month-To-Month,Yes,Electronic check,87.84,4137.85,No,0,Established (25-48m),1,88.03936170212766,0,1,0,88.04
CUST-01717,Female,No,No,Yes,71,Yes,No,No,No internet service,No internet service,No internet service,No internet service,No internet service,No internet service,Two Year,Yes,Mailed check,31.15,2216.32,Yes,0,Loyal (49m+),0,31.215774647887326,0,0,0,31.22
CUST-01718,Male,No,Yes,Yes,30,Yes,No,DSL,Yes,No,No,No,Yes,No,One Year,Yes,Bank transfer,66.54,1988.72,No,0,Established (25-48m),2,66.29066666666667,0,1,0,66.29
CUST-01719,Female,No,Yes,No,33,Yes,No,No,No internet service,No internet service,No internet service,No internet service,No internet service,No internet service,One Year,Yes,Mailed check,28.99,954.96,No,0,Established (25-48m),0,28.938181818181818,0,0,0,28.94
CUST-01720,Male,No,Yes,No,6,Yes,No,No,No internet service,No internet service,No internet service,No internet service,No internet service,No internet service,Two Year,No,Credit card,31.42,198.44,Yes,0,New (0-12m),0,33.07333333333333,0,0,0,33.07
CUST-01721,Female,No,No,No,6,Yes,No,Fiber optic,Yes,No,No,No,No,Yes,Month-To-Month,No,Credit card,89.79,530.13,Yes,0,New (0-12m),2,88.355,0,1,0,88.36
CUST-01722,Male,No,No,No,46,Yes,No,Fiber optic,No,No,No,No,Yes,Yes,Two Year,No,Credit card,91.15,4188.61,No,0,Established (25-48m),2,91.05673913043478,0,1,0,91.06
CUST-01723,Male,Yes,Yes,Yes,7,Yes,No,No,No internet service,No internet service,No internet service,No internet service,No internet service,No internet service,Two Year,Yes,Electronic check,30.73,207.6,No,0,New (0-12m),0,29.657142857142855,0,0,0,29.66
CUST-01724,Female,No,No,No,0,Yes,No,Fiber optic,No,No,No,No,Yes,Yes,Month-To-Month,Yes,Electronic check,92.15,0.0,Yes,0,New (0-12m),2,92.15,1,1,0,92.15
CUST-01725,Female,No,No,Yes,2,Yes,No,DSL,No,No,Yes,No,Yes,Yes,Month-To-Month,Yes,Credit card,69.14,144.95,No,0,New (0-12m),3,72.475,1,1,0,72.47
CUST-01726,Female,No,No,No,52,Yes,Yes,No,No internet service,No internet service,No internet service,No internet service,No internet service,No internet service,Two Year,Yes,Electronic check,33.05,1715.47,No,0,Loyal (49m+),0,32.98980769230769,0,0,0,32.99
CUST-01727,Female,No,No,Yes,37,Yes,No,Fiber optic,No,No,Yes,No,No,Yes,Month-To-Month,Yes,Mailed check,91.44,3380.0,Yes,0,Established (25-48m),2,91.35135135135135,0,1,0,91.35
CUST-01728,Male,No,Yes,No,50,Yes,No,Fiber optic,No,No,Yes,Yes,Yes,No,Two Year,No,Credit card,96.56,4834.27,No,0,Loyal (49m+),3,96.68540000000002,0,1,0,96.69
CUST-01729,M,No,Yes,No,14,No,No phone service,DSL,No,No,No,No,No,Yes,One Year,Yes,Electronic check,47.63,659.97,Yes,0,Mid-term (13-24m),1,47.14071428571429,0,1,0,47.14
CUST-01730,Female,No,No,Yes,66,No,No phone service,DSL,Yes,Yes,Yes,No,Yes,No,One Year,Yes,Electronic check,63.13,4173.02,No,0,Loyal (49m+),4,63.227575757575764,0,1,0,63.23
CUST-01731,Female,No,No,Yes,63,Yes,Yes,Fiber optic,Yes,Yes,No,No,Yes,Yes,Month-To-Month,No,Mailed check,106.22660000000005,6711.51,No,0,Loyal (49m+),4,106.53190476190477,0,1,0,106.53
CUST-01732,Male,No,No,No,67,Yes,No,Fiber optic,No,No,Yes,No,No,Yes,Month-To-Month,No,Electronic check,90.5,6059.39,Yes,0,Loyal (49m+),2,90.43865671641791,0,1,0,90.44
CUST-01733,Male,No,No,Yes,4,Yes,No,No,No internet service,No internet service,No internet service,No internet service,No internet service,No internet service,Month-To-Month,Yes,Mailed check,29.76,119.12,No,0,New (0-12m),0,29.78,0,0,0,29.78
CUST-01734,Female,Yes,Yes,No,9,No,No phone service,Fiber optic,Yes,No,No,Yes,Yes,No,One Year,Yes,Electronic check,86.63,772.08,Yes,0,New (0-12m),3,85.78666666666668,0,1,0,85.79
CUST-01735,Male,No,No,Yes,7,Yes,No,No,No internet service,No internet service,No internet service,No internet service,No internet service,No internet service,One Year,No,Electronic check,28.73,192.6,No,0,New (0-12m),0,27.514285714285712,0,0,0,27.51
CUST-01736,Female,No,Yes,No,11,Yes,No,DSL,No,Yes,Yes,No,Yes,Yes,Month-To-Month,Yes,Credit card,74.12,810.72,No,0,New (0-12m),4,73.70181818181818,0,1,0,73.7
CUST-01737,Male,No,No,No,63,Yes,Yes,DSL,No,No,Yes,No,No,Yes,One Year,No,Mailed check,71.37,4498.03,No,0,Loyal (49m+),2,71.39730158730158,0,1,0,71.4
CUST-01738,Male,No,Yes,No,58,Yes,No,Fiber optic,Yes,Yes,Yes,No,No,No,Month-To-Month,No,Bank transfer,95.46,5542.95,No,0,Loyal (49m+),3,95.56810344827586,0,0,0,95.57
CUST-01739,Male,No,No,No,66,Yes,No,DSL,No,Yes,No,Yes,No,Yes,Month-To-Month,No,Electronic check,68.54,4528.29,Yes,0,Loyal (49m+),3,68.61045454545454,0,1,0,68.61
CUST-01740,Male,No,Yes,No,49,No,No phone service,Fiber optic,No,Yes,No,Yes,No,No,One Year,Yes,Bank transfer,81.97,4017.48,No,0,Loyal (49m+),2,81.98938775510204,0,0,0,81.99
CUST-01741,Female,No,Yes,No,22,Yes,Yes,Fiber optic,No,Yes,No,No,Yes,No,Month-To-Month,Yes,Credit card,97.47,2147.56,No,0,Mid-term (13-24m),2,97.61636363636363,0,1,0,97.62
CUST-01742,Female,No,Yes,No,39,Yes,Yes,Fiber optic,No,No,Yes,No,No,Yes,Month-To-Month,Yes,Mailed check,93.22,3636.33,No,0,Established (25-48m),2,93.23923076923077,0,1,0,93.24
CUST-01743,Female,No,No,No,17,Yes,Yes,DSL,Yes,No,No,No,No,No,Month-To-Month,Yes,Bank transfer,63.98,1088.48,No,0,Mid-term (13-24m),1,64.02823529411765,0,0,0,64.03
CUST-01744,F,No,Yes,Yes,20,Yes,Yes,DSL,No,No,Yes,No,No,No,Month-To-Month,No,Electronic check,66.25,1315.32,No,0,Mid-term (13-24m),1,65.76599999999999,0,0,0,65.77
CUST-01745,Female,No,No,Yes,0,Yes,No,DSL,Yes,No,No,Yes,No,No,Month-To-Month,No,Mailed check,63.12,0.0,No,0,New (0-12m),2,63.12,1,0,0,63.12
CUST-01746,Female,Yes,Yes,Yes,37,Yes,No,Fiber optic,No,No,No,Yes,Yes,No,Month-To-Month,Yes,Credit card,89.82,3324.52,No,0,Established (25-48m),2,89.8518918918919,0,1,0,89.85
CUST-01747,Female,No,Yes,No,40,Yes,Yes,DSL,No,No,No,No,No,Yes,Month-To-Month,Yes,Credit card,63.59,2545.49,No,0,Established (25-48m),1,63.637249999999995,0,1,0,63.64
CUST-01748,Male,No,No,No,41,Yes,Yes,No,No internet service,No internet service,No internet service,No internet service,No internet service,No internet service,Two Year,Yes,Mailed check,35.82,1468.77,No,0,Established (25-48m),0,35.82365853658536,0,0,0,35.82
CUST-01749,Male,No,Yes,No,8,Yes,No,Fiber optic,No,No,Yes,No,No,Yes,Month-To-Month,Yes,Credit card,89.3,718.36,Yes,0,New (0-12m),2,89.795,0,1,0,89.8
CUST-01750,Male,Yes,No,Yes,22,No,No phone service,No,No internet service,No internet service,No internet service,No internet service,No internet service,No internet service,One Year,Yes,Electronic check,21.74,475.65,Yes,0,Mid-term (13-24m),0,21.620454545454546,0,0,0,21.62
CUST-01751,Female,No,No,Yes,10,No,No phone service,Fiber optic,No,No,Yes,Yes,No,No,Month-To-Month,Yes,Bank transfer,79.79,790.76,No,0,New (0-12m),2,79.076,0,0,0,79.08
CUST-01752,Female,No,No,Yes,70,Yes,Yes,No,No internet service,No internet service,No internet service,No internet service,No internet service,No internet service,Month-To-Month,No,Electronic check,35.18,2453.24,No,0,Loyal (49m+),0,35.04628571428571,0,0,0,35.05
CUST-01753,Female,No,No,Yes,30,Yes,Yes,Fiber optic,No,Yes,Yes,No,No,No,Month-To-Month,Yes,Bank transfer,96.94,2909.6,No,0,Established (25-48m),2,96.98666666666666,0,0,0,96.99
CUST-01754,Male,No,Yes,Yes,25,Yes,Yes,Fiber optic,Yes,No,No,Yes,Yes,No,Month-To-Month,Yes,Electronic check,101.34,2533.44,No,0,Established (25-48m),3,101.33760000000001,0,1,0,101.34
CUST-01755,Male,No,Yes,No,29,No,No phone service,DSL,Yes,No,No,No,No,Yes,Two Year,Yes,Credit card,56.54,1634.38,Yes,0,Established (25-48m),2,56.35793103448276,0,1,0,56.36
CUST-01756,M,No,No,Yes,33,Yes,Yes,No,No internet service,No internet service,No internet service,No internet service,No internet service,No internet service,Month-To-Month,Yes,Bank transfer,32.56,1068.91,No,0,Established (25-48m),0,32.39121212121212,0,0,0,32.39
CUST-01757,Male,Yes,Yes,No,45,Yes,Yes,DSL,No,No,Yes,Yes,No,No,Month-To-Month,Yes,Electronic check,70.79,3187.18,No,0,Established (25-48m),2,70.82622222222221,0,0,0,70.83
CUST-01758,Male,No,Yes,No,68,Yes,No,DSL,No,No,Yes,Yes,No,No,Month-To-Month,No,Bank transfer,64.83,4400.58,No,0,Loyal (49m+),2,64.71441176470589,0,0,0,64.71
CUST-01759,Male,No,No,No,4,Yes,No,DSL,No,No,No,No,Yes,No,One Year,No,Bank transfer,61.92,240.4,No,0,New (0-12m),1,60.1,0,1,0,60.1
CUST-01760,Male,No,Yes,Yes,60,Yes,No,DSL,Yes,No,No,No,No,Yes,One Year,Yes,Electronic check,62.69,3756.38,No,0,Loyal (49m+),2,62.60633333333333,0,1,0,62.61
CUST-01761,Female,No,No,Yes,37,Yes,No,DSL,No,Yes,Yes,No,Yes,No,Month-To-Month,No,Electronic check,71.72,2661.33,No,0,Established (25-48m),3,71.92783783783784,0,1,0,71.93
CUST-01762,Male,Yes,Yes,No,27,Yes,Yes,Fiber optic,Yes,No,No,No,No,No,Month-To-Month,Yes,Mailed check,88.18,2384.96,No,0,Established (25-48m),1,88.33185185185185,0,0,0,88.33
CUST-01763,Male,No,Yes,Yes,25,Yes,No,Fiber optic,No,No,Yes,No,Yes,No,Month-To-Month,Yes,Electronic check,90.46,2262.65,Yes,0,Established (25-48m),2,90.506,0,1,0,90.51
CUST-01764,Male,No,No,Yes,60,Yes,Yes,Fiber optic,No,No,No,No,Yes,No,Month-To-Month,No,Mailed check,91.13,5465.18,No,0,Loyal (49m+),1,91.08633333333334,0,1,0,91.09
CUST-01765,Male,No,Yes,No,22,Yes,Yes,DSL,No,No,No,Yes,Yes,Yes,Month-To-Month,Yes,Mailed check,73.49,1615.13,No,0,Mid-term (13-24m),3,73.415,0,1,0,73.42
CUST-01766,Female,No,Yes,No,45,Yes,Yes,DSL,Yes,Yes,Yes,No,Yes,No,One Year,Yes,Mailed check,78.33,3518.29,No,0,Established (25-48m),4,78.18422222222222,0,1,0,78.18
CUST-01767,Female,No,No,No,29,Yes,No,DSL,No,No,Yes,No,No,No,One Year,Yes,Mailed check,60.91,1773.2,No,0,Established (25-48m),1,61.1448275862069,0,0,0,61.14
CUST-01768,Male,No,Yes,No,66,Yes,Yes,Fiber optic,Yes,No,No,Yes,No,No,One Year,Yes,Credit card,93.34,6154.08,No,0,Loyal (49m+),2,93.24363636363637,0,0,0,93.24
CUST-01769,Male,No,No,No,32,Yes,Yes,DSL,Yes,Yes,No,Yes,No,Yes,One Year,Yes,Bank transfer,80.07,2567.45,No,0,Established (25-48m),4,80.2328125,0,1,0,80.23
CUST-01770,Male,Yes,Yes,Yes,2,Yes,Yes,Fiber optic,Yes,No,No,No,Yes,Yes,Month-To-Month,Yes,Bank transfer,98.81,192.41,No,0,New (0-12m),3,96.205,1,1,0,96.2
CUST-01771,Male,No,No,No,68,Yes,Yes,DSL,No,No,No,No,Yes,No,Month-To-Month,Yes,Mailed check,62.66,4266.01,No,0,Loyal (49m+),1,62.735441176470594,0,1,0,62.74
CUST-01772,Male,Yes,No,Yes,41,No,No phone service,Fiber optic,No,No,No,No,Yes,Yes,Month-To-Month,No,Electronic check,77.84,3187.52,No,0,Established (25-48m),2,77.74439024390244,0,1,0,77.74
CUST-01773,Male,No,No,Yes,61,Yes,Yes,Fiber optic,Yes,No,No,No,No,Yes,One Year,Yes,Electronic check,93.16,5692.39,No,0,Loyal (49m+),2,93.31786885245903,0,1,0,93.32
CUST-01774,Female,No,No,No,57,Yes,No,DSL,Yes,No,Yes,No,Yes,No,Month-To-Month,Yes,Bank transfer,70.23,4011.51,No,0,Loyal (49m+),3,70.37736842105264,0,1,0,70.38
CUST-01775,Male,No,No,No,56,Yes,Yes,Fiber optic,Yes,No,No,Yes,No,Yes,Two Year,Yes,Mailed check,98.56,5526.89,No,0,Loyal (49m+),3,98.69446428571429,0,1,0,98.69
CUST-01776,male,No,Yes,Yes,0,Yes,No,Fiber optic,No,No,No,No,No,Yes,Month-To-Month,No,Electronic check,86.75,0.0,No,0,New (0-12m),1,86.75,1,1,0,86.75
CUST-01777,Female,No,Yes,No,72,Yes,No,Fiber optic,No,No,Yes,No,Yes,Yes,Month-To-Month,Yes,Credit card,92.64,6661.76,No,0,Loyal (49m+),3,92.52444444444444,0,1,0,92.52
CUST-01778,Male,No,No,Yes,59,No,No phone service,No,No internet service,No internet service,No internet service,No internet service,No internet service,No internet service,One Year,No,Mailed check,20.8,1236.48,Yes,0,Loyal (49m+),0,20.95728813559322,0,0,0,20.96
CUST-01779,Female,No,Yes,No,68,Yes,No,DSL,No,No,No,No,No,Yes,Month-To-Month,Yes,Credit card,57.95,3939.31,No,0,Loyal (49m+),1,57.931029411764705,0,1,0,57.93
CUST-01780,Female,No,No,No,58,Yes,No,Fiber optic,No,Yes,Yes,No,No,No,Month-To-Month,No,Credit card,91.95,5340.62,No,0,Loyal (49m+),2,92.0796551724138,0,0,0,92.08
CUST-01781,Female,No,Yes,Yes,45,Yes,No,DSL,No,Yes,Yes,No,No,Yes,Month-To-Month,Yes,Electronic check,67.71,3046.69,No,0,Established (25-48m),3,67.70422222222223,0,1,0,67.7
CUST-01782,Female,No,Yes,Yes,33,No,No phone service,Fiber optic,No,No,No,No,Yes,Yes,Month-To-Month,Yes,Credit card,78.22,2584.24,No,0,Established (25-48m),2,78.31030303030302,0,1,0,78.31
CUST-01783,Female,No,No,No,24,Yes,Yes,DSL,No,No,No,No,No,Yes,Two Year,Yes,Electronic check,63.89,1538.47,No,0,Mid-term (13-24m),1,64.10291666666667,0,1,0,64.1
CUST-01784,Female,No,No,No,41,Yes,Yes,DSL,No,No,No,No,No,Yes,Two Year,Yes,Credit card,63.0,2583.69,No,0,Established (25-48m),1,63.01682926829268,0,1,0,63.02
CUST-01785,Male,No,Yes,No,28,Yes,No,DSL,Yes,No,Yes,No,Yes,Yes,Month-To-Month,No,Mailed check,77.06,2166.42,No,0,Established (25-48m),4,77.37214285714286,0,1,0,77.37
CUST-01786,Female,No,Yes,Yes,24,Yes,No,Fiber optic,No,No,No,No,No,No,Month-To-Month,Yes,Bank transfer,78.16,1866.8,No,0,Mid-term (13-24m),0,77.78333333333333,0,0,0,77.78
CUST-01787,Female,Yes,No,No,53,Yes,No,Fiber optic,No,No,No,No,No,No,Month-To-Month,Yes,Bank transfer,77.91,4135.93,No,0,Loyal (49m+),0,78.03641509433963,0,0,0,78.04
CUST-01788,Female,No,Yes,No,72,Yes,Yes,Fiber optic,Yes,No,No,Yes,Yes,No,Two Year,No,Mailed check,97.8,7045.36,No,0,Loyal (49m+),3,97.85222222222222,0,1,0,97.85
CUST-01789,Male,No,Yes,No,66,Yes,Yes,Fiber optic,No,No,No,Yes,No,No,Month-To-Month,No,Bank transfer,91.53,6037.59,No,0,Loyal (49m+),1,91.47863636363637,0,0,0,91.48
CUST-01790,Female,No,No,No,14,Yes,Yes,Fiber optic,No,Yes,Yes,No,Yes,Yes,Month-To-Month,No,Credit card,105.75,1479.9,No,0,Mid-term (13-24m),4,105.70714285714287,0,1,0,105.71
CUST-01791,Male,No,Yes,No,3,Yes,No,DSL,No,No,No,No,No,No,Month-To-Month,Yes,Credit card,56.28,168.28,No,0,New (0-12m),0,56.093333333333334,1,0,0,56.09
CUST-01792,Female,No,No,Yes,37,Yes,No,DSL,No,No,No,No,No,Yes,Month-To-Month,Yes,Bank transfer,61.02,2248.6,No,0,Established (25-48m),1,60.77297297297297,0,1,0,60.77
CUST-01793,Male,No,No,Yes,19,No,No phone service,No,No internet service,No internet service,No internet service,No internet service,No internet service,No internet service,One Year,Yes,Bank transfer,22.34,425.16,Yes,0,Mid-term (13-24m),0,22.376842105263158,0,0,0,22.38
CUST-01794,Male,Yes,No,No,22,Yes,Yes,Fiber optic,No,No,Yes,No,No,Yes,One Year,No,Electronic check,96.34,2110.8,No,0,Mid-term (13-24m),2,95.94545454545455,0,1,0,95.95
CUST-01795,Female,No,Yes,No,36,Yes,No,Fiber optic,No,No,No,No,Yes,Yes,Month-To-Month,No,Credit card,89.41,3219.08,Yes,0,Established (25-48m),2,89.41888888888889,0,1,0,89.42
CUST-01796,Female,No,Yes,No,61,Yes,No,DSL,No,No,No,No,No,No,One Year,No,Bank transfer,53.95,3285.25,No,0,Loyal (49m+),0,53.85655737704918,0,0,0,53.86
CUST-01797,Male,No,No,Yes,7,Yes,No,DSL,No,No,No,No,Yes,No,Month-To-Month,Yes,Credit card,58.96,419.39,No,0,New (0-12m),1,59.91285714285714,0,1,0,59.91
CUST-01798,Female,No,No,Yes,36,Yes,Yes,No,No internet service,No internet service,No internet service,No internet service,No internet service,No internet service,Month-To-Month,No,Bank transfer,34.06,1217.55,Yes,0,Established (25-48m),0,33.82083333333333,0,0,0,33.82
CUST-01799,Male,No,Yes,Yes,44,Yes,No,Fiber optic,No,Yes,No,No,No,Yes,Month-To-Month,No,Electronic check,88.43,3886.82,Yes,0,Established (25-48m),2,88.33681818181819,0,1,0,88.34
CUST-01800,Male,No,Yes,Yes,32,Yes,No,Fiber optic,Yes,No,Yes,No,No,No,Month-To-Month,Yes,Electronic check,89.47,2861.21,No,0,Established (25-48m),2,89.4128125,0,0,0,89.41
CUST-01801,Male,No,Yes,No,6,Yes,Yes,No,No internet service,No internet service,No internet service,No internet service,No internet service,No internet service,Month-To-Month,No,Electronic check,33.05,200.34,No,0,New (0-12m),0,33.39,0,0,0,33.39
CUST-01802,Male,Yes,No,Yes,21,Yes,Yes,Fiber optic,No,No,No,No,Yes,No,Two Year,Yes,Mailed check,88.99,1878.54,No,0,Mid-term (13-24m),1,89.45428571428572,0,1,0,89.45
CUST-01803,Male,No,No,Yes,4,Yes,Yes,Fiber optic,No,Yes,No,No,Yes,Yes,Month-To-Month,No,Electronic check,98.38,386.11,No,0,New (0-12m),3,96.5275,0,1,0,96.53
CUST-01804,Female,No,Yes,No,14,Yes,Yes,Fiber optic,Yes,No,Yes,No,Yes,Yes,Month-To-Month,No,Bank transfer,106.22660000000005,1496.86,No,0,Mid-term (13-24m),4,106.91857142857143,0,1,0,106.92
CUST-01805,Male,No,Yes,Yes,20,Yes,No,Fiber optic,Yes,No,Yes,No,No,No,Month-To-Month,Yes,Electronic check,89.81,1799.82,No,0,Mid-term (13-24m),2,89.991,0,0,0,89.99
CUST-01806,Male,No,Yes,No,16,Yes,No,DSL,No,No,No,No,Yes,No,Two Year,No,Mailed check,61.61,983.24,No,0,Mid-term (13-24m),1,61.4525,0,1,0,61.45
CUST-01807,Female,No,No,No,55,Yes,No,Fiber optic,Yes,No,No,No,Yes,No,Two Year,Yes,Electronic check,90.44,4969.02,No,0,Loyal (49m+),2,90.34581818181819,0,1,0,90.35
CUST-01808,M,No,No,No,49,Yes,Yes,DSL,No,Yes,No,No,Yes,No,Month-To-Month,No,Mailed check,70.49,3460.31,No,0,Loyal (49m+),2,70.61857142857143,0,1,0,70.62
CUST-01809,Female,No,Yes,No,6,Yes,Yes,Fiber optic,No,Yes,No,Yes,No,Yes,One Year,No,Electronic check,97.52,578.87,No,0,New (0-12m),3,96.47833333333334,0,1,0,96.48
CUST-01810,Female,No,Yes,No,49,Yes,Yes,DSL,No,Yes,No,No,No,Yes,One Year,No,Bank transfer,67.56,3307.17,No,0,Loyal (49m+),2,67.49326530612245,0,1,0,67.49
CUST-01811,Female,No,No,Yes,59,Yes,Yes,DSL,No,Yes,No,Yes,No,Yes,Month-To-Month,No,Electronic check,73.89,4354.32,Yes,0,Loyal (49m+),3,73.80203389830508,0,1,0,73.8
CUST-01812,Male,Yes,No,Yes,6,Yes,No,No,No internet service,No internet service,No internet service,No internet service,No internet service,No internet service,Month-To-Month,Yes,Electronic check,27.8,176.01,No,0,New (0-12m),0,29.334999999999997,0,0,0,29.33
CUST-01813,Male,No,Yes,No,39,Yes,No,Fiber optic,Yes,Yes,No,No,Yes,Yes,One Year,Yes,Credit card,98.89,3863.44,No,0,Established (25-48m),4,99.06256410256411,0,1,0,99.06
CUST-01814,Male,Yes,Yes,Yes,44,Yes,Yes,DSL,No,No,Yes,Yes,No,No,Month-To-Month,No,Electronic check,70.59,3105.18,No,0,Established (25-48m),2,70.57227272727272,0,0,0,70.57
CUST-01815,Female,Yes,Yes,No,58,Yes,No,No,No internet service,No internet service,No internet service,No internet service,No internet service,No internet service,Month-To-Month,Yes,Credit card,31.05,1807.7,No,0,Loyal (49m+),0,31.167241379310347,0,0,0,31.17
CUST-01816,Male,No,No,Yes,54,Yes,No,Fiber optic,No,No,No,No,No,No,Month-To-Month,No,Credit card,80.56,4353.89,No,0,Loyal (49m+),0,80.62759259259259,0,0,0,80.63
CUST-01817,Female,No,Yes,Yes,63,Yes,Yes,DSL,No,Yes,Yes,No,No,No,Month-To-Month,Yes,Electronic check,70.27,4424.15,No,0,Loyal (49m+),2,70.22460317460317,0,0,0,70.22
CUST-01818,Male,No,No,Yes,64,Yes,No,Fiber optic,No,No,No,No,Yes,No,Two Year,No,Mailed check,82.91,5300.43,No,0,Loyal (49m+),1,82.81921875,0,1,0,82.82
CUST-01819,Female,No,No,Yes,53,Yes,No,Fiber optic,Yes,No,No,No,No,Yes,Month-To-Month,Yes,Mailed check,88.14,4668.63,No,0,Loyal (49m+),2,88.08735849056605,0,1,0,88.09
CUST-01820,Male,No,Yes,Yes,39,Yes,No,Fiber optic,No,No,No,Yes,No,Yes,Month-To-Month,No,Mailed check,87.71,3421.05,No,0,Established (25-48m),2,87.71923076923078,0,1,0,87.72
CUST-01821,Male,No,Yes,Yes,52,Yes,Yes,No,No internet service,No internet service,No internet service,No internet service,No internet service,No internet service,Month-To-Month,No,Mailed check,36.56,1895.12,No,0,Loyal (49m+),0,36.44461538461538,0,0,0,36.44
CUST-01822,Male,Yes,No,Yes,43,Yes,Yes,DSL,No,Yes,Yes,No,Yes,No,One Year,Yes,Electronic check,74.12,3182.63,No,0,Established (25-48m),3,74.0146511627907,0,1,0,74.01
CUST-01823,Female,No,Yes,No,62,Yes,Yes,DSL,Yes,Yes,Yes,No,Yes,Yes,Month-To-Month,Yes,Mailed check,84.51,5242.56,No,0,Loyal (49m+),5,84.55741935483871,0,1,0,84.56
CUST-01824,Female,No,No,No,1,Yes,Yes,DSL,No,Yes,Yes,No,No,Yes,One Year,No,Credit card,75.62,80.11,Yes,0,New (0-12m),3,80.11,1,1,0,80.11
CUST-01825,Male,No,Yes,No,20,Yes,No,DSL,No,No,Yes,No,No,No,Month-To-Month,No,Electronic check,62.34,1245.92,No,0,Mid-term (13-24m),1,62.29600000000001,0,0,0,62.3
CUST-01826,Male,Yes,Yes,Yes,49,Yes,Yes,Fiber optic,No,No,Yes,No,No,No,Two Year,Yes,Bank transfer,90.58,4447.81,Yes,0,Loyal (49m+),1,90.77163265306123,0,0,0,90.77
CUST-01827,Female,No,Yes,Yes,51,No,No phone service,No,No internet service,No internet service,No internet service,No internet service,No internet service,No internet service,Two Year,No,Bank transfer,19.8858,918.69,No,0,Loyal (49m+),0,18.013529411764708,0,0,0,18.01
CUST-01828,Female,Yes,Yes,No,8,Yes,No,DSL,No,Yes,Yes,Yes,No,Yes,Two Year,Yes,Electronic check,77.01,624.31,Yes,0,New (0-12m),4,78.03875,0,1,0,78.04
CUST-01829,male,No,No,No,19,Yes,Yes,DSL,No,No,No,No,Yes,Yes,Month-To-Month,Yes,Electronic check,68.65,1299.84,No,0,Mid-term (13-24m),2,68.41263157894737,0,1,0,68.41
CUST-01830,Male,No,No,Yes,17,Yes,Yes,No,No internet service,No internet service,No internet service,No internet service,No internet service,No internet service,One Year,No,Mailed check,36.45,624.36,No,0,Mid-term (13-24m),0,36.72705882352941,0,0,0,36.73
CUST-01831,Female,No,No,No,29,Yes,Yes,DSL,Yes,No,No,No,No,Yes,Month-To-Month,Yes,Bank transfer,71.24,2075.93,Yes,0,Established (25-48m),2,71.58379310344827,0,1,0,71.58
CUST-01832,F,No,Yes,No,64,Yes,Yes,Fiber optic,No,No,No,No,Yes,No,Two Year,Yes,Electronic check,89.58,5739.79,No,0,Loyal (49m+),1,89.68421875,0,1,0,89.68
CUST-01833,Female,No,No,No,23,Yes,No,DSL,No,Yes,Yes,No,Yes,Yes,Month-To-Month,No,Bank transfer,75.11,1727.04,No,0,Mid-term (13-24m),4,75.08869565217391,0,1,0,75.09
CUST-01834,Male,No,No,No,46,Yes,No,DSL,Yes,No,No,No,No,No,Month-To-Month,No,Bank transfer,58.64,2689.93,Yes,0,Established (25-48m),1,58.47673913043478,0,0,0,58.48
CUST-01835,Female,No,No,Yes,43,Yes,No,DSL,No,No,Yes,No,Yes,No,Month-To-Month,Yes,Credit card,66.01,2847.76,No,0,Established (25-48m),2,66.22697674418605,0,1,0,66.23
CUST-01836,Female,No,Yes,No,28,Yes,Yes,DSL,No,No,No,No,No,No,Two Year,No,Electronic check,62.4,1751.61,No,0,Established (25-48m),0,62.5575,0,0,0,62.56
CUST-01837,Female,No,No,No,67,Yes,Yes,Fiber optic,No,Yes,Yes,No,No,No,One Year,Yes,Mailed check,94.64,6347.64,No,0,Loyal (49m+),2,94.74089552238806,0,0,0,94.74
CUST-01838,Female,Yes,Yes,No,16,Yes,Yes,DSL,No,No,No,No,No,Yes,Month-To-Month,Yes,Electronic check,67.49,1081.3,Yes,0,Mid-term (13-24m),1,67.58125,0,1,0,67.58
CUST-01839,Female,No,Yes,No,4,Yes,Yes,DSL,No,Yes,No,Yes,No,No,Two Year,No,Electronic check,68.76,274.61,No,0,New (0-12m),2,68.6525,0,0,0,68.65
CUST-01840,Male,No,No,Yes,49,Yes,No,Fiber optic,No,No,Yes,Yes,No,No,Month-To-Month,Yes,Electronic check,88.1,4308.47,No,0,Loyal (49m+),2,87.92795918367348,0,0,0,87.93
CUST-01841,Female,No,Yes,No,39,Yes,Yes,Fiber optic,Yes,Yes,No,Yes,Yes,No,Two Year,No,Bank transfer,106.22660000000005,4183.35,No,0,Established (25-48m),4,107.26538461538462,0,1,0,107.27
CUST-01842,Female,No,No,No,45,Yes,No,Fiber optic,No,No,No,No,No,Yes,Two Year,No,Credit card,84.38,3798.74,No,0,Established (25-48m),1,84.41644444444444,0,1,0,84.42
CUST-01843,Female,No,No,No,50,No,No phone service,DSL,No,Yes,No,No,No,Yes,Two Year,No,Electronic check,56.8,2833.78,No,0,Loyal (49m+),2,56.6756,0,1,0,56.68
CUST-01844,Male,No,No,No,10,Yes,No,DSL,Yes,No,Yes,No,Yes,Yes,Month-To-Month,Yes,Mailed check,72.65,730.0,No,0,New (0-12m),4,73.0,0,1,0,73.0
CUST-01845,Female,No,No,No,11,Yes,Yes,Fiber optic,No,No,Yes,No,No,No,Month-To-Month,Yes,Electronic check,90.64,1006.18,Yes,0,New (0-12m),1,91.47090909090909,0,0,0,91.47
CUST-01846,Male,No,No,Yes,12,Yes,Yes,Fiber optic,No,Yes,No,No,Yes,Yes,One Year,Yes,Bank transfer,97.52,1167.36,No,0,New (0-12m),3,97.27999999999999,0,1,0,97.28
CUST-01847,Female,No,Yes,No,63,Yes,No,Fiber optic,No,No,Yes,No,No,Yes,Two Year,No,Mailed check,90.02,5676.0,No,0,Loyal (49m+),2,90.0952380952381,0,1,0,90.1
CUST-01848,Female,No,No,No,7,Yes,Yes,DSL,No,Yes,No,Yes,No,Yes,Month-To-Month,Yes,Mailed check,76.18,541.49,No,0,New (0-12m),3,77.35571428571428,0,1,0,77.36
CUST-01849,Male,No,Yes,Yes,64,Yes,Yes,DSL,No,Yes,No,No,Yes,No,Month-To-Month,Yes,Mailed check,70.61,4525.91,No,0,Loyal (49m+),2,70.71734375,0,1,0,70.72
CUST-01850,Female,No,No,No,8,Yes,Yes,No,No internet service,No internet service,No internet service,No internet service,No internet service,No internet service,Month-To-Month,No,Bank transfer,35.64,276.8,No,0,New (0-12m),0,34.6,0,0,0,34.6
CUST-01851,Male,No,No,Yes,1,Yes,No,No,No internet service,No internet service,No internet service,No internet service,No internet service,No internet service,Two Year,No,Electronic check,29.13,32.68,No,0,New (0-12m),0,32.68,1,0,0,32.68
CUST-01852,M,No,No,No,12,Yes,No,DSL,No,Yes,No,No,No,Yes,Two Year,Yes,Mailed check,65.67,784.09,No,0,New (0-12m),2,65.34083333333334,0,1,0,65.34
CUST-01853,Female,No,Yes,Yes,1,Yes,No,No,No internet service,No internet service,No internet service,No internet service,No internet service,No internet service,Month-To-Month,No,Mailed check,31.77,39.83,No,0,New (0-12m),0,39.83,1,0,0,39.83
CUST-01854,Male,Yes,Yes,No,67,No,No phone service,DSL,No,No,No,No,No,Yes,Month-To-Month,Yes,Electronic check,49.98,3342.08,No,0,Loyal (49m+),1,49.881791044776115,0,1,0,49.88
CUST-01855,Female,No,Yes,No,47,Yes,No,No,No internet service,No internet service,No internet service,No internet service,No internet service,No internet service,One Year,Yes,Electronic check,30.21,1414.32,Yes,0,Established (25-48m),0,30.09191489361702,0,0,0,30.09
CUST-01856,Female,No,Yes,Yes,2,Yes,Yes,Fiber optic,No,Yes,No,Yes,Yes,No,Month-To-Month,Yes,Credit card,101.69,203.22,Yes,0,New (0-12m),3,101.61,1,1,0,101.61
CUST-01857,Male,No,No,No,67,Yes,Yes,Fiber optic,No,Yes,No,Yes,No,Yes,One Year,Yes,Credit card,98.11,6569.98,No,0,Loyal (49m+),3,98.05940298507463,0,1,0,98.06
CUST-01858,F,No,No,Yes,5,Yes,No,Fiber optic,Yes,No,No,No,No,Yes,Month-To-Month,No,Electronic check,90.51,449.74,Yes,0,New (0-12m),2,89.94800000000001,0,1,0,89.95
CUST-01859,Male,No,Yes,Yes,4,Yes,No,DSL,No,No,Yes,Yes,Yes,Yes,One Year,Yes,Bank transfer,74.87,297.97,Yes,0,New (0-12m),4,74.4925,0,1,0,74.49
CUST-01860,Male,No,Yes,No,2,Yes,No,DSL,No,Yes,No,No,No,Yes,Two Year,Yes,Mailed check,64.59,122.06,No,0,New (0-12m),2,61.03,1,1,0,61.03
CUST-01861,Female,No,Yes,Yes,9,No,No phone service,Fiber optic,No,Yes,No,No,No,No,Month-To-Month,No,Credit card,74.54,662.78,No,0,New (0-12m),1,73.64222222222222,0,0,0,73.64
CUST-01862,Female,No,No,No,42,Yes,Yes,DSL,No,No,Yes,Yes,No,Yes,Month-To-Month,No,Credit card,75.66,3171.58,Yes,0,Established (25-48m),3,75.51380952380953,0,1,0,75.51
CUST-01863,male,No,Yes,Yes,18,Yes,No,Fiber optic,No,No,No,No,Yes,No,Month-To-Month,No,Mailed check,86.99,1566.5,No,0,Mid-term (13-24m),1,87.02777777777777,0,1,0,87.03
CUST-01864,Female,No,Yes,Yes,13,Yes,Yes,Fiber optic,No,Yes,No,No,No,Yes,Month-To-Month,Yes,Electronic check,95.75,1242.78,No,0,Mid-term (13-24m),2,95.59846153846154,0,1,0,95.6
CUST-01865,Female,No,No,No,20,No,No phone service,DSL,No,No,Yes,Yes,No,No,Two Year,Yes,Mailed check,53.82,1079.68,No,0,Mid-term (13-24m),2,53.984,0,0,0,53.98
CUST-01866,Female,No,Yes,No,42,Yes,Yes,Fiber optic,No,Yes,Yes,No,No,No,Month-To-Month,Yes,Bank transfer,93.19,3917.84,No,0,Established (25-48m),2,93.28190476190477,0,0,0,93.28
CUST-01867,Female,No,No,No,27,Yes,Yes,DSL,No,No,No,Yes,No,No,Two Year,No,Credit card,67.39,1822.14,Yes,0,Established (25-48m),1,67.48666666666666,0,0,0,67.49
CUST-01868,Male,No,No,No,20,No,No phone service,DSL,Yes,No,No,Yes,Yes,Yes,Month-To-Month,No,Electronic check,64.02,1274.94,No,0,Mid-term (13-24m),4,63.747,0,1,0,63.75
CUST-01869,Male,No,No,No,35,Yes,No,Fiber optic,No,No,Yes,Yes,No,Yes,Month-To-Month,No,Bank transfer,94.83,3321.5,No,0,Established (25-48m),3,94.9,0,1,0,94.9
CUST-01870,Female,No,No,Yes,23,Yes,No,Fiber optic,No,No,Yes,No,No,Yes,Month-To-Month,No,Bank transfer,87.59,2015.83,No,0,Mid-term (13-24m),2,87.64478260869565,0,1,0,87.64
CUST-01871,Male,No,No,Yes,53,Yes,No,DSL,Yes,No,Yes,No,Yes,Yes,Two Year,No,Electronic check,76.56,4060.43,No,0,Loyal (49m+),4,76.61188679245282,0,1,0,76.61
CUST-01872,Male,No,Yes,No,37,Yes,No,DSL,No,No,No,Yes,No,No,Two Year,No,Mailed check,61.47,2269.37,Yes,0,Established (25-48m),1,61.33432432432432,0,0,0,61.33
CUST-01873,Male,No,Yes,Yes,16,Yes,Yes,Fiber optic,Yes,No,No,Yes,Yes,Yes,Month-To-Month,Yes,Electronic check,105.97,1705.29,Yes,0,Mid-term (13-24m),4,106.580625,0,1,0,106.58
CUST-01874,Female,No,No,No,21,Yes,No,DSL,Yes,Yes,Yes,No,No,No,Month-To-Month,Yes,Bank transfer,69.28,1464.63,No,0,Mid-term (13-24m),3,69.74428571428572,0,0,0,69.74
CUST-01875,F,No,No,No,44,Yes,No,No,No internet service,No internet service,No internet service,No internet service,No internet service,No internet service,Month-To-Month,Yes,Bank transfer,29.37,1299.86,Yes,0,Established (25-48m),0,29.542272727272724,0,0,0,29.54
CUST-01876,Female,No,Yes,No,60,Yes,No,No,No internet service,No internet service,No internet service,No internet service,No internet service,No internet service,Month-To-Month,Yes,Credit card,29.98,1793.56,No,0,Loyal (49m+),0,29.892666666666667,0,0,0,29.89
CUST-01877,Male,No,Yes,No,10,Yes,No,DSL,Yes,No,Yes,No,Yes,No,Two Year,Yes,Credit card,69.51,700.15,No,0,New (0-12m),3,70.015,0,1,0,70.02
CUST-01878,Female,No,No,No,60,Yes,No,No,No internet service,No internet service,No internet service,No internet service,No internet service,No internet service,Month-To-Month,Yes,Electronic check,28.34,1692.91,No,0,Loyal (49m+),0,28.21516666666667,0,0,0,28.22
CUST-01879,Female,No,Yes,No,37,Yes,Yes,DSL,Yes,No,No,Yes,No,Yes,Two Year,Yes,Electronic check,73.66,2733.76,No,0,Established (25-48m),3,73.88540540540541,0,1,0,73.89
CUST-01880,Male,No,Yes,Yes,65,Yes,Yes,Fiber optic,No,No,No,No,No,Yes,One Year,Yes,Bank transfer,89.15,5789.23,Yes,0,Loyal (49m+),1,89.06507692307692,0,1,0,89.07
CUST-01881,Female,No,No,No,32,Yes,Yes,DSL,Yes,Yes,Yes,No,No,No,One Year,Yes,Bank transfer,72.6,2322.02,No,0,Established (25-48m),3,72.563125,0,0,0,72.56
CUST-01882,Female,No,Yes,Yes,42,No,No phone service,DSL,No,No,Yes,No,Yes,No,Two Year,Yes,Credit card,54.21,2279.69,No,0,Established (25-48m),2,54.278333333333336,0,1,0,54.28
CUST-01883,Male,No,Yes,No,30,Yes,No,No,No internet service,No internet service,No internet service,No internet service,No internet service,No internet service,Month-To-Month,Yes,Electronic check,31.61,945.63,No,0,Established (25-48m),0,31.521,0,0,0,31.52
CUST-01884,Male,No,Yes,Yes,34,Yes,Yes,Fiber optic,Yes,No,No,No,Yes,Yes,Month-To-Month,Yes,Credit card,99.85,3389.67,Yes,0,Established (25-48m),3,99.69617647058824,0,1,0,99.7
CUST-01885,Male,Yes,Yes,Yes,36,Yes,No,Fiber optic,No,No,Yes,Yes,No,No,Two Year,Yes,Mailed check,88.43,3189.34,No,0,Established (25-48m),2,88.59277777777778,0,0,0,88.59
CUST-01886,Female,No,No,Yes,46,Yes,Yes,DSL,No,No,No,No,No,No,Month-To-Month,No,Electronic check,60.97,2810.87,Yes,0,Established (25-48m),0,61.10586956521739,0,0,0,61.11
CUST-01887,Female,Yes,Yes,No,22,Yes,Yes,No,No internet service,No internet service,No internet service,No internet service,No internet service,No internet service,Month-To-Month,Yes,Electronic check,32.61,716.96,No,0,Mid-term (13-24m),0,32.58909090909091,0,0,0,32.59
CUST-01888,Female,No,No,Yes,35,Yes,Yes,Fiber optic,Yes,Yes,Yes,No,No,No,Two Year,No,Credit card,98.27,3435.43,No,0,Established (25-48m),3,98.15514285714285,0,0,0,98.16
CUST-01889,Male,No,Yes,Yes,39,Yes,Yes,Fiber optic,Yes,No,No,No,Yes,No,One Year,Yes,Mailed check,95.41,3725.18,No,0,Established (25-48m),2,95.51743589743589,0,1,0,95.52
CUST-01890,Male,No,No,No,14,Yes,Yes,DSL,No,No,Yes,No,No,No,Month-To-Month,Yes,Credit card,65.86,930.04,No,0,Mid-term (13-24m),1,66.43142857142857,0,0,0,66.43
CUST-01891,Female,No,No,Yes,36,Yes,No,No,No internet service,No internet service,No internet service,No internet service,No internet service,No internet service,One Year,Yes,Bank transfer,28.97,1049.0,Yes,0,Established (25-48m),0,29.13888888888889,0,0,0,29.14
CUST-01892,Female,No,Yes,Yes,3,Yes,No,DSL,No,No,No,No,No,No,Month-To-Month,Yes,Electronic check,53.89,162.9,Yes,0,New (0-12m),0,54.300000000000004,1,0,0,54.3
CUST-01893,Male,No,No,No,21,Yes,No,DSL,No,No,Yes,Yes,Yes,No,Two Year,Yes,Mailed check,67.6,1410.79,No,0,Mid-term (13-24m),3,67.18047619047618,0,1,0,67.18
CUST-01894,Male,No,No,Yes,21,Yes,No,Fiber optic,No,No,No,Yes,Yes,Yes,Month-To-Month,No,Electronic check,93.92,1980.7,No,0,Mid-term (13-24m),3,94.31904761904762,0,1,0,94.32
CUST-01895,Male,Yes,No,Yes,16,Yes,Yes,Fiber optic,No,No,No,No,Yes,No,One Year,No,Mailed check,92.3,1484.97,No,0,Mid-term (13-24m),1,92.810625,0,1,0,92.81
CUST-01896,Male,No,No,No,71,Yes,Yes,Fiber optic,No,Yes,No,No,No,Yes,Two Year,No,Mailed check,94.49,6703.91,Yes,0,Loyal (49m+),2,94.4212676056338,0,1,0,94.42
CUST-01897,Female,No,No,Yes,37,Yes,Yes,Fiber optic,No,No,No,Yes,Yes,Yes,Month-To-Month,No,Bank transfer,99.14,3671.91,No,0,Established (25-48m),3,99.24081081081081,0,1,0,99.24
CUST-01898,Male,No,Yes,Yes,23,Yes,Yes,DSL,Yes,No,No,No,No,No,Two Year,Yes,Mailed check,65.63,1506.96,Yes,0,Mid-term (13-24m),1,65.52,0,0,0,65.52
CUST-01899,male,No,No,Yes,5,No,No phone service,Fiber optic,No,Yes,Yes,No,No,Yes,Two Year,Yes,Electronic check,87.45,431.65,No,0,New (0-12m),3,86.33,0,1,0,86.33
CUST-01900,Female,No,No,Yes,67,Yes,Yes,Fiber optic,No,No,No,No,No,No,One Year,No,Electronic check,84.69,5664.44,Yes,0,Loyal (49m+),0,84.54388059701492,0,0,0,84.54
CUST-01901,Female,No,Yes,No,5,Yes,Yes,Fiber optic,No,Yes,No,No,Yes,Yes,Month-To-Month,No,Mailed check,97.97,487.15,No,0,New (0-12m),3,97.42999999999999,0,1,0,97.43
CUST-01902,Male,No,Yes,No,25,Yes,Yes,Fiber optic,No,No,Yes,No,No,No,One Year,Yes,Credit card,91.09,2271.47,No,0,Established (25-48m),1,90.85879999999999,0,0,0,90.86
CUST-01903,Male,No,No,No,40,Yes,No,DSL,Yes,No,No,No,Yes,No,Two Year,No,Mailed check,66.99,2670.07,No,0,Established (25-48m),2,66.75175,0,1,0,66.75
CUST-01904,Male,No,Yes,No,37,No,No phone service,No,No internet service,No internet service,No internet service,No internet service,No internet service,No internet service,Month-To-Month,Yes,Bank transfer,20.9,773.83,No,0,Established (25-48m),0,20.914324324324326,0,0,0,20.91
CUST-01905,Male,Yes,Yes,Yes,42,Yes,Yes,Fiber optic,Yes,Yes,No,No,Yes,No,One Year,Yes,Electronic check,99.99,4194.23,No,0,Established (25-48m),3,99.86261904761903,0,1,0,99.86
CUST-01906,Female,No,Yes,No,52,Yes,Yes,Fiber optic,No,Yes,No,No,No,Yes,Month-To-Month,No,Mailed check,93.73,4875.74,No,0,Loyal (49m+),2,93.76423076923076,0,1,0,93.76
CUST-01907,Male,Yes,Yes,No,14,Yes,No,DSL,No,Yes,Yes,No,No,No,Month-To-Month,No,Mailed check,64.73,904.59,No,0,Mid-term (13-24m),2,64.61357142857143,0,0,0,64.61
CUST-01908,Male,No,Yes,Yes,55,Yes,No,Fiber optic,Yes,No,No,No,Yes,No,Month-To-Month,No,Bank transfer,89.61,4925.38,No,0,Loyal (49m+),2,89.55236363636364,0,1,0,89.55
CUST-01909,Female,No,Yes,Yes,55,Yes,Yes,Fiber optic,No,Yes,No,Yes,No,No,Two Year,Yes,Mailed check,97.31,5349.57,Yes,0,Loyal (49m+),2,97.26490909090909,0,0,0,97.26
CUST-01910,Male,No,No,Yes,30,Yes,No,DSL,No,No,No,No,Yes,No,One Year,Yes,Mailed check,57.68,1731.88,No,0,Established (25-48m),1,57.72933333333334,0,1,0,57.73
CUST-01911,Female,No,No,No,56,Yes,No,No,No internet service,No internet service,No internet service,No internet service,No internet service,No internet service,Month-To-Month,Yes,Bank transfer,29.32,1648.6,Yes,0,Loyal (49m+),0,29.439285714285713,0,0,0,29.44
CUST-01912,Female,No,Yes,Yes,50,No,No phone service,DSL,No,No,Yes,No,No,No,Two Year,No,Electronic check,49.06,2456.39,Yes,0,Loyal (49m+),1,49.1278,0,0,0,49.13
CUST-01913,Female,No,Yes,Yes,23,Yes,No,Fiber optic,No,No,No,No,No,No,Month-To-Month,Yes,Electronic check,82.41,1887.64,No,0,Mid-term (13-24m),0,82.07130434782609,0,0,0,82.07
CUST-01914,Female,No,No,Yes,57,Yes,No,Fiber optic,No,No,No,No,Yes,No,Two Year,Yes,Electronic check,82.53,4705.55,No,0,Loyal (49m+),1,82.55350877192983,0,1,0,82.55
CUST-01915,Female,No,Yes,No,72,Yes,Yes,No,No internet service,No internet service,No internet service,No internet service,No internet service,No internet service,Month-To-Month,Yes,Electronic check,33.96,2450.5,Yes,0,Loyal (49m+),0,34.03472222222222,0,0,0,34.03
CUST-01916,Female,No,No,No,3,Yes,Yes,DSL,No,No,No,No,No,No,Two Year,Yes,Credit card,62.37,183.33,No,0,New (0-12m),0,61.11000000000001,1,0,0,61.11
CUST-01917,Female,No,Yes,No,9,Yes,No,Fiber optic,Yes,No,Yes,No,No,No,One Year,Yes,Mailed check,88.3,797.26,No,0,New (0-12m),2,88.58444444444444,0,0,0,88.58
CUST-01918,Female,No,No,No,62,Yes,Yes,Fiber optic,Yes,Yes,No,No,No,Yes,One Year,No,Mailed check,101.45,6279.91,No,0,Loyal (49m+),3,101.28887096774193,0,1,0,101.29
CUST-01919,Male,No,No,No,72,Yes,No,DSL,No,No,No,No,No,Yes,Month-To-Month,Yes,Credit card,60.32,4351.83,No,0,Loyal (49m+),1,60.44208333333333,0,1,0,60.44
CUST-01920,Male,No,Yes,No,14,No,No phone service,No,No internet service,No internet service,No internet service,No internet service,No internet service,No internet service,Month-To-Month,No,Credit card,22.03,303.77,No,0,Mid-term (13-24m),0,21.697857142857142,0,0,0,21.7
CUST-01921,Male,No,Yes,No,62,Yes,No,Fiber optic,Yes,Yes,Yes,No,Yes,No,Month-To-Month,Yes,Mailed check,101.87,6324.06,No,0,Loyal (49m+),4,102.0009677419355,0,1,0,102.0
CUST-01922,Male,Yes,Yes,Yes,18,Yes,Yes,Fiber optic,No,Yes,No,No,No,Yes,Two Year,No,Credit card,95.38,1711.17,No,0,Mid-term (13-24m),2,95.065,0,1,0,95.06
CUST-01923,Female,No,Yes,Yes,62,Yes,No,No,No internet service,No internet service,No internet service,No internet service,No internet service,No internet service,Month-To-Month,No,Electronic check,30.27,1884.66,Yes,0,Loyal (49m+),0,30.39774193548387,0,0,0,30.4
CUST-01924,Male,No,No,Yes,55,Yes,No,Fiber optic,No,No,Yes,Yes,Yes,No,One Year,Yes,Credit card,93.26,5130.39,No,0,Loyal (49m+),3,93.27981818181819,0,1,0,93.28
CUST-01925,Female,No,Yes,No,20,Yes,No,Fiber optic,No,Yes,Yes,No,No,No,Month-To-Month,Yes,Electronic check,87.8,1749.65,No,0,Mid-term (13-24m),2,87.4825,0,0,0,87.48
CUST-01926,Male,No,No,No,33,Yes,No,Fiber optic,Yes,Yes,No,No,No,Yes,Month-To-Month,Yes,Mailed check,96.16,3169.66,No,0,Established (25-48m),3,96.05030303030303,0,1,0,96.05
CUST-01927,F,No,Yes,Yes,16,Yes,No,Fiber optic,Yes,No,Yes,No,Yes,No,Month-To-Month,Yes,Electronic check,95.56,1535.56,Yes,0,Mid-term (13-24m),3,95.9725,0,1,0,95.97
CUST-01928,Male,No,No,Yes,17,Yes,No,Fiber optic,No,No,No,Yes,No,No,Two Year,No,Credit card,86.48,1479.22,No,0,Mid-term (13-24m),1,87.01294117647059,0,0,0,87.01
CUST-01929,Female,No,Yes,No,65,Yes,No,Fiber optic,No,Yes,No,Yes,No,Yes,Two Year,Yes,Electronic check,92.59,6025.88,Yes,0,Loyal (49m+),3,92.70584615384615,0,1,0,92.71
CUST-01930,Male,No,Yes,No,50,Yes,No,Fiber optic,No,No,Yes,No,No,No,Two Year,Yes,Electronic check,87.17,4365.93,Yes,0,Loyal (49m+),1,87.3186,0,0,0,87.32
CUST-01931,Female,No,No,No,64,Yes,Yes,Fiber optic,No,No,Yes,Yes,Yes,No,Two Year,No,Bank transfer,97.87,6253.77,No,0,Loyal (49m+),3,97.71515625,0,1,0,97.72
CUST-01932,Female,No,Yes,No,42,Yes,No,No,No internet service,No internet service,No internet service,No internet service,No internet service,No internet service,Month-To-Month,Yes,Bank transfer,32.02,1343.81,No,0,Established (25-48m),0,31.99547619047619,0,0,0,32.0
CUST-01933,Male,No,Yes,No,56,Yes,Yes,Fiber optic,No,No,No,No,Yes,Yes,Two Year,Yes,Bank transfer,93.46,5240.5,No,0,Loyal (49m+),2,93.58035714285714,0,1,0,93.58
CUST-01934,Male,Yes,Yes,No,9,Yes,Yes,DSL,No,No,No,No,Yes,Yes,Month-To-Month,Yes,Electronic check,68.8,609.9,No,0,New (0-12m),2,67.76666666666667,0,1,0,67.77
CUST-01935,Male,No,Yes,No,36,No,No phone service,Fiber optic,No,Yes,Yes,No,Yes,Yes,Two Year,No,Electronic check,91.86,3310.84,Yes,0,Established (25-48m),4,91.96777777777778,0,1,0,91.97
CUST-01936,Female,No,Yes,No,47,No,No phone service,Fiber optic,Yes,No,No,Yes,No,No,Month-To-Month,Yes,Electronic check,79.76,3748.74,No,0,Established (25-48m),2,79.76042553191489,0,0,0,79.76
CUST-01937,Male,No,No,Yes,68,Yes,Yes,DSL,Yes,Yes,No,No,Yes,No,Two Year,Yes,Mailed check,75.97,5171.77,No,0,Loyal (49m+),3,76.0554411764706,0,1,0,76.06
CUST-01938,Female,No,Yes,No,55,Yes,Yes,No,No internet service,No internet service,No internet service,No internet service,No internet service,No internet service,Month-To-Month,No,Electronic check,37.0,2030.22,No,0,Loyal (49m+),0,36.91309090909091,0,0,0,36.91
CUST-01939,Female,Yes,No,No,35,Yes,Yes,DSL,No,No,Yes,Yes,Yes,No,Month-To-Month,Yes,Credit card,73.96,2596.24,Yes,0,Established (25-48m),3,74.1782857142857,0,1,0,74.18
CUST-01940,Male,No,Yes,No,30,Yes,Yes,Fiber optic,No,Yes,Yes,No,No,Yes,Month-To-Month,No,Mailed check,98.18,2941.33,No,0,Established (25-48m),3,98.04433333333333,0,1,0,98.04
CUST-01941,Male,Yes,Yes,Yes,54,Yes,Yes,No,No internet service,No internet service,No internet service,No internet service,No internet service,No internet service,Month-To-Month,No,Electronic check,35.2,1909.82,No,0,Loyal (49m+),0,35.367037037037036,0,0,0,35.37
CUST-01942,Female,No,No,Yes,37,No,No phone service,Fiber optic,No,Yes,Yes,Yes,Yes,No,Month-To-Month,No,Bank transfer,89.44,3312.09,No,0,Established (25-48m),4,89.51594594594594,0,1,0,89.52
CUST-01943,Female,No,No,No,72,Yes,No,Fiber optic,No,No,No,Yes,Yes,No,Two Year,No,Mailed check,91.49,6581.22,Yes,0,Loyal (49m+),2,91.40583333333333,0,1,0,91.41
CUST-01944,Female,No,No,Yes,14,Yes,Yes,No,No internet service,No internet service,No internet service,No internet service,No internet service,No internet service,Two Year,No,Electronic check,32.53,460.94,No,0,Mid-term (13-24m),0,32.924285714285716,0,0,0,32.92
CUST-01945,Male,No,No,Yes,15,No,No phone service,Fiber optic,No,No,No,No,No,No,Month-To-Month,No,Bank transfer,70.4,1056.7,Yes,0,Mid-term (13-24m),0,70.44666666666667,0,0,0,70.45
CUST-01946,F,Yes,No,Yes,52,Yes,Yes,No,No internet service,No internet service,No internet service,No internet service,No internet service,No internet service,Month-To-Month,No,Electronic check,35.08,1822.32,Yes,0,Loyal (49m+),0,35.04461538461538,0,0,0,35.04
CUST-01947,male,No,Yes,No,55,Yes,Yes,Fiber optic,No,Yes,Yes,Yes,No,Yes,Month-To-Month,Yes,Bank transfer,106.22660000000005,5870.69,No,0,Loyal (49m+),4,106.73981818181818,0,1,0,106.74
CUST-01948,Female,No,No,No,6,Yes,Yes,Fiber optic,Yes,No,No,No,Yes,No,Two Year,Yes,Mailed check,95.38,570.27,No,0,New (0-12m),2,95.045,0,1,0,95.04
CUST-01949,F,No,No,No,56,Yes,No,Fiber optic,Yes,No,Yes,No,No,Yes,Month-To-Month,Yes,Electronic check,97.48,5463.03,No,0,Loyal (49m+),3,97.55410714285713,0,1,0,97.55
CUST-01950,Male,No,Yes,No,54,Yes,No,DSL,Yes,Yes,Yes,No,No,Yes,Month-To-Month,Yes,Electronic check,72.63,3917.2,No,0,Loyal (49m+),4,72.54074074074073,0,1,0,72.54
CUST-01951,Female,No,Yes,No,51,Yes,No,No,No internet service,No internet service,No internet service,No internet service,No internet service,No internet service,Month-To-Month,Yes,Electronic check,30.02,1531.26,No,0,Loyal (49m+),0,30.02470588235294,0,0,0,30.02
CUST-01952,Male,No,No,No,3,Yes,Yes,No,No internet service,No internet service,No internet service,No internet service,No internet service,No internet service,Month-To-Month,Yes,Electronic check,37.38,117.25,No,0,New (0-12m),0,39.083333333333336,1,0,0,39.08
CUST-01953,Male,No,No,No,42,Yes,No,Fiber optic,No,Yes,No,Yes,Yes,No,Month-To-Month,No,Credit card,97.23,4076.53,No,0,Established (25-48m),3,97.0602380952381,0,1,0,97.06
CUST-01954,Female,No,No,Yes,39,Yes,No,DSL,No,No,No,No,No,Yes,Month-To-Month,No,Electronic check,58.59,2280.85,Yes,0,Established (25-48m),1,58.483333333333334,0,1,0,58.48
CUST-01955,Male,Yes,Yes,No,29,Yes,Yes,DSL,Yes,No,No,No,Yes,No,Month-To-Month,No,Electronic check,71.64,2071.83,Yes,0,Established (25-48m),2,71.44241379310344,0,1,0,71.44
CUST-01956,male,No,No,No,9,Yes,No,DSL,No,No,Yes,Yes,Yes,No,Month-To-Month,No,Electronic check,71.53,645.21,No,0,New (0-12m),3,71.69,0,1,0,71.69
CUST-01957,Female,No,Yes,No,6,No,No phone service,Fiber optic,Yes,No,No,No,No,Yes,Month-To-Month,No,Mailed check,82.31,492.1,No,0,New (0-12m),2,82.01666666666667,0,1,0,82.02
CUST-01958,Male,No,Yes,No,35,Yes,No,Fiber optic,Yes,Yes,No,Yes,No,No,One Year,No,Mailed check,95.05,3323.23,No,0,Established (25-48m),3,94.94942857142857,0,0,0,94.95
CUST-01959,Male,No,Yes,No,34,Yes,No,No,No internet service,No internet service,No internet service,No internet service,No internet service,No internet service,Month-To-Month,Yes,Bank transfer,30.15,1022.26,Yes,0,Established (25-48m),0,30.066470588235294,0,0,0,30.07
CUST-01960,Male,No,Yes,No,38,Yes,Yes,No,No internet service,No internet service,No internet service,No internet service,No internet service,No internet service,Month-To-Month,Yes,Electronic check,36.43,1383.73,No,0,Established (25-48m),0,36.413947368421056,0,0,0,36.41
CUST-01961,Female,No,No,No,35,Yes,Yes,Fiber optic,No,Yes,No,No,Yes,Yes,Month-To-Month,Yes,Electronic check,102.49,3585.52,No,0,Established (25-48m),3,102.44342857142857,0,1,0,102.44
CUST-01962,Male,No,Yes,No,19,Yes,Yes,Fiber optic,No,No,Yes,No,No,Yes,Two Year,Yes,Mailed check,94.05,1791.08,No,0,Mid-term (13-24m),2,94.26736842105262,0,1,0,94.27
CUST-01963,Female,Yes,Yes,Yes,48,Yes,Yes,Fiber optic,No,No,Yes,No,No,No,One Year,No,Electronic check,90.92,4368.01,No,0,Established (25-48m),1,91.00020833333333,0,0,0,91.0
CUST-01964,Female,No,No,Yes,58,Yes,Yes,DSL,Yes,No,No,Yes,Yes,Yes,One Year,Yes,Electronic check,80.86,4680.41,No,0,Loyal (49m+),4,80.69672413793103,0,1,0,80.7
CUST-01965,Male,No,Yes,No,48,Yes,Yes,No,No internet service,No internet service,No internet service,No internet service,No internet service,No internet service,Month-To-Month,Yes,Mailed check,36.79,1770.11,No,0,Established (25-48m),0,36.877291666666665,0,0,0,36.88
CUST-01966,Male,No,No,No,25,Yes,No,DSL,No,No,Yes,No,No,No,Month-To-Month,Yes,Credit card,60.75,1513.19,Yes,0,Established (25-48m),1,60.5276,0,0,0,60.53
CUST-01967,Male,No,Yes,No,35,No,No phone service,No,No internet service,No internet service,No internet service,No internet service,No internet service,No internet service,Month-To-Month,Yes,Electronic check,19.8858,691.05,No,0,Established (25-48m),0,19.744285714285713,0,0,0,19.74
CUST-01968,Female,No,No,No,42,Yes,Yes,Fiber optic,No,Yes,Yes,Yes,No,No,Month-To-Month,Yes,Mailed check,99.05,4154.55,No,0,Established (25-48m),3,98.91785714285714,0,0,0,98.92
CUST-01969,Male,Yes,Yes,No,42,Yes,No,Fiber optic,No,No,No,No,No,No,One Year,No,Mailed check,82.35,3451.08,No,0,Established (25-48m),0,82.16857142857143,0,0,0,82.17
CUST-01970,Male,Yes,Yes,Yes,32,Yes,No,No,No internet service,No internet service,No internet service,No internet service,No internet service,No internet service,Two Year,Yes,Electronic check,29.18,935.44,No,0,Established (25-48m),0,29.2325,0,0,0,29.23
CUST-01971,Male,Yes,No,No,44,Yes,Yes,Fiber optic,Yes,Yes,Yes,No,No,No,Two Year,Yes,Credit card,98.78,4355.33,No,0,Established (25-48m),3,98.98477272727273,0,0,0,98.98
CUST-01972,Male,Yes,Yes,No,44,Yes,No,No,No internet service,No internet service,No internet service,No internet service,No internet service,No internet service,Month-To-Month,No,Credit card,31.46,1381.68,No,0,Established (25-48m),0,31.401818181818182,0,0,0,31.4
CUST-01973,Male,No,Yes,No,14,Yes,No,Fiber optic,No,No,Yes,No,No,No,Month-To-Month,No,Mailed check,84.99,1193.43,Yes,0,Mid-term (13-24m),1,85.245,0,0,0,85.24
CUST-01974,Female,No,No,Yes,16,No,No phone service,No,No internet service,No internet service,No internet service,No internet service,No internet service,No internet service,Month-To-Month,Yes,Electronic check,19.8858,293.78,No,0,Mid-term (13-24m),0,18.36125,0,0,0,18.36
CUST-01975,male,No,Yes,Yes,11,Yes,No,Fiber optic,No,No,No,No,No,Yes,Month-To-Month,Yes,Mailed check,84.3,920.93,No,0,New (0-12m),1,83.72090909090909,0,1,0,83.72
CUST-01976,Male,No,Yes,No,21,No,No phone service,Fiber optic,No,No,No,No,No,Yes,Two Year,Yes,Electronic check,73.52,1552.34,No,0,Mid-term (13-24m),1,73.92095238095237,0,1,0,73.92
CUST-01977,Male,No,No,Yes,22,Yes,Yes,Fiber optic,Yes,No,No,Yes,Yes,Yes,Month-To-Month,No,Bank transfer,103.55,2277.09,No,0,Mid-term (13-24m),4,103.50409090909092,0,1,0,103.5
CUST-01978,Male,No,No,Yes,11,Yes,Yes,Fiber optic,No,Yes,Yes,No,Yes,No,Two Year,Yes,Electronic check,97.88,1066.85,Yes,0,New (0-12m),3,96.98636363636363,0,1,0,96.99
CUST-01979,Male,No,No,Yes,67,Yes,No,No,No internet service,No internet service,No internet service,No internet service,No internet service,No internet service,Month-To-Month,Yes,Bank transfer,30.73,2058.04,No,0,Loyal (49m+),0,30.717014925373135,0,0,0,30.72
CUST-01980,Female,No,No,No,50,Yes,No,No,No internet service,No internet service,No internet service,No internet service,No internet service,No internet service,Month-To-Month,Yes,Credit card,29.36,1458.12,No,0,Loyal (49m+),0,29.162399999999998,0,0,0,29.16
CUST-01981,Male,No,No,Yes,12,Yes,Yes,Fiber optic,No,No,Yes,Yes,No,Yes,Month-To-Month,No,Electronic check,97.8,1179.48,No,0,New (0-12m),3,98.29,0,1,0,98.29
CUST-01982,M,No,Yes,Yes,56,Yes,Yes,No,No internet service,No internet service,No internet service,No internet service,No internet service,No internet service,One Year,Yes,Bank transfer,35.75,1999.36,No,0,Loyal (49m+),0,35.70285714285714,0,0,0,35.7
CUST-01983,Female,No,No,Yes,54,Yes,No,Fiber optic,No,Yes,Yes,No,No,No,Month-To-Month,Yes,Electronic check,88.98,4807.21,No,0,Loyal (49m+),2,89.02240740740741,0,0,0,89.02
CUST-01984,Male,No,Yes,No,27,Yes,No,DSL,No,No,Yes,No,No,No,Month-To-Month,No,Electronic check,58.31,1579.7,No,0,Established (25-48m),1,58.507407407407406,0,0,0,58.51
CUST-01985,Female,No,No,Yes,43,Yes,Yes,Fiber optic,No,No,Yes,No,Yes,Yes,Month-To-Month,Yes,Electronic check,102.3,4389.45,No,0,Established (25-48m),3,102.08023255813953,0,1,0,102.08
CUST-01986,Female,No,Yes,Yes,18,Yes,Yes,Fiber optic,No,No,No,No,Yes,No,Month-To-Month,Yes,Electronic check,87.87,1582.02,No,0,Mid-term (13-24m),1,87.89,0,1,0,87.89
CUST-01987,Female,No,Yes,No,45,Yes,Yes,DSL,No,No,Yes,Yes,Yes,No,Month-To-Month,Yes,Electronic check,74.43,3352.11,No,0,Established (25-48m),3,74.49133333333333,0,1,0,74.49
CUST-01988,M,No,No,Yes,2,Yes,No,Fiber optic,No,No,No,Yes,No,No,Month-To-Month,Yes,Mailed check,85.58,170.58,Yes,0,New (0-12m),1,85.29,1,0,0,85.29
CUST-01989,Male,No,Yes,Yes,19,Yes,Yes,Fiber optic,Yes,No,No,No,No,Yes,One Year,No,Bank transfer,97.47,1848.06,No,0,Mid-term (13-24m),2,97.26631578947368,0,1,0,97.27
CUST-01990,Male,No,Yes,Yes,24,Yes,Yes,DSL,No,No,Yes,No,Yes,No,One Year,Yes,Electronic check,67.91,1629.1,No,0,Mid-term (13-24m),2,67.87916666666666,0,1,0,67.88
CUST-01991,Female,No,No,No,55,Yes,Yes,Fiber optic,No,No,No,Yes,No,No,Month-To-Month,No,Credit card,92.16,5066.66,Yes,0,Loyal (49m+),1,92.12109090909091,0,0,0,92.12
CUST-01992,Male,No,No,No,60,Yes,No,DSL,No,Yes,Yes,Yes,No,No,One Year,Yes,Credit card,71.9,4316.23,No,0,Loyal (49m+),3,71.93716666666666,0,0,0,71.94
CUST-01993,Male,No,No,Yes,54,Yes,No,DSL,No,Yes,No,No,Yes,Yes,Month-To-Month,Yes,Bank transfer,71.4,3854.98,No,0,Loyal (49m+),3,71.38851851851852,0,1,0,71.39
CUST-01994,Male,No,No,Yes,34,Yes,No,No,No internet service,No internet service,No internet service,No internet service,No internet service,No internet service,One Year,Yes,Mailed check,28.01,944.94,Yes,0,Established (25-48m),0,27.79235294117647,0,0,0,27.79
CUST-01995,Male,No,Yes,Yes,58,Yes,Yes,DSL,Yes,No,Yes,No,No,No,Month-To-Month,No,Electronic check,68.95,3990.78,No,0,Loyal (49m+),2,68.80655172413793,0,0,0,68.81
CUST-01996,Male,No,Yes,Yes,38,Yes,Yes,Fiber optic,No,No,No,Yes,Yes,No,Month-To-Month,Yes,Bank transfer,93.86,3559.94,Yes,0,Established (25-48m),2,93.68263157894737,0,1,0,93.68
CUST-01997,Female,No,Yes,Yes,56,Yes,Yes,Fiber optic,No,No,Yes,No,No,Yes,Month-To-Month,Yes,Credit card,95.17,5320.83,Yes,0,Loyal (49m+),2,95.01482142857142,0,1,0,95.01
CUST-01998,Male,No,Yes,Yes,66,Yes,Yes,No,No internet service,No internet service,No internet service,No internet service,No internet service,No internet service,Two Year,No,Electronic check,33.1,2179.67,No,0,Loyal (49m+),0,33.02530303030303,0,0,0,33.03
CUST-01999,Male,No,Yes,No,33,Yes,No,Fiber optic,No,No,No,Yes,No,No,Month-To-Month,No,Bank transfer,86.58,2848.54,No,0,Established (25-48m),1,86.31939393939393,0,0,0,86.32
CUST-02000,Male,No,Yes,Yes,40,Yes,No,DSL,No,No,No,No,Yes,No,Month-To-Month,Yes,Electronic check,60.91,2438.47,Yes,0,Established (25-48m),1,60.961749999999995,0,1,0,60.96
CUST-02001,Male,No,No,Yes,21,Yes,Yes,No,No internet service,No internet service,No internet service,No internet service,No internet service,No internet service,Month-To-Month,Yes,Bank transfer,36.81,771.9,No,0,Mid-term (13-24m),0,36.75714285714285,0,0,0,36.76
CUST-02002,Female,No,Yes,Yes,26,Yes,Yes,Fiber optic,No,No,No,Yes,Yes,Yes,Month-To-Month,Yes,Electronic check,98.61,2558.97,No,0,Established (25-48m),3,98.42192307692306,0,1,0,98.42
CUST-02003,Female,No,Yes,No,20,Yes,Yes,Fiber optic,No,No,Yes,Yes,No,No,Two Year,No,Mailed check,95.6,1902.25,Yes,0,Mid-term (13-24m),2,95.1125,0,0,0,95.11
CUST-02004,Female,No,Yes,Yes,40,Yes,Yes,DSL,No,Yes,No,No,Yes,Yes,One Year,Yes,Mailed check,76.75,3062.92,No,0,Established (25-48m),3,76.57300000000001,0,1,0,76.57
CUST-02005,Female,No,No,No,30,Yes,Yes,No,No internet service,No internet service,No internet service,No internet service,No internet service,No internet service,Two Year,Yes,Electronic check,32.75,985.83,No,0,Established (25-48m),0,32.861000000000004,0,0,0,32.86
CUST-02006,Male,No,No,Yes,26,Yes,No,Fiber optic,No,No,Yes,No,No,No,Month-To-Month,Yes,Electronic check,85.25,2211.49,Yes,0,Established (25-48m),1,85.05730769230769,0,0,0,85.06
CUST-02007,Female,No,No,No,36,Yes,Yes,No,No internet service,No internet service,No internet service,No internet service,No internet service,No internet service,Month-To-Month,Yes,Credit card,36.14,1297.7,No,0,Established (25-48m),0,36.047222222222224,0,0,0,36.05
CUST-02008,Male,No,No,Yes,65,Yes,No,DSL,Yes,Yes,No,No,No,No,One Year,Yes,Mailed check,64.36,4174.93,No,0,Loyal (49m+),2,64.22969230769232,0,0,0,64.23
CUST-02009,Male,No,Yes,Yes,53,Yes,No,Fiber optic,No,Yes,Yes,No,No,No,One Year,Yes,Mailed check,89.27,4732.28,Yes,0,Loyal (49m+),2,89.28830188679245,0,0,0,89.29
CUST-02010,Male,Yes,Yes,Yes,8,Yes,Yes,DSL,No,No,Yes,Yes,Yes,No,Month-To-Month,Yes,Bank transfer,72.66,587.37,No,0,New (0-12m),3,73.42125,0,1,0,73.42
CUST-02011,Male,No,Yes,Yes,41,Yes,No,Fiber optic,No,Yes,Yes,No,No,Yes,One Year,Yes,Credit card,94.95,3890.02,No,0,Established (25-48m),3,94.87853658536585,0,1,0,94.88
CUST-02012,Male,No,No,No,35,Yes,No,No,No internet service,No internet service,No internet service,No internet service,No internet service,No internet service,Two Year,Yes,Electronic check,30.48,1059.09,No,0,Established (25-48m),0,30.259714285714285,0,0,0,30.26
CUST-02013,male,No,Yes,Yes,9,Yes,Yes,DSL,No,Yes,Yes,Yes,Yes,No,Month-To-Month,No,Credit card,81.2,739.88,No,0,New (0-12m),4,82.2088888888889,0,1,0,82.21
CUST-02014,Female,No,Yes,Yes,58,Yes,Yes,DSL,No,No,Yes,No,Yes,Yes,One Year,Yes,Electronic check,72.93,4230.17,Yes,0,Loyal (49m+),3,72.93396551724138,0,1,0,72.93
CUST-02015,Female,No,Yes,Yes,39,Yes,Yes,Fiber optic,Yes,Yes,Yes,No,Yes,No,Month-To-Month,Yes,Electronic check,104.58,4070.41,Yes,0,Established (25-48m),4,104.36948717948718,0,1,0,104.37
CUST-02016,Female,No,No,No,53,Yes,Yes,DSL,No,No,No,No,No,Yes,Two Year,Yes,Bank transfer,63.79,3380.82,No,0,Loyal (49m+),1,63.78905660377359,0,1,0,63.79
CUST-02017,Male,No,No,Yes,38,Yes,No,Fiber optic,Yes,No,No,No,Yes,No,Month-To-Month,No,Credit card,88.53,3355.04,No,0,Established (25-48m),2,88.29052631578948,0,1,0,88.29
CUST-02018,Female,Yes,No,No,6,Yes,Yes,DSL,Yes,No,Yes,No,Yes,Yes,Month-To-Month,No,Electronic check,78.73,463.49,Yes,0,New (0-12m),4,77.24833333333333,0,1,0,77.25
CUST-02019,Male,No,Yes,Yes,3,Yes,No,No,No internet service,No internet service,No internet service,No internet service,No internet service,No internet service,Month-To-Month,No,Mailed check,29.3,84.27,No,0,New (0-12m),0,28.09,1,0,0,28.09
CUST-02020,Female,No,Yes,Yes,14,Yes,No,DSL,Yes,No,No,No,Yes,Yes,Two Year,Yes,Mailed check,71.16,999.79,No,0,Mid-term (13-24m),3,71.41357142857143,0,1,0,71.41
CUST-02021,Male,Yes,Yes,No,47,Yes,No,No,No internet service,No internet service,No internet service,No internet service,No internet service,No internet service,One Year,Yes,Electronic check,29.68,1399.06,No,0,Established (25-48m),0,29.76723404255319,0,0,0,29.77
CUST-02022,Male,No,Yes,No,5,Yes,Yes,Fiber optic,No,No,No,No,Yes,No,Month-To-Month,No,Credit card,87.82,447.13,Yes,0,New (0-12m),1,89.426,0,1,0,89.43
CUST-02023,Female,Yes,No,Yes,72,Yes,No,DSL,No,Yes,No,Yes,No,No,Month-To-Month,Yes,Bank transfer,64.24,4617.44,No,0,Loyal (49m+),2,64.13111111111111,0,0,0,64.13
CUST-02024,Male,No,Yes,No,34,Yes,No,DSL,No,Yes,No,Yes,No,No,One Year,No,Credit card,63.05,2142.98,No,0,Established (25-48m),2,63.02882352941177,0,0,0,63.03
CUST-02025,Male,No,No,No,71,No,No phone service,No,No internet service,No internet service,No internet service,No internet service,No internet service,No internet service,Month-To-Month,No,Mailed check,19.8858,1317.29,Yes,0,Loyal (49m+),0,18.553380281690142,0,0,0,18.55
CUST-02026,Female,No,Yes,Yes,70,Yes,No,Fiber optic,Yes,No,No,No,No,No,Month-To-Month,Yes,Mailed check,83.15,5819.72,No,0,Loyal (49m+),1,83.13885714285715,0,0,0,83.14
CUST-02027,Male,No,No,Yes,67,Yes,No,DSL,No,Yes,No,Yes,No,No,One Year,Yes,Mailed check,67.36,4519.95,Yes,0,Loyal (49m+),2,67.46194029850746,0,0,0,67.46
CUST-02028,Female,Yes,Yes,Yes,57,Yes,Yes,DSL,No,Yes,No,No,Yes,No,Month-To-Month,No,Mailed check,71.9,4104.53,Yes,0,Loyal (49m+),2,72.00929824561403,0,1,0,72.01
CUST-02029,Female,No,Yes,No,18,Yes,No,DSL,No,No,No,No,No,Yes,Month-To-Month,Yes,Bank transfer,60.62,1091.31,No,0,Mid-term (13-24m),1,60.62833333333333,0,1,0,60.63
CUST-02030,Female,No,No,No,61,Yes,No,Fiber optic,No,No,No,No,Yes,No,Two Year,Yes,Electronic check,83.75,5114.32,No,0,Loyal (49m+),1,83.84131147540982,0,1,0,83.84
CUST-02031,Male,No,No,Yes,70,Yes,No,Fiber optic,No,No,No,Yes,No,Yes,Month-To-Month,Yes,Mailed check,88.37,6177.08,No,0,Loyal (49m+),2,88.244,0,1,0,88.24
CUST-02032,Male,No,Yes,No,9,Yes,Yes,Fiber optic,No,No,No,No,Yes,Yes,Month-To-Month,Yes,Credit card,96.71,871.03,No,0,New (0-12m),2,96.7811111111111,0,1,0,96.78
CUST-02033,Male,No,Yes,No,24,No,No phone service,No,No internet service,No internet service,No internet service,No internet service,No internet service,No internet service,Month-To-Month,Yes,Bank transfer,19.8858,420.54,No,0,Mid-term (13-24m),0,17.5225,0,0,0,17.52
CUST-02034,M,No,Yes,Yes,43,Yes,Yes,Fiber optic,No,No,No,No,No,No,One Year,Yes,Electronic check,85.97,3704.05,No,0,Established (25-48m),0,86.1406976744186,0,0,0,86.14
CUST-02035,Male,No,No,No,57,Yes,Yes,DSL,No,No,No,Yes,Yes,Yes,One Year,Yes,Credit card,73.97,4216.35,No,0,Loyal (49m+),3,73.97105263157896,0,1,0,73.97
CUST-02036,Female,No,Yes,No,24,Yes,Yes,Fiber optic,Yes,No,No,Yes,Yes,Yes,One Year,No,Mailed check,104.95,2509.15,No,0,Mid-term (13-24m),4,104.54791666666667,0,1,0,104.55
CUST-02037,Female,No,No,No,39,Yes,No,Fiber optic,No,Yes,No,No,No,Yes,Month-To-Month,Yes,Bank transfer,91.14,3555.45,Yes,0,Established (25-48m),2,91.16538461538461,0,1,0,91.17
CUST-02038,Male,No,Yes,Yes,69,Yes,No,No,No internet service,No internet service,No internet service,No internet service,No internet service,No internet service,One Year,Yes,Electronic check,27.68,1914.68,No,0,Loyal (49m+),0,27.748985507246378,0,0,0,27.75
CUST-02039,Female,No,Yes,Yes,9,Yes,No,Fiber optic,No,Yes,No,No,Yes,No,Two Year,Yes,Mailed check,88.38,788.12,No,0,New (0-12m),2,87.56888888888889,0,1,0,87.57
CUST-02040,Male,No,Yes,Yes,65,No,No phone service,DSL,No,No,No,No,Yes,No,Month-To-Month,Yes,Credit card,50.74,3293.76,No,0,Loyal (49m+),1,50.67323076923077,0,1,0,50.67
CUST-02041,Male,No,Yes,No,24,No,No phone service,Fiber optic,No,No,No,Yes,Yes,No,Month-To-Month,Yes,Electronic check,82.1,1969.37,No,0,Mid-term (13-24m),2,82.05708333333332,0,1,0,82.06
CUST-02042,Male,No,No,Yes,70,Yes,No,DSL,Yes,No,Yes,No,No,No,Two Year,Yes,Electronic check,63.79,4463.59,No,0,Loyal (49m+),2,63.765571428571434,0,0,0,63.77
CUST-02043,Male,No,No,Yes,10,Yes,No,Fiber optic,Yes,Yes,No,No,Yes,Yes,Month-To-Month,No,Mailed check,98.25,982.56,No,0,New (0-12m),4,98.256,0,1,0,98.26
CUST-02044,Male,No,Yes,No,35,Yes,Yes,Fiber optic,No,Yes,No,No,No,Yes,Month-To-Month,Yes,Electronic check,97.12,3389.53,No,0,Established (25-48m),2,96.84371428571428,0,1,0,96.84
CUST-02045,Female,No,Yes,No,48,Yes,No,Fiber optic,No,No,No,No,Yes,Yes,Month-To-Month,Yes,Bank transfer,91.83,4412.6,No,0,Established (25-48m),2,91.92916666666667,0,1,0,91.93
CUST-02046,Female,No,Yes,Yes,47,Yes,Yes,DSL,Yes,No,No,Yes,Yes,No,Month-To-Month,No,Electronic check,77.05,3617.66,No,0,Established (25-48m),3,76.97148936170213,0,1,0,76.97
CUST-02047,Female,No,No,No,6,Yes,Yes,No,No internet service,No internet service,No internet service,No internet service,No internet service,No internet service,Month-To-Month,Yes,Electronic check,33.12,202.76,No,0,New (0-12m),0,33.79333333333333,0,0,0,33.79
CUST-02048,male,No,Yes,Yes,50,Yes,Yes,DSL,No,Yes,Yes,No,Yes,Yes,Month-To-Month,Yes,Credit card,82.12,4113.1,No,0,Loyal (49m+),4,82.262,0,1,0,82.26
CUST-02049,Male,No,No,No,16,Yes,Yes,DSL,Yes,Yes,No,No,Yes,Yes,Two Year,No,Mailed check,80.41,1290.31,No,0,Mid-term (13-24m),4,80.644375,0,1,0,80.64
CUST-02050,Male,No,No,Yes,31,Yes,No,Fiber optic,Yes,No,Yes,Yes,Yes,No,Month-To-Month,Yes,Electronic check,100.83,3129.17,No,0,Established (25-48m),4,100.94096774193548,0,1,0,100.94
CUST-02051,Female,Yes,No,No,25,Yes,Yes,Fiber optic,No,No,Yes,No,Yes,No,One Year,No,Mailed check,94.77,2370.83,No,0,Established (25-48m),2,94.83319999999999,0,1,0,94.83
CUST-02052,Male,No,No,No,21,Yes,Yes,Fiber optic,Yes,No,Yes,Yes,Yes,No,Month-To-Month,No,Electronic check,104.28,2179.9,Yes,0,Mid-term (13-24m),4,103.8047619047619,0,1,0,103.8
CUST-02053,male,No,Yes,Yes,12,Yes,No,Fiber optic,No,Yes,No,Yes,No,Yes,Month-To-Month,Yes,Electronic check,93.06,1124.8,No,0,New (0-12m),3,93.73333333333333,0,1,0,93.73
CUST-02054,Female,Yes,Yes,Yes,11,Yes,Yes,Fiber optic,No,Yes,No,No,No,Yes,Month-To-Month,No,Bank transfer,93.62,1036.49,No,0,New (0-12m),2,94.22636363636364,0,1,0,94.23
CUST-02055,F,No,No,Yes,70,No,No phone service,DSL,No,No,Yes,No,Yes,No,Two Year,No,Bank transfer,55.44,3874.69,No,0,Loyal (49m+),2,55.352714285714285,0,1,0,55.35
CUST-02056,Male,No,Yes,Yes,0,Yes,No,DSL,No,Yes,Yes,Yes,Yes,Yes,Two Year,No,Credit card,79.08,0.0,Yes,0,New (0-12m),5,79.08,1,1,0,79.08
CUST-02057,Female,No,Yes,No,32,Yes,Yes,Fiber optic,No,No,No,No,Yes,No,One Year,No,Bank transfer,88.1,2809.94,No,0,Established (25-48m),1,87.810625,0,1,0,87.81
CUST-02058,M,No,Yes,Yes,13,No,No phone service,DSL,No,No,No,Yes,No,No,Month-To-Month,No,Credit card,51.05,661.24,No,0,Mid-term (13-24m),1,50.864615384615384,0,0,0,50.86
CUST-02059,Female,Yes,No,Yes,63,Yes,No,DSL,No,No,No,No,Yes,Yes,Two Year,Yes,Credit card,65.14,4113.52,Yes,0,Loyal (49m+),2,65.29396825396826,0,1,0,65.29
CUST-02060,Male,Yes,Yes,No,42,Yes,Yes,DSL,No,Yes,Yes,No,Yes,No,Month-To-Month,Yes,Bank transfer,72.71,3045.77,No,0,Established (25-48m),3,72.51833333333333,0,1,0,72.52
CUST-02061,male,No,Yes,Yes,57,Yes,No,Fiber optic,Yes,No,No,Yes,Yes,Yes,Month-To-Month,Yes,Credit card,100.86,5750.32,No,0,Loyal (49m+),4,100.88280701754385,0,1,0,100.88
CUST-02062,Female,No,Yes,No,40,Yes,Yes,No,No internet service,No internet service,No internet service,No internet service,No internet service,No internet service,Month-To-Month,Yes,Bank transfer,36.81,1467.7,No,0,Established (25-48m),0,36.6925,0,0,0,36.69
CUST-02063,Male,Yes,Yes,Yes,67,Yes,No,No,No internet service,No internet service,No internet service,No internet service,No internet service,No internet service,Two Year,No,Electronic check,31.38,2109.69,No,0,Loyal (49m+),0,31.487910447761195,0,0,0,31.49
CUST-02064,Female,No,Yes,Yes,38,Yes,No,No,No internet service,No internet service,No internet service,No internet service,No internet service,No internet service,Month-To-Month,Yes,Electronic check,32.12,1220.7,No,0,Established (25-48m),0,32.123684210526314,0,0,0,32.12
CUST-02065,Male,No,Yes,Yes,0,Yes,Yes,DSL,Yes,No,No,No,No,Yes,Two Year,No,Electronic check,69.19,0.0,No,0,New (0-12m),2,69.19,1,1,0,69.19
CUST-02066,Female,Yes,Yes,No,40,Yes,Yes,No,No internet service,No internet service,No internet service,No internet service,No internet service,No internet service,Month-To-Month,Yes,Credit card,32.94,1326.19,No,0,Established (25-48m),0,33.15475,0,0,0,33.15
CUST-02067,Female,No,Yes,No,44,Yes,No,Fiber optic,No,No,No,No,No,Yes,Month-To-Month,Yes,Bank transfer,86.07,3789.75,No,0,Established (25-48m),1,86.13068181818181,0,1,0,86.13
CUST-02068,Male,No,Yes,No,12,Yes,Yes,No,No internet service,No internet service,No internet service,No internet service,No internet service,No internet service,One Year,Yes,Bank transfer,37.01,439.78,No,0,New (0-12m),0,36.64833333333333,0,0,0,36.65
CUST-02069,Female,No,Yes,No,70,Yes,Yes,No,No internet service,No internet service,No internet service,No internet service,No internet service,No internet service,Month-To-Month,Yes,Electronic check,34.09,2385.27,No,0,Loyal (49m+),0,34.07528571428571,0,0,0,34.08
CUST-02070,Male,Yes,No,Yes,8,Yes,Yes,Fiber optic,No,Yes,No,No,No,Yes,One Year,No,Mailed check,93.83,753.27,No,0,New (0-12m),2,94.15875,0,1,0,94.16
CUST-02071,Male,No,Yes,No,62,Yes,No,DSL,Yes,Yes,No,No,No,Yes,One Year,Yes,Electronic check,71.07,4409.36,No,0,Loyal (49m+),3,71.11870967741935,0,1,0,71.12
CUST-02072,Male,No,No,No,22,Yes,Yes,Fiber optic,Yes,No,Yes,No,No,No,Month-To-Month,Yes,Credit card,96.14,2106.42,No,0,Mid-term (13-24m),2,95.74636363636364,0,0,0,95.75
CUST-02073,Female,No,Yes,No,53,Yes,No,DSL,No,No,Yes,Yes,No,Yes,Month-To-Month,Yes,Credit card,71.65,3794.46,No,0,Loyal (49m+),3,71.59358490566038,0,1,0,71.59
CUST-02074,Female,No,No,No,46,No,No phone service,DSL,No,No,Yes,No,No,No,Month-To-Month,Yes,Bank transfer,51.23,2357.23,No,0,Established (25-48m),1,51.24413043478261,0,0,0,51.24
CUST-02075,Male,No,No,No,38,Yes,No,DSL,Yes,No,No,Yes,Yes,No,Month-To-Month,Yes,Electronic check,69.5,2637.73,No,0,Established (25-48m),3,69.41394736842105,0,1,0,69.41
CUST-02076,Male,No,Yes,No,25,No,No phone service,Fiber optic,Yes,No,Yes,No,No,No,Month-To-Month,Yes,Electronic check,79.62,1992.06,No,0,Established (25-48m),2,79.6824,0,0,0,79.68
CUST-02077,Female,No,No,No,0,Yes,Yes,DSL,No,No,No,No,No,Yes,Month-To-Month,Yes,Electronic check,66.52,0.0,No,0,New (0-12m),1,66.52,1,1,0,66.52
CUST-02078,Male,No,No,No,13,Yes,Yes,No,No internet service,No internet service,No internet service,No internet service,No internet service,No internet service,Two Year,Yes,Electronic check,33.84,430.61,Yes,0,Mid-term (13-24m),0,33.12384615384615,0,0,0,33.12
CUST-02079,Male,Yes,No,Yes,64,Yes,Yes,DSL,No,No,No,No,Yes,Yes,One Year,Yes,Credit card,68.04,4351.39,No,0,Loyal (49m+),2,67.99046875,0,1,0,67.99
CUST-02080,Female,No,Yes,No,68,Yes,Yes,Fiber optic,No,No,Yes,No,No,No,One Year,No,Electronic check,88.59,6025.48,No,0,Loyal (49m+),1,88.61,0,0,0,88.61
CUST-02081,Male,Yes,No,Yes,66,Yes,Yes,DSL,No,Yes,Yes,Yes,Yes,No,One Year,Yes,Mailed check,80.03,5272.2,No,0,Loyal (49m+),4,79.88181818181818,0,1,0,79.88
CUST-02082,Female,No,No,No,48,Yes,No,No,No internet service,No internet service,No internet service,No internet service,No internet service,No internet service,Month-To-Month,Yes,Mailed check,30.35,1459.03,No,0,Established (25-48m),0,30.39645833333333,0,0,0,30.4
CUST-02083,Male,No,Yes,No,49,Yes,No,Fiber optic,No,No,Yes,No,Yes,No,One Year,No,Mailed check,87.85,4301.74,No,0,Loyal (49m+),2,87.79061224489796,0,1,0,87.79
CUST-02084,Female,No,No,No,57,Yes,Yes,DSL,No,No,Yes,No,Yes,No,Two Year,No,Electronic check,69.02,3944.0,No,0,Loyal (49m+),2,69.19298245614036,0,1,0,69.19
CUST-02085,Male,No,No,Yes,52,Yes,No,Fiber optic,No,No,No,Yes,No,No,Month-To-Month,No,Credit card,86.25,4490.66,No,0,Loyal (49m+),1,86.35884615384614,0,0,0,86.36
CUST-02086,Male,Yes,No,Yes,56,No,No phone service,DSL,Yes,Yes,No,No,No,No,Two Year,No,Mailed check,56.81,3177.18,Yes,0,Loyal (49m+),2,56.73535714285714,0,0,0,56.74
CUST-02087,Female,No,Yes,No,17,Yes,No,Fiber optic,No,No,Yes,No,Yes,No,One Year,Yes,Bank transfer,88.15,1507.98,No,0,Mid-term (13-24m),2,88.70470588235294,0,1,0,88.7
CUST-02088,M,No,No,Yes,15,Yes,Yes,Fiber optic,No,No,No,Yes,No,No,Month-To-Month,Yes,Electronic check,90.09,1346.92,No,0,Mid-term (13-24m),1,89.79466666666667,0,0,0,89.79
CUST-02089,Female,No,Yes,No,1,Yes,No,DSL,No,No,Yes,Yes,No,Yes,Month-To-Month,Yes,Credit card,68.25,60.42,No,0,New (0-12m),3,60.42,1,1,0,60.42
CUST-02090,Male,No,No,Yes,12,Yes,No,Fiber optic,No,No,Yes,Yes,Yes,No,Month-To-Month,No,Electronic check,96.11,1143.86,No,0,New (0-12m),3,95.32166666666666,0,1,0,95.32
CUST-02091,Female,No,No,Yes,44,Yes,No,DSL,No,Yes,No,No,Yes,No,Month-To-Month,Yes,Bank transfer,63.28,2789.99,No,0,Established (25-48m),2,63.408863636363634,0,1,0,63.41
CUST-02092,Female,No,No,Yes,71,Yes,Yes,Fiber optic,No,Yes,Yes,Yes,No,No,Two Year,Yes,Mailed check,97.98,6952.96,No,0,Loyal (49m+),3,97.92901408450705,0,0,0,97.93
CUST-02093,Female,No,No,No,42,Yes,No,Fiber optic,No,Yes,No,No,No,Yes,Two Year,No,Electronic check,89.7,3777.09,No,0,Established (25-48m),2,89.93071428571429,0,1,0,89.93
CUST-02094,Female,No,Yes,Yes,71,No,No phone service,Fiber optic,Yes,No,No,No,No,No,Two Year,Yes,Electronic check,72.97,5183.23,No,0,Loyal (49m+),1,73.00323943661971,0,0,0,73.0
CUST-02095,Male,No,No,Yes,53,Yes,Yes,No,No internet service,No internet service,No internet service,No internet service,No internet service,No internet service,Two Year,Yes,Credit card,36.58,1932.03,No,0,Loyal (49m+),0,36.453396226415094,0,0,0,36.45
CUST-02096,Male,No,Yes,No,30,Yes,Yes,Fiber optic,No,Yes,No,Yes,No,No,Two Year,Yes,Electronic check,96.63,2895.62,Yes,0,Established (25-48m),2,96.52066666666666,0,0,0,96.52
CUST-02097,Female,No,No,Yes,8,No,No phone service,Fiber optic,Yes,Yes,No,Yes,Yes,No,Month-To-Month,Yes,Bank transfer,90.06,720.73,No,0,New (0-12m),4,90.09125,0,1,0,90.09
CUST-02098,Female,No,Yes,No,72,Yes,No,No,No internet service,No internet service,No internet service,No internet service,No internet service,No internet service,Month-To-Month,Yes,Bank transfer,30.36,2190.35,No,0,Loyal (49m+),0,30.421527777777776,0,0,0,30.42
CUST-02099,Female,No,No,No,47,Yes,No,No,No internet service,No internet service,No internet service,No internet service,No internet service,No internet service,Month-To-Month,Yes,Electronic check,28.16,1325.35,No,0,Established (25-48m),0,28.198936170212765,0,0,0,28.2
CUST-02100,Male,No,No,Yes,17,Yes,No,Fiber optic,Yes,No,Yes,Yes,No,Yes,Month-To-Month,No,Electronic check,98.88,1676.16,No,0,Mid-term (13-24m),4,98.59764705882354,0,1,0,98.6
CUST-02101,Male,No,Yes,No,10,Yes,No,No,No internet service,No internet service,No internet service,No internet service,No internet service,No internet service,Month-To-Month,No,Electronic check,28.11,280.62,No,0,New (0-12m),0,28.062,0,0,0,28.06
CUST-02102,F,No,Yes,Yes,61,Yes,No,No,No internet service,No internet service,No internet service,No internet service,No internet service,No internet service,Two Year,No,Electronic check,28.57,1737.1,No,0,Loyal (49m+),0,28.477049180327867,0,0,0,28.48
CUST-02103,Male,Yes,Yes,Yes,18,Yes,No,DSL,No,No,No,Yes,No,No,Month-To-Month,No,Mailed check,59.47,1067.46,No,0,Mid-term (13-24m),1,59.303333333333335,0,0,0,59.3
CUST-02104,Female,No,Yes,No,23,Yes,No,DSL,No,No,Yes,No,Yes,No,One Year,Yes,Credit card,65.91,1511.64,No,0,Mid-term (13-24m),2,65.72347826086957,0,1,0,65.72
CUST-02105,Female,No,No,Yes,12,Yes,No,Fiber optic,No,No,Yes,Yes,No,Yes,One Year,Yes,Bank transfer,96.14,1161.65,No,0,New (0-12m),3,96.80416666666667,0,1,0,96.8
CUST-02106,Female,Yes,Yes,Yes,45,Yes,Yes,No,No internet service,No internet service,No internet service,No internet service,No internet service,No internet service,Month-To-Month,Yes,Credit card,34.72,1568.16,Yes,0,Established (25-48m),0,34.848,0,0,0,34.85
CUST-02107,Male,No,Yes,No,52,Yes,Yes,DSL,No,Yes,Yes,No,Yes,Yes,Month-To-Month,Yes,Electronic check,78.97,4107.07,No,0,Loyal (49m+),4,78.98211538461538,0,1,0,78.98
CUST-02108,Male,No,Yes,No,28,Yes,No,Fiber optic,No,No,Yes,No,Yes,Yes,Month-To-Month,No,Bank transfer,96.55,2696.88,Yes,0,Established (25-48m),3,96.31714285714285,0,1,0,96.32
CUST-02109,Male,Yes,No,Yes,35,Yes,Yes,No,No internet service,No internet service,No internet service,No internet service,No internet service,No internet service,Month-To-Month,No,Electronic check,34.69,1216.02,No,0,Established (25-48m),0,34.74342857142857,0,0,0,34.74
CUST-02110,Female,No,No,No,70,No,No phone service,No,No internet service,No internet service,No internet service,No internet service,No internet service,No internet service,One Year,Yes,Electronic check,20.3,1418.09,No,0,Loyal (49m+),0,20.25842857142857,0,0,0,20.26
CUST-02111,Female,No,No,No,16,Yes,Yes,Fiber optic,No,Yes,Yes,No,No,Yes,Month-To-Month,Yes,Bank transfer,98.83,1572.03,Yes,0,Mid-term (13-24m),3,98.251875,0,1,0,98.25
CUST-02112,Male,No,No,No,47,Yes,No,Fiber optic,No,Yes,Yes,No,No,Yes,Month-To-Month,Yes,Bank transfer,92.83,4366.79,No,0,Established (25-48m),3,92.9104255319149,0,1,0,92.91
CUST-02113,Female,No,Yes,No,23,Yes,Yes,DSL,Yes,No,Yes,No,No,No,Month-To-Month,Yes,Mailed check,68.32,1566.47,No,0,Mid-term (13-24m),2,68.10739130434783,0,0,0,68.11
CUST-02114,Male,No,No,Yes,53,Yes,Yes,No,No internet service,No internet service,No internet service,No internet service,No internet service,No internet service,Month-To-Month,No,Bank transfer,36.07,1906.39,No,0,Loyal (49m+),0,35.96962264150944,0,0,0,35.97
CUST-02115,Male,No,Yes,Yes,0,Yes,No,No,No internet service,No internet service,No internet service,No internet service,No internet service,No internet service,Month-To-Month,No,Mailed check,28.88,0.0,Yes,0,New (0-12m),0,28.88,1,0,0,28.88
CUST-02116,Female,No,No,No,66,Yes,No,No,No internet service,No internet service,No internet service,No internet service,No internet service,No internet service,Two Year,No,Credit card,28.13,1864.01,No,0,Loyal (49m+),0,28.242575757575757,0,0,0,28.24
CUST-02117,Male,No,Yes,No,5,Yes,No,No,No internet service,No internet service,No internet service,No internet service,No internet service,No internet service,Month-To-Month,No,Electronic check,30.71,149.19,No,0,New (0-12m),0,29.838,0,0,0,29.84
CUST-02118,Female,Yes,Yes,No,54,Yes,Yes,DSL,Yes,No,No,No,No,No,Two Year,Yes,Electronic check,64.89,3509.61,Yes,0,Loyal (49m+),1,64.99277777777777,0,0,0,64.99
CUST-02119,Male,No,Yes,No,37,Yes,Yes,Fiber optic,Yes,Yes,No,No,No,Yes,One Year,No,Electronic check,97.62,3619.65,No,0,Established (25-48m),3,97.82837837837837,0,1,0,97.83
CUST-02120,Female,Yes,Yes,Yes,32,Yes,No,DSL,No,No,No,No,No,No,Two Year,No,Bank transfer,57.45,1832.62,Yes,0,Established (25-48m),0,57.269375,0,0,0,57.27
CUST-02121,Female,Yes,Yes,Yes,7,Yes,No,Fiber optic,Yes,No,No,Yes,No,Yes,Month-To-Month,Yes,Mailed check,94.41,669.22,No,0,New (0-12m),3,95.60285714285715,0,1,0,95.6
CUST-02122,Female,No,No,Yes,19,Yes,No,DSL,No,No,No,No,Yes,No,Month-To-Month,Yes,Bank transfer,60.78,1150.48,No,0,Mid-term (13-24m),1,60.55157894736842,0,1,0,60.55
CUST-02123,Male,No,Yes,Yes,54,Yes,No,DSL,No,Yes,Yes,Yes,Yes,Yes,Month-To-Month,No,Credit card,82.42,4445.04,No,0,Loyal (49m+),5,82.31555555555555,0,1,0,82.32
CUST-02124,Male,No,Yes,No,47,Yes,No,No,No internet service,No internet service,No internet service,No internet service,No internet service,No internet service,Month-To-Month,Yes,Bank transfer,30.67,1438.7,No,0,Established (25-48m),0,30.61063829787234,0,0,0,30.61
CUST-02125,Female,Yes,Yes,No,55,Yes,Yes,Fiber optic,No,No,Yes,No,No,No,Two Year,Yes,Bank transfer,89.06,4892.86,No,0,Loyal (49m+),1,88.9610909090909,0,0,0,88.96
CUST-02126,Female,No,Yes,Yes,9,Yes,No,No,No internet service,No internet service,No internet service,No internet service,No internet service,No internet service,Month-To-Month,Yes,Bank transfer,29.94,270.91,Yes,0,New (0-12m),0,30.101111111111113,0,0,0,30.1
CUST-02127,Male,No,No,No,51,Yes,Yes,Fiber optic,Yes,No,No,No,Yes,No,Two Year,No,Credit card,93.01,4742.97,No,0,Loyal (49m+),2,92.99941176470588,0,1,0,93.0
CUST-02128,Male,No,No,Yes,49,Yes,No,DSL,Yes,Yes,No,No,No,No,Two Year,Yes,Electronic check,63.35,3107.55,No,0,Loyal (49m+),2,63.41938775510204,0,0,0,63.42
CUST-02129,Male,No,Yes,Yes,33,Yes,Yes,Fiber optic,No,No,Yes,No,No,Yes,Month-To-Month,Yes,Bank transfer,94.06,3108.47,No,0,Established (25-48m),2,94.1960606060606,0,1,0,94.2
CUST-02130,Female,No,Yes,Yes,35,Yes,Yes,No,No internet service,No internet service,No internet service,No internet service,No internet service,No internet service,One Year,No,Mailed check,32.92,1143.84,No,0,Established (25-48m),0,32.68114285714285,0,0,0,32.68
CUST-02131,Male,No,Yes,No,60,Yes,No,Fiber optic,Yes,No,No,Yes,No,Yes,Month-To-Month,No,Electronic check,93.07,5577.27,No,0,Loyal (49m+),3,92.95450000000001,0,1,0,92.95
CUST-02132,Male,No,Yes,No,15,Yes,Yes,No,No internet service,No internet service,No internet service,No internet service,No internet service,No internet service,Month-To-Month,No,Mailed check,36.7,556.29,No,0,Mid-term (13-24m),0,37.086,0,0,0,37.09
CUST-02133,Female,No,No,Yes,17,No,No phone service,DSL,No,No,No,No,No,No,Month-To-Month,Yes,Electronic check,43.75,735.07,No,0,Mid-term (13-24m),0,43.239411764705885,0,0,0,43.24
CUST-02134,F,Yes,No,Yes,70,Yes,No,Fiber optic,No,No,Yes,Yes,No,Yes,Two Year,Yes,Electronic check,94.11,6590.88,No,0,Loyal (49m+),3,94.15542857142857,0,1,0,94.16
CUST-02135,Male,No,Yes,Yes,46,Yes,Yes,No,No internet service,No internet service,No internet service,No internet service,No internet service,No internet service,Month-To-Month,Yes,Credit card,33.37,1538.29,No,0,Established (25-48m),0,33.44108695652174,0,0,0,33.44
CUST-02136,Male,Yes,Yes,Yes,31,Yes,Yes,DSL,No,Yes,No,No,No,No,One Year,Yes,Electronic check,64.52,2004.86,No,0,Established (25-48m),1,64.67290322580645,0,0,0,64.67
CUST-02137,Female,No,Yes,No,42,Yes,Yes,Fiber optic,No,No,No,No,No,No,Month-To-Month,No,Mailed check,85.99,3605.95,No,0,Established (25-48m),0,85.85595238095237,0,0,0,85.86
CUST-02138,Female,No,Yes,No,39,Yes,No,DSL,No,No,No,No,No,Yes,Month-To-Month,No,Electronic check,62.23,2419.99,No,0,Established (25-48m),1,62.05102564102564,0,1,0,62.05
CUST-02139,Female,No,Yes,Yes,64,Yes,No,Fiber optic,Yes,No,Yes,No,Yes,Yes,Month-To-Month,Yes,Mailed check,100.19,6411.16,Yes,0,Loyal (49m+),4,100.174375,0,1,0,100.17
CUST-02140,M,No,No,Yes,34,No,No phone service,DSL,Yes,No,Yes,No,No,Yes,Month-To-Month,Yes,Electronic check,59.0,1996.86,No,0,Established (25-48m),3,58.73117647058823,0,1,0,58.73
CUST-02141,Female,Yes,No,No,68,Yes,Yes,Fiber optic,No,Yes,Yes,No,No,No,Month-To-Month,Yes,Mailed check,95.05,6470.24,No,0,Loyal (49m+),2,95.15058823529411,0,0,0,95.15
CUST-02142,Female,No,Yes,Yes,49,Yes,No,No,No internet service,No internet service,No internet service,No internet service,No internet service,No internet service,Month-To-Month,Yes,Credit card,28.14,1383.8,Yes,0,Loyal (49m+),0,28.240816326530613,0,0,0,28.24
CUST-02143,Female,Yes,No,No,11,Yes,No,DSL,No,No,No,Yes,No,No,One Year,Yes,Mailed check,60.89,677.48,Yes,0,New (0-12m),1,61.58909090909091,0,0,0,61.59
CUST-02144,Male,No,No,No,57,Yes,Yes,Fiber optic,Yes,No,No,Yes,No,No,Month-To-Month,No,Mailed check,94.14,5357.38,No,0,Loyal (49m+),2,93.98912280701755,0,0,0,93.99
CUST-02145,Male,No,No,Yes,62,Yes,Yes,DSL,Yes,No,No,No,Yes,No,Two Year,No,Mailed check,72.22,4486.06,No,0,Loyal (49m+),2,72.3558064516129,0,1,0,72.36
CUST-02146,Female,No,Yes,No,72,Yes,Yes,Fiber optic,No,No,Yes,Yes,No,No,Month-To-Month,No,Electronic check,95.79,6902.01,No,0,Loyal (49m+),2,95.86125,0,0,0,95.86
CUST-02147,Male,No,No,No,48,Yes,No,Fiber optic,No,Yes,Yes,Yes,No,Yes,Month-To-Month,Yes,Mailed check,99.88,4786.5,No,0,Established (25-48m),4,99.71875,0,1,0,99.72
CUST-02148,Male,No,No,No,35,Yes,Yes,Fiber optic,No,No,No,No,No,No,Month-To-Month,Yes,Electronic check,83.65,2919.84,No,0,Established (25-48m),0,83.424,0,0,0,83.42
CUST-02149,Female,Yes,Yes,No,53,No,No phone service,DSL,No,Yes,No,Yes,No,No,Month-To-Month,No,Mailed check,52.96,2814.88,No,0,Loyal (49m+),2,53.11094339622642,0,0,0,53.11
CUST-02150,Male,No,No,Yes,46,Yes,Yes,DSL,No,Yes,Yes,Yes,Yes,No,Two Year,Yes,Credit card,78.44,3607.56,No,0,Established (25-48m),4,78.42521739130434,0,1,0,78.43
CUST-02151,F,No,Yes,No,31,Yes,No,Fiber optic,No,No,Yes,Yes,No,Yes,Two Year,Yes,Mailed check,95.35,2965.83,Yes,0,Established (25-48m),3,95.67193548387097,0,1,0,95.67
CUST-02152,Male,No,No,No,52,Yes,Yes,No,No internet service,No internet service,No internet service,No internet service,No internet service,No internet service,One Year,Yes,Bank transfer,35.1,1827.9,No,0,Loyal (49m+),0,35.151923076923076,0,0,0,35.15
CUST-02153,Male,No,Yes,No,31,Yes,Yes,DSL,No,No,Yes,No,No,No,Two Year,No,Electronic check,62.55,1942.81,No,0,Established (25-48m),1,62.671290322580646,0,0,0,62.67
CUST-02154,Male,No,Yes,Yes,61,Yes,Yes,Fiber optic,Yes,Yes,No,Yes,No,Yes,Two Year,No,Credit card,106.22,6478.78,No,0,Loyal (49m+),4,106.2095081967213,0,1,0,106.21
CUST-02155,Female,No,No,Yes,36,Yes,No,Fiber optic,No,Yes,No,No,Yes,Yes,One Year,No,Mailed check,92.7,3335.94,No,0,Established (25-48m),3,92.665,0,1,0,92.66
CUST-02156,male,No,No,Yes,37,No,No phone service,DSL,No,Yes,No,No,No,No,Two Year,Yes,Credit card,47.89,1777.97,Yes,0,Established (25-48m),1,48.053243243243244,0,0,0,48.05
CUST-02157,Female,No,Yes,No,29,Yes,Yes,Fiber optic,No,Yes,No,No,Yes,No,Month-To-Month,No,Electronic check,96.06,2784.71,Yes,0,Established (25-48m),2,96.02448275862069,0,1,0,96.02
CUST-02158,Male,No,Yes,No,57,Yes,No,Fiber optic,Yes,No,No,No,Yes,No,Month-To-Month,No,Credit card,90.73,5171.58,No,0,Loyal (49m+),2,90.72947368421052,0,1,0,90.73
CUST-02159,Female,No,No,Yes,31,Yes,Yes,Fiber optic,No,No,Yes,No,Yes,Yes,Two Year,Yes,Bank transfer,98.58,3053.8,No,0,Established (25-48m),3,98.50967741935484,0,1,0,98.51
CUST-02160,Male,No,No,Yes,65,Yes,No,DSL,Yes,No,Yes,No,Yes,Yes,Month-To-Month,No,Electronic check,75.81,4921.58,No,0,Loyal (49m+),4,75.71661538461538,0,1,0,75.72
CUST-02161,Male,No,No,No,50,Yes,No,No,No internet service,No internet service,No internet service,No internet service,No internet service,No internet service,Two Year,Yes,Credit card,27.59,1386.48,No,0,Loyal (49m+),0,27.7296,0,0,0,27.73
CUST-02162,Male,No,No,No,10,Yes,No,DSL,No,Yes,No,No,No,No,Month-To-Month,No,Electronic check,58.89,583.31,No,0,New (0-12m),1,58.330999999999996,0,0,0,58.33
CUST-02163,Male,No,Yes,Yes,58,Yes,No,DSL,No,No,No,Yes,Yes,No,Month-To-Month,No,Bank transfer,66.3,3841.43,No,0,Loyal (49m+),2,66.23155172413793,0,1,0,66.23
CUST-02164,Female,No,Yes,Yes,19,No,No phone service,Fiber optic,No,No,Yes,Yes,No,No,Month-To-Month,Yes,Credit card,79.87,1519.39,No,0,Mid-term (13-24m),2,79.96789473684211,0,0,0,79.97
CUST-02165,male,No,Yes,No,36,Yes,No,DSL,No,Yes,No,No,Yes,Yes,Month-To-Month,Yes,Electronic check,71.78,2580.6,Yes,0,Established (25-48m),3,71.68333333333334,0,1,0,71.68
CUST-02166,Male,No,No,No,72,Yes,Yes,DSL,No,No,Yes,Yes,Yes,No,Month-To-Month,Yes,Electronic check,73.22,5268.91,Yes,0,Loyal (49m+),3,73.17930555555556,0,1,0,73.18
CUST-02167,Female,No,No,Yes,48,Yes,No,Fiber optic,No,No,Yes,No,No,No,Two Year,No,Mailed check,86.81,4156.96,No,0,Established (25-48m),1,86.60333333333334,0,0,0,86.6
CUST-02168,male,No,Yes,Yes,18,Yes,Yes,Fiber optic,Yes,No,No,No,No,Yes,Month-To-Month,Yes,Bank transfer,94.93,1714.76,No,0,Mid-term (13-24m),2,95.26444444444445,0,1,0,95.26
CUST-02169,male,No,Yes,Yes,54,Yes,No,Fiber optic,Yes,No,No,No,Yes,No,One Year,No,Credit card,88.01,4752.43,Yes,0,Loyal (49m+),2,88.00796296296296,0,1,0,88.01
CUST-02170,M,No,Yes,No,39,Yes,Yes,Fiber optic,No,Yes,No,No,No,Yes,One Year,Yes,Bank transfer,92.73,3610.39,No,0,Established (25-48m),2,92.57410256410256,0,1,0,92.57
CUST-02171,Male,No,Yes,No,6,Yes,Yes,No,No internet service,No internet service,No internet service,No internet service,No internet service,No internet service,Month-To-Month,No,Mailed check,32.51,199.3,No,0,New (0-12m),0,33.21666666666667,0,0,0,33.22
CUST-02172,Female,Yes,Yes,Yes,4,No,No phone service,No,No internet service,No internet service,No internet service,No internet service,No internet service,No internet service,Two Year,Yes,Credit card,20.69,85.88,No,0,New (0-12m),0,21.47,0,0,0,21.47
CUST-02173,Male,No,Yes,No,41,Yes,Yes,DSL,Yes,No,No,Yes,Yes,Yes,Month-To-Month,Yes,Credit card,78.61,3220.54,Yes,0,Established (25-48m),4,78.54975609756097,0,1,0,78.55
CUST-02174,Female,No,No,Yes,47,Yes,Yes,Fiber optic,No,No,No,No,Yes,Yes,One Year,No,Electronic check,93.23,4383.37,No,0,Established (25-48m),2,93.2631914893617,0,1,0,93.26
CUST-02175,Male,No,Yes,No,6,Yes,No,DSL,Yes,No,Yes,No,Yes,No,Month-To-Month,Yes,Electronic check,70.51,426.39,No,0,New (0-12m),3,71.065,0,1,0,71.06
CUST-02176,Male,Yes,Yes,Yes,10,Yes,Yes,No,No internet service,No internet service,No internet service,No internet service,No internet service,No internet service,Month-To-Month,Yes,Mailed check,34.55,336.74,Yes,0,New (0-12m),0,33.674,0,0,0,33.67
CUST-02177,Female,No,Yes,No,72,Yes,Yes,No,No internet service,No internet service,No internet service,No internet service,No internet service,No internet service,Month-To-Month,Yes,Electronic check,34.75,2500.35,Yes,0,Loyal (49m+),0,34.72708333333333,0,0,0,34.73
CUST-02178,Female,Yes,Yes,Yes,48,Yes,No,DSL,No,Yes,Yes,No,Yes,No,One Year,Yes,Electronic check,68.17,3272.65,No,0,Established (25-48m),3,68.18020833333334,0,1,0,68.18
CUST-02179,Male,No,Yes,No,29,Yes,Yes,Fiber optic,Yes,No,No,No,No,No,Two Year,Yes,Credit card,88.77,2578.8,No,0,Established (25-48m),1,88.9241379310345,0,0,0,88.92
CUST-02180,Female,No,Yes,Yes,40,Yes,Yes,No,No internet service,No internet service,No internet service,No internet service,No internet service,No internet service,Month-To-Month,No,Credit card,33.0,1317.63,No,0,Established (25-48m),0,32.94075,0,0,0,32.94
CUST-02181,Female,No,Yes,Yes,2,No,No phone service,Fiber optic,No,Yes,Yes,No,No,Yes,Month-To-Month,No,Electronic check,84.17,161.76,No,0,New (0-12m),3,80.88,1,1,0,80.88
CUST-02182,Male,No,No,Yes,39,Yes,Yes,Fiber optic,No,No,Yes,No,Yes,No,Two Year,Yes,Mailed check,94.04,3659.35,Yes,0,Established (25-48m),2,93.82948717948717,0,1,0,93.83
CUST-02183,Male,Yes,Yes,No,50,Yes,Yes,No,No internet service,No internet service,No internet service,No internet service,No internet service,No internet service,Month-To-Month,Yes,Electronic check,36.39,1825.69,No,0,Loyal (49m+),0,36.5138,0,0,0,36.51
CUST-02184,male,No,No,No,31,Yes,No,No,No internet service,No internet service,No internet service,No internet service,No internet service,No internet service,Month-To-Month,Yes,Mailed check,32.43,1004.91,No,0,Established (25-48m),0,32.416451612903224,0,0,0,32.42
CUST-02185,Male,No,No,Yes,47,Yes,Yes,Fiber optic,Yes,No,No,No,No,Yes,Month-To-Month,No,Mailed check,97.5,4577.09,Yes,0,Established (25-48m),2,97.38489361702128,0,1,0,97.38
CUST-02186,Male,No,No,No,70,Yes,No,No,No internet service,No internet service,No internet service,No internet service,No internet service,No internet service,Month-To-Month,Yes,Bank transfer,29.43,2066.2,No,0,Loyal (49m+),0,29.517142857142854,0,0,0,29.52
CUST-02187,Male,No,Yes,No,70,Yes,No,Fiber optic,No,No,Yes,Yes,No,Yes,One Year,Yes,Mailed check,96.47,6759.14,No,0,Loyal (49m+),3,96.55914285714286,0,1,0,96.56
CUST-02188,Female,No,Yes,Yes,19,Yes,Yes,DSL,No,Yes,No,No,No,No,Two Year,Yes,Credit card,63.9,1217.13,No,0,Mid-term (13-24m),1,64.05947368421053,0,0,0,64.06
CUST-02189,Female,No,Yes,Yes,34,Yes,Yes,Fiber optic,No,No,Yes,No,No,Yes,Month-To-Month,Yes,Electronic check,93.22,3161.88,No,0,Established (25-48m),2,92.9964705882353,0,1,0,93.0
CUST-02190,Male,Yes,Yes,Yes,23,Yes,No,DSL,No,No,No,No,Yes,No,One Year,No,Mailed check,60.7,1392.17,No,0,Mid-term (13-24m),1,60.52913043478261,0,1,0,60.53
CUST-02191,Female,No,Yes,Yes,39,Yes,No,Fiber optic,No,No,No,No,No,Yes,One Year,Yes,Credit card,84.88,3317.97,No,0,Established (25-48m),1,85.07615384615384,0,1,0,85.08
CUST-02192,Male,No,Yes,No,51,Yes,No,No,No internet service,No internet service,No internet service,No internet service,No internet service,No internet service,Month-To-Month,Yes,Mailed check,30.47,1546.4,Yes,0,Loyal (49m+),0,30.321568627450983,0,0,0,30.32
CUST-02193,Female,No,Yes,No,38,Yes,No,No,No internet service,No internet service,No internet service,No internet service,No internet service,No internet service,Month-To-Month,Yes,Mailed check,29.33,1118.55,No,0,Established (25-48m),0,29.435526315789474,0,0,0,29.44
CUST-02194,Male,No,Yes,No,67,Yes,Yes,No,No internet service,No internet service,No internet service,No internet service,No internet service,No internet service,One Year,No,Bank transfer,34.01,2273.79,No,0,Loyal (49m+),0,33.93716417910448,0,0,0,33.94
CUST-02195,Male,No,Yes,No,60,No,No phone service,DSL,No,No,No,No,No,Yes,Month-To-Month,No,Credit card,52.14,3119.08,Yes,0,Loyal (49m+),1,51.98466666666666,0,1,0,51.98
CUST-02196,Female,Yes,Yes,Yes,64,Yes,Yes,Fiber optic,No,No,No,No,No,No,Month-To-Month,Yes,Mailed check,86.92,5566.66,No,0,Loyal (49m+),0,86.9790625,0,0,0,86.98
CUST-02197,Male,No,No,No,61,Yes,Yes,No,No internet service,No internet service,No internet service,No internet service,No internet service,No internet service,Two Year,Yes,Mailed check,33.12,2015.62,No,0,Loyal (49m+),0,33.04295081967213,0,0,0,33.04
CUST-02198,Female,No,Yes,Yes,1,Yes,Yes,No,No internet service,No internet service,No internet service,No internet service,No internet service,No internet service,Two Year,No,Credit card,35.76,40.62,No,0,New (0-12m),0,40.62,1,0,0,40.62
CUST-02199,Female,No,Yes,Yes,5,Yes,Yes,No,No internet service,No internet service,No internet service,No internet service,No internet service,No internet service,Two Year,Yes,Electronic check,34.29,168.79,No,0,New (0-12m),0,33.757999999999996,0,0,0,33.76
CUST-02200,Male,Yes,Yes,No,42,Yes,Yes,Fiber optic,Yes,Yes,No,Yes,No,No,Month-To-Month,No,Mailed check,100.34,4208.67,No,0,Established (25-48m),3,100.20642857142857,0,0,0,100.21
CUST-02201,Male,No,No,No,39,Yes,Yes,No,No internet service,No internet service,No internet service,No internet service,No internet service,No internet service,Two Year,Yes,Bank transfer,33.54,1316.26,No,0,Established (25-48m),0,33.75025641025641,0,0,0,33.75
CUST-02202,Female,No,Yes,No,38,No,No phone service,No,No internet service,No internet service,No internet service,No internet service,No internet service,No internet service,One Year,Yes,Electronic check,21.12,799.66,Yes,0,Established (25-48m),0,21.043684210526315,0,0,0,21.04
CUST-02203,Male,No,Yes,No,27,Yes,Yes,DSL,No,No,Yes,Yes,No,Yes,Two Year,No,Mailed check,74.05,2007.64,No,0,Established (25-48m),3,74.35703703703705,0,1,0,74.36
CUST-02204,Male,No,No,No,62,Yes,No,DSL,No,Yes,No,Yes,Yes,No,Two Year,No,Electronic check,70.94,4407.51,No,0,Loyal (49m+),3,71.08887096774194,0,1,0,71.09
CUST-02205,Male,No,Yes,No,63,Yes,Yes,No,No internet service,No internet service,No internet service,No internet service,No internet service,No internet service,Two Year,No,Electronic check,33.22,2090.99,Yes,0,Loyal (49m+),0,33.19031746031746,0,0,0,33.19
CUST-02206,Male,No,No,Yes,11,Yes,Yes,Fiber optic,Yes,No,Yes,Yes,No,Yes,Two Year,No,Credit card,103.17,1139.24,No,0,New (0-12m),4,103.56727272727272,0,1,0,103.57
CUST-02207,Male,No,No,Yes,40,Yes,Yes,DSL,No,No,Yes,No,No,No,Month-To-Month,Yes,Electronic check,64.24,2567.53,No,0,Established (25-48m),1,64.18825000000001,0,0,0,64.19
CUST-02208,Female,No,No,Yes,28,No,No phone service,DSL,No,No,No,No,No,No,One Year,No,Electronic check,47.49,1332.85,No,0,Established (25-48m),0,47.60178571428571,0,0,0,47.6
CUST-02209,Female,No,No,No,22,Yes,Yes,Fiber optic,Yes,Yes,No,No,No,No,Month-To-Month,No,Bank transfer,96.81,2135.26,No,0,Mid-term (13-24m),2,97.05727272727273,0,0,0,97.06
CUST-02210,Male,No,Yes,Yes,50,Yes,Yes,DSL,No,No,Yes,No,No,No,One Year,Yes,Mailed check,65.6,3282.77,No,0,Loyal (49m+),1,65.6554,0,0,0,65.66
CUST-02211,Male,No,No,Yes,44,Yes,Yes,DSL,No,Yes,No,No,No,No,Two Year,Yes,Mailed check,64.04,2813.55,No,0,Established (25-48m),1,63.94431818181818,0,0,0,63.94
CUST-02212,Male,No,No,Yes,21,Yes,Yes,DSL,No,No,No,Yes,No,Yes,Month-To-Month,Yes,Electronic check,68.32,1430.88,Yes,0,Mid-term (13-24m),2,68.13714285714286,0,1,0,68.14
CUST-02213,Female,No,Yes,Yes,9,Yes,No,No,No internet service,No internet service,No internet service,No internet service,No internet service,No internet service,One Year,Yes,Electronic check,31.22,288.21,No,0,New (0-12m),0,32.02333333333333,0,0,0,32.02
CUST-02214,male,No,Yes,Yes,6,Yes,No,DSL,Yes,No,No,No,No,No,One Year,No,Electronic check,58.52,352.4,No,0,New (0-12m),1,58.73333333333333,0,0,0,58.73
CUST-02215,Female,No,Yes,Yes,72,No,No phone service,Fiber optic,Yes,No,No,Yes,Yes,Yes,Month-To-Month,Yes,Electronic check,89.56,6456.35,No,0,Loyal (49m+),4,89.67152777777778,0,1,0,89.67
CUST-02216,Female,No,No,No,14,Yes,Yes,Fiber optic,No,No,No,No,No,No,Month-To-Month,Yes,Mailed check,85.15,1190.48,No,0,Mid-term (13-24m),0,85.03428571428572,0,0,0,85.03
CUST-02217,Female,No,Yes,No,45,No,No phone service,Fiber optic,Yes,No,No,No,Yes,Yes,Month-To-Month,No,Bank transfer,82.96,3728.47,Yes,0,Established (25-48m),3,82.85488888888888,0,1,0,82.85
CUST-02218,Male,Yes,No,No,60,Yes,No,DSL,Yes,No,No,Yes,No,Yes,Month-To-Month,Yes,Mailed check,71.4,4286.16,Yes,0,Loyal (49m+),3,71.43599999999999,0,1,0,71.44
CUST-02219,Female,No,No,Yes,60,No,No phone service,DSL,No,No,Yes,No,Yes,Yes,One Year,Yes,Bank transfer,62.21,3740.4,No,0,Loyal (49m+),3,62.34,0,1,0,62.34
CUST-02220,Male,Yes,Yes,No,50,Yes,No,DSL,No,No,Yes,No,Yes,Yes,Month-To-Month,No,Mailed check,68.23,3411.53,No,0,Loyal (49m+),3,68.23060000000001,0,1,0,68.23
CUST-02221,Female,No,Yes,No,37,Yes,No,No,No internet service,No internet service,No internet service,No internet service,No internet service,No internet service,Month-To-Month,Yes,Electronic check,31.84,1173.64,No,0,Established (25-48m),0,31.720000000000002,0,0,0,31.72
CUST-02222,Male,No,Yes,Yes,11,Yes,No,Fiber optic,No,No,No,Yes,Yes,No,Two Year,Yes,Electronic check,89.92,983.55,No,0,New (0-12m),2,89.41363636363636,0,1,0,89.41
CUST-02223,Female,No,Yes,No,65,No,No phone service,DSL,Yes,No,Yes,No,No,Yes,One Year,Yes,Mailed check,58.18,3780.68,No,0,Loyal (49m+),3,58.16430769230769,0,1,0,58.16
CUST-02224,male,No,Yes,No,53,Yes,Yes,No,No internet service,No internet service,No internet service,No internet service,No internet service,No internet service,Month-To-Month,No,Bank transfer,35.54,1890.71,No,0,Loyal (49m+),0,35.67377358490566,0,0,0,35.67
CUST-02225,Female,No,Yes,No,38,Yes,No,DSL,No,No,Yes,Yes,Yes,Yes,Month-To-Month,Yes,Bank transfer,77.15,2927.41,Yes,0,Established (25-48m),4,77.0371052631579,0,1,0,77.04
CUST-02226,Male,No,No,No,38,Yes,No,Fiber optic,No,No,No,No,No,Yes,One Year,Yes,Mailed check,87.29,3318.09,Yes,0,Established (25-48m),1,87.31815789473684,0,1,0,87.32
CUST-02227,F,Yes,No,Yes,29,Yes,No,Fiber optic,Yes,Yes,No,No,No,No,Month-To-Month,Yes,Electronic check,91.1,2635.36,No,0,Established (25-48m),2,90.8744827586207,0,0,0,90.87
CUST-02228,Male,No,Yes,No,47,Yes,Yes,Fiber optic,No,Yes,No,No,No,No,One Year,No,Electronic check,89.97,4233.45,Yes,0,Established (25-48m),1,90.07340425531915,0,0,0,90.07
CUST-02229,Male,No,No,Yes,30,Yes,No,Fiber optic,No,Yes,No,No,Yes,No,One Year,Yes,Credit card,88.43,2652.08,No,0,Established (25-48m),2,88.40266666666666,0,1,0,88.4
CUST-02230,M,No,No,No,24,Yes,Yes,DSL,No,Yes,Yes,No,No,Yes,Month-To-Month,No,Credit card,75.5,1806.77,Yes,0,Mid-term (13-24m),3,75.28208333333333,0,1,0,75.28
CUST-02231,M,No,No,Yes,67,Yes,Yes,Fiber optic,No,Yes,Yes,Yes,No,No,Two Year,No,Electronic check,100.57,6743.29,No,0,Loyal (49m+),3,100.64611940298508,0,0,0,100.65
CUST-02232,Male,No,No,No,50,Yes,No,Fiber optic,No,No,No,Yes,No,No,Month-To-Month,Yes,Mailed check,83.06,4157.56,No,0,Loyal (49m+),1,83.1512,0,0,0,83.15
CUST-02233,Female,No,No,No,12,Yes,No,DSL,Yes,No,Yes,Yes,No,No,Month-To-Month,No,Bank transfer,68.77,815.91,Yes,0,New (0-12m),3,67.99249999999999,0,0,0,67.99
CUST-02234,Male,Yes,No,Yes,62,Yes,Yes,Fiber optic,Yes,No,No,No,No,Yes,Two Year,Yes,Mailed check,94.04,5829.31,No,0,Loyal (49m+),2,94.02112903225807,0,1,0,94.02
CUST-02235,Male,No,Yes,No,41,Yes,Yes,No,No internet service,No internet service,No internet service,No internet service,No internet service,No internet service,Month-To-Month,Yes,Credit card,36.8,1510.66,Yes,0,Established (25-48m),0,36.845365853658535,0,0,0,36.85
CUST-02236,Female,No,Yes,No,53,Yes,Yes,Fiber optic,No,No,No,No,No,No,Month-To-Month,No,Bank transfer,85.42,4522.38,No,0,Loyal (49m+),0,85.32792452830189,0,0,0,85.33
CUST-02237,Male,No,Yes,No,66,Yes,No,Fiber optic,No,No,No,No,No,No,One Year,Yes,Bank transfer,78.72,5186.65,No,0,Loyal (49m+),0,78.58560606060605,0,0,0,78.59
CUST-02238,Male,No,No,Yes,55,No,No phone service,Fiber optic,No,No,No,No,No,No,Month-To-Month,No,Mailed check,69.05,3793.43,No,0,Loyal (49m+),0,68.97145454545455,0,0,0,68.97
CUST-02239,Female,No,Yes,Yes,18,Yes,No,No,No internet service,No internet service,No internet service,No internet service,No internet service,No internet service,Two Year,No,Electronic check,28.23,515.48,No,0,Mid-term (13-24m),0,28.637777777777778,0,0,0,28.64
CUST-02240,Male,No,Yes,No,45,Yes,Yes,DSL,No,No,No,No,Yes,Yes,Month-To-Month,No,Electronic check,67.72,3044.19,No,0,Established (25-48m),2,67.64866666666667,0,1,0,67.65
CUST-02241,Male,No,Yes,No,14,Yes,No,Fiber optic,No,No,Yes,Yes,No,No,Month-To-Month,Yes,Electronic check,90.05,1266.43,Yes,0,Mid-term (13-24m),2,90.45928571428571,0,0,0,90.46
CUST-02242,Male,No,No,Yes,31,Yes,No,Fiber optic,No,No,No,No,No,Yes,Two Year,No,Electronic check,82.66,2566.5,No,0,Established (25-48m),1,82.79032258064517,0,1,0,82.79
CUST-02243,Male,No,Yes,Yes,48,Yes,No,DSL,No,No,No,Yes,No,Yes,Month-To-Month,Yes,Credit card,67.46,3247.25,No,0,Established (25-48m),2,67.65104166666667,0,1,0,67.65
CUST-02244,Female,Yes,No,No,20,Yes,Yes,Fiber optic,No,Yes,Yes,No,No,No,One Year,Yes,Mailed check,96.36,1934.64,No,0,Mid-term (13-24m),2,96.732,0,0,0,96.73
CUST-02245,Female,No,Yes,Yes,64,Yes,No,Fiber optic,Yes,Yes,No,No,No,Yes,Two Year,Yes,Credit card,96.39,6177.79,Yes,0,Loyal (49m+),3,96.52796875,0,1,0,96.53
CUST-02246,F,No,Yes,Yes,69,Yes,No,No,No internet service,No internet service,No internet service,No internet service,No internet service,No internet service,Month-To-Month,Yes,Credit card,31.27,2148.1,No,0,Loyal (49m+),0,31.131884057971014,0,0,0,31.13
CUST-02247,Male,No,Yes,No,26,Yes,No,Fiber optic,No,No,No,Yes,No,Yes,Month-To-Month,Yes,Credit card,90.71,2354.41,Yes,0,Established (25-48m),2,90.55423076923077,0,1,0,90.55
CUST-02248,Male,No,No,Yes,22,Yes,No,DSL,No,No,Yes,No,Yes,Yes,Month-To-Month,No,Electronic check,67.85,1500.16,No,0,Mid-term (13-24m),3,68.18909090909091,0,1,0,68.19
CUST-02249,Female,No,No,Yes,46,Yes,No,DSL,Yes,No,No,No,No,No,Two Year,No,Mailed check,59.78,2747.33,No,0,Established (25-48m),1,59.7245652173913,0,0,0,59.72
CUST-02250,Male,No,No,Yes,11,Yes,Yes,Fiber optic,No,Yes,No,No,Yes,Yes,Month-To-Month,No,Electronic check,98.89,1078.84,Yes,0,New (0-12m),3,98.07636363636362,0,1,0,98.08
CUST-02251,Male,No,No,No,65,Yes,Yes,Fiber optic,No,Yes,No,Yes,No,Yes,Month-To-Month,Yes,Electronic check,98.99,6442.92,Yes,0,Loyal (49m+),3,99.12184615384615,0,1,0,99.12
CUST-02252,Male,No,No,Yes,4,Yes,Yes,DSL,No,Yes,No,No,Yes,Yes,Month-To-Month,Yes,Credit card,74.35,296.44,No,0,New (0-12m),3,74.11,0,1,0,74.11
CUST-02253,Male,No,Yes,No,8,Yes,Yes,Fiber optic,No,No,No,No,No,No,Month-To-Month,No,Electronic check,84.1,663.84,No,0,New (0-12m),0,82.98,0,0,0,82.98
CUST-02254,Female,No,Yes,Yes,19,Yes,Yes,No,No internet service,No internet service,No internet service,No internet service,No internet service,No internet service,One Year,No,Electronic check,35.81,676.07,No,0,Mid-term (13-24m),0,35.58263157894737,0,0,0,35.58
CUST-02255,Female,Yes,No,Yes,62,Yes,No,DSL,No,No,No,Yes,No,No,Two Year,No,Mailed check,57.54,3574.6,No,0,Loyal (49m+),1,57.65483870967742,0,0,0,57.65
CUST-02256,F,Yes,No,No,71,Yes,Yes,Fiber optic,No,No,Yes,No,No,Yes,Month-To-Month,No,Electronic check,94.33,6703.22,No,0,Loyal (49m+),2,94.41154929577465,0,1,0,94.41
CUST-02257,Male,No,Yes,No,72,Yes,Yes,Fiber optic,No,No,No,No,No,No,Month-To-Month,Yes,Credit card,87.22,6289.78,No,0,Loyal (49m+),0,87.35805555555555,0,0,0,87.36
CUST-02258,Female,No,No,No,70,Yes,No,Fiber optic,No,No,Yes,Yes,Yes,No,Two Year,Yes,Credit card,93.79,6564.1,No,0,Loyal (49m+),3,93.77285714285715,0,1,0,93.77
CUST-02259,Female,No,Yes,No,29,Yes,Yes,Fiber optic,Yes,No,Yes,No,Yes,No,Month-To-Month,Yes,Bank transfer,100.61,2913.74,No,0,Established (25-48m),3,100.47379310344827,0,1,0,100.47
CUST-02260,Male,Yes,No,Yes,15,No,No phone service,Fiber optic,No,Yes,Yes,Yes,Yes,No,Two Year,Yes,Bank transfer,90.3,1347.16,Yes,0,Mid-term (13-24m),4,89.81066666666668,0,1,0,89.81
CUST-02261,Male,No,Yes,No,4,Yes,Yes,No,No internet service,No internet service,No internet service,No internet service,No internet service,No internet service,Month-To-Month,No,Mailed check,34.95,135.76,No,0,New (0-12m),0,33.94,0,0,0,33.94
CUST-02262,Female,Yes,No,No,28,Yes,Yes,DSL,Yes,No,No,Yes,No,No,Month-To-Month,Yes,Electronic check,68.11,1901.07,No,0,Established (25-48m),2,67.89535714285714,0,0,0,67.9
CUST-02263,Female,No,No,No,46,Yes,No,Fiber optic,No,Yes,Yes,No,No,Yes,Two Year,Yes,Credit card,96.68,4450.64,Yes,0,Established (25-48m),3,96.75304347826088,0,1,0,96.75
CUST-02264,Female,No,Yes,Yes,21,Yes,No,Fiber optic,Yes,Yes,No,No,Yes,No,Month-To-Month,Yes,Credit card,95.34,2007.46,No,0,Mid-term (13-24m),3,95.59333333333333,0,1,0,95.59
CUST-02265,Female,No,Yes,Yes,56,Yes,Yes,DSL,Yes,No,No,No,Yes,Yes,Month-To-Month,Yes,Electronic check,75.19,4216.71,No,0,Loyal (49m+),3,75.29839285714286,0,1,0,75.3
CUST-02266,male,Yes,No,No,34,Yes,Yes,Fiber optic,No,No,No,Yes,No,Yes,Month-To-Month,Yes,Mailed check,97.25,3311.54,No,0,Established (25-48m),2,97.39823529411764,0,1,0,97.4
CUST-02267,M,Yes,No,No,59,Yes,No,DSL,Yes,No,No,No,Yes,No,Two Year,Yes,Electronic check,62.91,3711.5,No,0,Loyal (49m+),2,62.90677966101695,0,1,0,62.91
CUST-02268,Female,No,Yes,No,69,Yes,Yes,Fiber optic,Yes,No,No,Yes,Yes,No,Two Year,No,Credit card,99.96,6895.09,No,0,Loyal (49m+),3,99.92884057971014,0,1,0,99.93
CUST-02269,Male,No,No,No,59,Yes,No,Fiber optic,No,No,No,Yes,No,No,Month-To-Month,Yes,Electronic check,86.03,5067.77,No,0,Loyal (49m+),1,85.89440677966103,0,0,0,85.89
CUST-02270,Female,No,Yes,Yes,57,Yes,No,Fiber optic,No,Yes,Yes,No,No,Yes,Two Year,Yes,Bank transfer,96.49,5501.5,No,0,Loyal (49m+),3,96.51754385964912,0,1,0,96.52
CUST-02271,Male,No,Yes,No,2,Yes,Yes,No,No internet service,No internet service,No internet service,No internet service,No internet service,No internet service,Month-To-Month,Yes,Mailed check,32.5,64.06,Yes,0,New (0-12m),0,32.03,1,0,0,32.03
CUST-02272,Male,No,No,Yes,33,No,No phone service,DSL,Yes,No,No,Yes,Yes,Yes,Month-To-Month,Yes,Credit card,65.91,2169.9,No,0,Established (25-48m),4,65.75454545454545,0,1,0,65.75
CUST-02273,Male,No,Yes,No,44,Yes,Yes,No,No internet service,No internet service,No internet service,No internet service,No internet service,No internet service,One Year,Yes,Mailed check,37.28,1646.37,No,0,Established (25-48m),0,37.4175,0,0,0,37.42
CUST-02274,Female,No,Yes,No,49,Yes,Yes,No,No internet service,No internet service,No internet service,No internet service,No internet service,No internet service,One Year,No,Electronic check,36.15,1775.57,No,0,Loyal (49m+),0,36.23612244897959,0,0,0,36.24
CUST-02275,Female,No,No,Yes,1,Yes,Yes,DSL,No,No,No,No,No,Yes,Month-To-Month,Yes,Electronic check,64.6,65.96,No,0,New (0-12m),1,65.96,1,1,0,65.96
CUST-02276,Male,No,Yes,No,14,Yes,Yes,No,No internet service,No internet service,No internet service,No internet service,No internet service,No internet service,Month-To-Month,No,Electronic check,36.88,510.33,No,0,Mid-term (13-24m),0,36.45214285714285,0,0,0,36.45
CUST-02277,Female,No,Yes,No,36,Yes,Yes,Fiber optic,No,No,No,No,No,Yes,Month-To-Month,Yes,Bank transfer,91.89,3309.44,No,0,Established (25-48m),1,91.92888888888889,0,1,0,91.93
CUST-02278,Female,No,Yes,No,14,Yes,Yes,No,No internet service,No internet service,No internet service,No internet service,No internet service,No internet service,Two Year,Yes,Bank transfer,35.94,497.24,No,0,Mid-term (13-24m),0,35.51714285714286,0,0,0,35.52
CUST-02279,Male,No,Yes,No,59,No,No phone service,No,No internet service,No internet service,No internet service,No internet service,No internet service,No internet service,Two Year,No,Electronic check,20.83,1233.62,No,0,Loyal (49m+),0,20.90881355932203,0,0,0,20.91
CUST-02280,Male,No,No,Yes,63,Yes,Yes,No,No internet service,No internet service,No internet service,No internet service,No internet service,No internet service,One Year,Yes,Mailed check,34.22,2149.31,No,0,Loyal (49m+),0,34.116031746031744,0,0,0,34.12
CUST-02281,Female,No,Yes,No,51,Yes,No,Fiber optic,Yes,No,No,No,No,No,Two Year,Yes,Electronic check,83.71,4274.0,Yes,0,Loyal (49m+),1,83.80392156862744,0,0,0,83.8
CUST-02282,Male,No,No,No,22,Yes,Yes,Fiber optic,No,No,Yes,Yes,No,Yes,One Year,Yes,Credit card,100.65,2215.12,No,0,Mid-term (13-24m),3,100.68727272727273,0,1,0,100.69
CUST-02283,Female,No,Yes,Yes,36,Yes,Yes,Fiber optic,No,Yes,No,Yes,Yes,Yes,Two Year,Yes,Electronic check,102.54,3700.97,Yes,0,Established (25-48m),4,102.80472222222221,0,1,0,102.8
CUST-02284,Female,No,No,No,40,Yes,No,Fiber optic,Yes,No,Yes,Yes,No,Yes,Month-To-Month,Yes,Credit card,101.71,4067.74,Yes,0,Established (25-48m),4,101.6935,0,1,0,101.69
CUST-02285,Female,No,Yes,Yes,56,Yes,No,DSL,No,No,No,No,No,Yes,Month-To-Month,No,Mailed check,62.01,3467.35,No,0,Loyal (49m+),1,61.916964285714286,0,1,0,61.92
CUST-02286,Female,No,No,No,24,Yes,Yes,Fiber optic,Yes,No,No,No,Yes,No,Month-To-Month,Yes,Mailed check,93.32,2246.47,Yes,0,Mid-term (13-24m),2,93.60291666666666,0,1,0,93.6
CUST-02287,Male,Yes,Yes,No,36,No,No phone service,No,No internet service,No internet service,No internet service,No internet service,No internet service,No internet service,Month-To-Month,No,Electronic check,20.36,734.57,No,0,Established (25-48m),0,20.404722222222222,0,0,0,20.4
CUST-02288,Male,Yes,Yes,No,39,Yes,Yes,No,No internet service,No internet service,No internet service,No internet service,No internet service,No internet service,One Year,Yes,Electronic check,33.39,1302.95,No,0,Established (25-48m),0,33.40897435897436,0,0,0,33.41
CUST-02289,Male,No,Yes,Yes,45,Yes,No,No,No internet service,No internet service,No internet service,No internet service,No internet service,No internet service,Two Year,Yes,Mailed check,29.97,1340.76,No,0,Established (25-48m),0,29.794666666666668,0,0,0,29.79
CUST-02290,Male,No,Yes,Yes,59,No,No phone service,DSL,Yes,No,No,No,No,Yes,Month-To-Month,Yes,Mailed check,55.69,3283.32,No,0,Loyal (49m+),2,55.649491525423734,0,1,0,55.65
CUST-02291,Female,No,No,No,18,Yes,No,Fiber optic,No,Yes,No,No,Yes,No,Two Year,Yes,Electronic check,89.45,1600.19,No,0,Mid-term (13-24m),2,88.89944444444444,0,1,0,88.9
CUST-02292,Female,Yes,No,Yes,8,Yes,Yes,Fiber optic,No,No,No,No,No,Yes,Month-To-Month,Yes,Credit card,91.97,730.07,No,0,New (0-12m),1,91.25875,0,1,0,91.26
CUST-02293,Male,No,Yes,No,68,Yes,No,DSL,No,No,No,Yes,Yes,Yes,Month-To-Month,Yes,Mailed check,71.96,4893.78,No,0,Loyal (49m+),3,71.96735294117647,0,1,0,71.97
CUST-02294,Female,No,No,Yes,4,Yes,No,Fiber optic,No,Yes,Yes,Yes,Yes,No,One Year,No,Electronic check,100.15,400.07,No,0,New (0-12m),4,100.0175,0,1,0,100.02
CUST-02295,Female,No,Yes,No,25,Yes,No,DSL,Yes,Yes,Yes,No,No,No,Month-To-Month,No,Bank transfer,70.4,1761.35,Yes,0,Established (25-48m),3,70.454,0,0,0,70.45
CUST-02296,Female,No,Yes,Yes,18,Yes,No,No,No internet service,No internet service,No internet service,No internet service,No internet service,No internet service,Month-To-Month,No,Credit card,27.51,502.54,Yes,0,Mid-term (13-24m),0,27.91888888888889,0,0,0,27.92
CUST-02297,Male,No,No,No,29,Yes,No,No,No internet service,No internet service,No internet service,No internet service,No internet service,No internet service,One Year,Yes,Electronic check,29.19,841.71,No,0,Established (25-48m),0,29.024482758620692,0,0,0,29.02
CUST-02298,Male,No,No,Yes,47,Yes,No,No,No internet service,No internet service,No internet service,No internet service,No internet service,No internet service,Two Year,No,Bank transfer,31.3,1474.64,No,0,Established (25-48m),0,31.37531914893617,0,0,0,31.38
CUST-02299,Male,No,No,Yes,15,Yes,Yes,Fiber optic,No,No,No,Yes,No,No,One Year,Yes,Bank transfer,92.47,1388.07,No,0,Mid-term (13-24m),1,92.538,0,0,0,92.54
CUST-02300,Female,No,Yes,Yes,70,Yes,Yes,DSL,Yes,No,Yes,No,No,No,Month-To-Month,No,Credit card,72.23,5062.51,No,0,Loyal (49m+),2,72.32157142857143,0,0,0,72.32
CUST-02301,Male,No,Yes,Yes,17,Yes,Yes,No,No internet service,No internet service,No internet service,No internet service,No internet service,No internet service,Month-To-Month,Yes,Electronic check,32.97,555.84,Yes,0,Mid-term (13-24m),0,32.69647058823529,0,0,0,32.7
CUST-02302,Male,No,No,No,55,Yes,No,DSL,Yes,No,No,No,No,Yes,Two Year,Yes,Credit card,64.59,3562.26,No,0,Loyal (49m+),2,64.76836363636365,0,1,0,64.77
CUST-02303,Male,Yes,Yes,No,20,Yes,No,Fiber optic,No,No,No,No,Yes,No,Month-To-Month,No,Electronic check,82.77,1658.68,No,0,Mid-term (13-24m),1,82.934,0,1,0,82.93
CUST-02304,Male,No,No,Yes,30,Yes,No,DSL,No,No,Yes,No,No,Yes,Two Year,Yes,Mailed check,66.69,1991.51,No,0,Established (25-48m),2,66.38366666666667,0,1,0,66.38
CUST-02305,Male,No,No,No,0,Yes,Yes,No,No internet service,No internet service,No internet service,No internet service,No internet service,No internet service,Month-To-Month,No,Mailed check,36.15,0.0,No,0,New (0-12m),0,36.15,1,0,0,36.15
CUST-02306,Male,No,No,Yes,2,Yes,No,DSL,No,Yes,No,No,No,No,One Year,Yes,Electronic check,62.11,131.58,No,0,New (0-12m),1,65.79,1,0,0,65.79
CUST-02307,Female,No,No,No,24,Yes,No,DSL,No,Yes,No,No,No,Yes,One Year,Yes,Bank transfer,65.01,1555.47,No,0,Mid-term (13-24m),2,64.81125,0,1,0,64.81
CUST-02308,Female,Yes,No,Yes,7,Yes,No,Fiber optic,Yes,No,No,No,No,Yes,Month-To-Month,No,Mailed check,88.02,610.88,No,0,New (0-12m),2,87.26857142857143,0,1,0,87.27
CUST-02309,Male,No,No,No,64,Yes,No,DSL,No,Yes,No,No,Yes,Yes,One Year,No,Electronic check,70.42,4507.88,No,0,Loyal (49m+),3,70.435625,0,1,0,70.44
CUST-02310,Male,Yes,Yes,No,61,Yes,No,No,No internet service,No internet service,No internet service,No internet service,No internet service,No internet service,Month-To-Month,No,Electronic check,31.84,1935.63,Yes,0,Loyal (49m+),0,31.731639344262298,0,0,0,31.73
CUST-02311,Female,No,Yes,Yes,6,Yes,No,DSL,Yes,No,No,No,No,No,One Year,Yes,Electronic check,57.75,342.27,No,0,New (0-12m),1,57.044999999999995,0,0,0,57.04
CUST-02312,Female,Yes,No,Yes,6,Yes,Yes,No,No internet service,No internet service,No internet service,No internet service,No internet service,No internet service,Two Year,Yes,Mailed check,36.57,219.74,No,0,New (0-12m),0,36.623333333333335,0,0,0,36.62
CUST-02313,Male,No,No,Yes,7,Yes,Yes,Fiber optic,No,No,Yes,No,Yes,Yes,Month-To-Month,Yes,Mailed check,100.62,713.98,No,0,New (0-12m),3,101.99714285714286,0,1,0,102.0
CUST-02314,Male,No,No,Yes,18,Yes,Yes,Fiber optic,No,No,No,No,No,No,One Year,Yes,Mailed check,83.16,1489.94,No,0,Mid-term (13-24m),0,82.77444444444444,0,0,0,82.77
CUST-02315,Male,No,Yes,Yes,16,Yes,No,No,No internet service,No internet service,No internet service,No internet service,No internet service,No internet service,Month-To-Month,No,Electronic check,30.8,483.64,No,0,Mid-term (13-24m),0,30.2275,0,0,0,30.23
CUST-02316,Male,Yes,No,No,10,Yes,Yes,Fiber optic,No,Yes,No,No,Yes,No,Month-To-Month,Yes,Mailed check,92.81,932.26,Yes,0,New (0-12m),2,93.226,0,1,0,93.23
CUST-02317,Female,Yes,No,Yes,48,Yes,No,Fiber optic,No,Yes,No,Yes,Yes,No,One Year,Yes,Credit card,93.37,4484.08,No,0,Established (25-48m),3,93.41833333333334,0,1,0,93.42
CUST-02318,Male,No,No,No,10,Yes,No,DSL,No,No,No,No,No,No,Month-To-Month,No,Electronic check,52.79,524.17,Yes,0,New (0-12m),0,52.416999999999994,0,0,0,52.42
CUST-02319,Male,Yes,Yes,Yes,40,Yes,Yes,DSL,Yes,No,Yes,Yes,Yes,No,One Year,Yes,Electronic check,80.42,3212.39,No,0,Established (25-48m),4,80.30975,0,1,0,80.31
CUST-02320,Male,No,No,No,61,Yes,No,Fiber optic,No,Yes,No,Yes,Yes,No,Month-To-Month,No,Mailed check,93.94,5737.7,No,0,Loyal (49m+),3,94.06065573770492,0,1,0,94.06
CUST-02321,Male,No,Yes,No,51,Yes,Yes,DSL,No,No,No,No,No,No,Month-To-Month,No,Mailed check,58.94,3002.37,Yes,0,Loyal (49m+),0,58.87,0,0,0,58.87
CUST-02322,male,No,Yes,Yes,65,Yes,Yes,Fiber optic,No,No,No,Yes,No,Yes,Month-To-Month,Yes,Mailed check,95.73,6224.31,No,0,Loyal (49m+),2,95.7586153846154,0,1,0,95.76
CUST-02323,Female,No,No,Yes,67,Yes,Yes,Fiber optic,Yes,No,Yes,Yes,No,No,Month-To-Month,Yes,Credit card,98.05,6567.86,No,0,Loyal (49m+),3,98.02776119402985,0,0,0,98.03
CUST-02324,Female,No,Yes,No,66,Yes,No,Fiber optic,No,No,No,Yes,No,No,Two Year,Yes,Bank transfer,85.67,5654.77,No,0,Loyal (49m+),1,85.67833333333334,0,0,0,85.68
CUST-02325,Male,No,Yes,No,39,Yes,No,DSL,No,No,Yes,No,No,No,One Year,No,Bank transfer,60.99,2386.37,Yes,0,Established (25-48m),1,61.188974358974356,0,0,0,61.19
CUST-02326,Male,No,Yes,Yes,4,Yes,No,No,No internet service,No internet service,No internet service,No internet service,No internet service,No internet service,Two Year,Yes,Mailed check,31.79,126.11,No,0,New (0-12m),0,31.5275,0,0,0,31.53
CUST-02327,Female,No,No,No,21,Yes,Yes,DSL,No,Yes,Yes,No,No,No,Month-To-Month,No,Electronic check,70.86,1494.57,No,0,Mid-term (13-24m),2,71.17,0,0,0,71.17
CUST-02328,Male,No,Yes,No,36,Yes,Yes,Fiber optic,No,Yes,No,No,No,Yes,Two Year,Yes,Mailed check,95.77,3449.76,No,0,Established (25-48m),2,95.82666666666667,0,1,0,95.83
CUST-02329,M,No,No,No,10,Yes,Yes,No,No internet service,No internet service,No internet service,No internet service,No internet service,No internet service,One Year,No,Credit card,35.78,355.07,No,0,New (0-12m),0,35.507,0,0,0,35.51
CUST-02330,Female,No,No,No,43,Yes,No,DSL,Yes,Yes,Yes,No,No,Yes,Month-To-Month,No,Credit card,72.71,3117.03,No,0,Established (25-48m),4,72.48906976744186,0,1,0,72.49
CUST-02331,F,No,No,No,52,No,No phone service,No,No internet service,No internet service,No internet service,No internet service,No internet service,No internet service,One Year,No,Mailed check,19.8858,1028.27,No,0,Loyal (49m+),0,19.774423076923078,0,0,0,19.77
CUST-02332,M,No,Yes,No,60,Yes,No,Fiber optic,No,No,No,Yes,Yes,No,One Year,Yes,Electronic check,90.26,5419.53,Yes,0,Loyal (49m+),2,90.32549999999999,0,1,0,90.33
CUST-02333,Female,No,No,Yes,66,Yes,No,No,No internet service,No internet service,No internet service,No internet service,No internet service,No internet service,Month-To-Month,Yes,Electronic check,30.83,2044.64,No,0,Loyal (49m+),0,30.97939393939394,0,0,0,30.98
CUST-02334,Male,No,Yes,Yes,12,Yes,Yes,Fiber optic,No,Yes,Yes,No,Yes,No,One Year,Yes,Electronic check,98.96,1191.74,No,0,New (0-12m),3,99.31166666666667,0,1,0,99.31
CUST-02335,F,No,Yes,Yes,10,Yes,No,DSL,No,No,Yes,No,Yes,No,Month-To-Month,Yes,Credit card,65.89,665.29,No,0,New (0-12m),2,66.529,0,1,0,66.53
CUST-02336,Female,No,Yes,Yes,10,Yes,No,No,No internet service,No internet service,No internet service,No internet service,No internet service,No internet service,Month-To-Month,Yes,Electronic check,29.48,288.15,No,0,New (0-12m),0,28.814999999999998,0,0,0,28.82
CUST-02337,Male,No,Yes,No,6,Yes,Yes,Fiber optic,No,Yes,No,No,No,Yes,Month-To-Month,No,Mailed check,96.08,581.74,No,0,New (0-12m),2,96.95666666666666,0,1,0,96.96
CUST-02338,Female,No,No,Yes,16,Yes,No,DSL,Yes,No,No,No,No,No,Two Year,No,Credit card,58.43,931.92,Yes,0,Mid-term (13-24m),1,58.245,0,0,0,58.24
CUST-02340,Male,No,Yes,No,13,Yes,Yes,No,No internet service,No internet service,No internet service,No internet service,No internet service,No internet service,Month-To-Month,No,Mailed check,37.25,483.28,Yes,0,Mid-term (13-24m),0,37.175384615384615,0,0,0,37.18
CUST-02341,Female,Yes,No,Yes,62,Yes,No,Fiber optic,Yes,No,No,No,No,No,One Year,Yes,Electronic check,86.29,5349.28,No,0,Loyal (49m+),1,86.27870967741936,0,0,0,86.28
CUST-02342,Male,Yes,No,Yes,63,Yes,Yes,DSL,No,No,No,Yes,No,No,Two Year,Yes,Mailed check,66.99,4220.32,Yes,0,Loyal (49m+),1,66.98920634920634,0,0,0,66.99
CUST-02343,Male,No,No,No,64,Yes,No,Fiber optic,No,No,No,No,No,Yes,One Year,No,Electronic check,83.5,5340.16,No,0,Loyal (49m+),1,83.44,0,1,0,83.44
CUST-02344,Male,No,Yes,Yes,33,Yes,Yes,No,No internet service,No internet service,No internet service,No internet service,No internet service,No internet service,Month-To-Month,No,Mailed check,37.21,1225.52,No,0,Established (25-48m),0,37.13696969696969,0,0,0,37.14
CUST-02345,M,No,No,Yes,8,No,No phone service,DSL,No,No,No,Yes,No,No,One Year,Yes,Bank transfer,51.22,407.61,No,0,New (0-12m),1,50.95125,0,0,0,50.95
CUST-02346,Female,No,Yes,No,36,No,No phone service,Fiber optic,No,No,No,Yes,Yes,Yes,Month-To-Month,No,Bank transfer,85.45,3076.46,No,0,Established (25-48m),3,85.45722222222223,0,1,0,85.46
CUST-02347,Male,Yes,No,No,29,Yes,No,Fiber optic,Yes,Yes,No,No,Yes,No,Month-To-Month,No,Mailed check,92.56,2677.07,Yes,0,Established (25-48m),3,92.31275862068966,0,1,0,92.31
CUST-02348,Female,No,Yes,No,40,Yes,No,DSL,Yes,Yes,Yes,No,No,No,One Year,Yes,Credit card,67.76,2712.35,No,0,Established (25-48m),3,67.80875,0,0,0,67.81
CUST-02349,M,No,Yes,No,44,Yes,Yes,Fiber optic,No,No,Yes,No,Yes,No,One Year,Yes,Electronic check,96.36,4240.62,No,0,Established (25-48m),2,96.37772727272727,0,1,0,96.38
CUST-02350,Female,No,Yes,No,46,Yes,Yes,DSL,No,Yes,No,Yes,No,No,Two Year,No,Credit card,70.84,3268.29,No,0,Established (25-48m),2,71.04978260869565,0,0,0,71.05
CUST-02351,Female,Yes,No,No,6,Yes,Yes,Fiber optic,Yes,No,No,Yes,No,No,Month-To-Month,No,Electronic check,93.57,568.91,No,0,New (0-12m),2,94.81833333333333,0,0,0,94.82
CUST-02352,Male,No,Yes,Yes,13,Yes,No,Fiber optic,No,No,Yes,No,No,Yes,One Year,Yes,Mailed check,89.71,1165.48,Yes,0,Mid-term (13-24m),2,89.65230769230769,0,1,0,89.65
CUST-02353,Male,No,No,Yes,47,Yes,Yes,DSL,No,No,No,No,Yes,Yes,Month-To-Month,Yes,Electronic check,70.78,3330.62,Yes,0,Established (25-48m),2,70.86425531914894,0,1,0,70.86
CUST-02354,Female,No,Yes,Yes,5,No,No phone service,No,No internet service,No internet service,No internet service,No internet service,No internet service,No internet service,Month-To-Month,No,Electronic check,19.8858,91.01,No,0,New (0-12m),0,18.202,0,0,0,18.2
CUST-02355,Female,No,No,No,33,Yes,Yes,Fiber optic,Yes,No,No,Yes,No,Yes,Two Year,No,Credit card,100.89,3324.07,Yes,0,Established (25-48m),3,100.72939393939394,0,1,0,100.73
CUST-02356,Male,No,Yes,No,45,Yes,No,Fiber optic,No,No,Yes,Yes,Yes,No,Month-To-Month,Yes,Electronic check,94.51,4249.61,No,0,Established (25-48m),3,94.43577777777777,0,1,0,94.44
CUST-02357,Female,No,No,Yes,58,Yes,No,Fiber optic,No,No,No,Yes,Yes,Yes,One Year,Yes,Electronic check,92.97,5382.93,No,0,Loyal (49m+),3,92.80913793103448,0,1,0,92.81
CUST-02358,Male,Yes,Yes,Yes,69,Yes,Yes,DSL,No,No,No,No,No,No,Two Year,No,Mailed check,58.32,4015.99,No,0,Loyal (49m+),0,58.2027536231884,0,0,0,58.2
CUST-02359,Female,Yes,Yes,No,7,Yes,No,DSL,No,Yes,No,No,Yes,No,Month-To-Month,No,Electronic check,64.63,448.6,No,0,New (0-12m),2,64.08571428571429,0,1,0,64.09
CUST-02360,Male,Yes,Yes,No,23,Yes,Yes,DSL,Yes,No,No,No,No,No,Two Year,No,Credit card,65.63,1515.05,Yes,0,Mid-term (13-24m),1,65.87173913043478,0,0,0,65.87
CUST-02361,Female,No,No,Yes,66,Yes,Yes,DSL,Yes,No,No,No,No,No,Two Year,No,Credit card,64.22,4242.83,No,0,Loyal (49m+),1,64.28530303030303,0,0,0,64.29
CUST-02362,Female,No,Yes,Yes,3,Yes,Yes,No,No internet service,No internet service,No internet service,No internet service,No internet service,No internet service,Two Year,No,Electronic check,33.05,108.43,No,0,New (0-12m),0,36.14333333333334,1,0,0,36.14
CUST-02363,Male,No,Yes,Yes,0,Yes,No,Fiber optic,No,No,Yes,No,No,No,Month-To-Month,No,Electronic check,86.63,0.0,No,0,New (0-12m),1,86.63,1,0,0,86.63
CUST-02364,Female,No,Yes,No,33,Yes,No,No,No internet service,No internet service,No internet service,No internet service,No internet service,No internet service,Month-To-Month,No,Electronic check,30.0,986.86,No,0,Established (25-48m),0,29.904848484848486,0,0,0,29.9
CUST-02365,Female,No,Yes,No,8,Yes,No,Fiber optic,No,No,No,No,No,No,Month-To-Month,No,Mailed check,78.91,623.34,No,0,New (0-12m),0,77.9175,0,0,0,77.92
CUST-02366,Male,No,No,Yes,62,Yes,No,DSL,Yes,No,No,No,Yes,No,One Year,No,Electronic check,65.92,4092.79,No,0,Loyal (49m+),2,66.01274193548387,0,1,0,66.01
CUST-02367,Female,No,Yes,No,9,Yes,Yes,Fiber optic,No,Yes,No,No,No,No,One Year,No,Mailed check,89.18,795.93,Yes,0,New (0-12m),1,88.43666666666667,0,0,0,88.44
CUST-02368,Male,No,Yes,No,9,Yes,No,DSL,No,Yes,No,No,Yes,No,Month-To-Month,No,Bank transfer,64.31,587.86,No,0,New (0-12m),2,65.31777777777778,0,1,0,65.32
CUST-02369,Male,No,No,No,49,Yes,Yes,DSL,No,No,No,No,No,No,One Year,Yes,Mailed check,58.89,2881.93,No,0,Loyal (49m+),0,58.81489795918367,0,0,0,58.81
CUST-02370,Female,No,No,No,43,Yes,No,Fiber optic,No,Yes,No,No,No,No,Month-To-Month,Yes,Electronic check,84.3,3627.85,No,0,Established (25-48m),1,84.36860465116278,0,0,0,84.37
CUST-02371,Female,No,No,No,47,Yes,No,Fiber optic,No,No,Yes,Yes,Yes,No,Two Year,Yes,Mailed check,93.81,4408.08,No,0,Established (25-48m),3,93.78893617021276,0,1,0,93.79
CUST-02372,Female,No,Yes,Yes,5,Yes,No,Fiber optic,Yes,No,No,No,Yes,No,Month-To-Month,Yes,Bank transfer,92.41,456.53,No,0,New (0-12m),2,91.306,0,1,0,91.31
CUST-02373,Female,No,No,Yes,23,Yes,No,DSL,No,Yes,No,Yes,No,Yes,Month-To-Month,Yes,Mailed check,68.79,1581.29,No,0,Mid-term (13-24m),3,68.75173913043479,0,1,0,68.75
CUST-02374,Female,No,No,No,57,Yes,Yes,Fiber optic,No,Yes,No,No,No,No,Month-To-Month,No,Electronic check,90.74,5168.7,Yes,0,Loyal (49m+),1,90.67894736842105,0,0,0,90.68
CUST-02375,Female,No,No,No,63,No,No phone service,DSL,No,No,No,No,No,No,Two Year,Yes,Mailed check,43.46,2740.49,No,0,Loyal (49m+),0,43.49984126984127,0,0,0,43.5
CUST-02376,F,No,Yes,No,55,Yes,Yes,Fiber optic,No,No,Yes,No,No,Yes,Month-To-Month,Yes,Mailed check,95.28,5241.42,No,0,Loyal (49m+),2,95.29854545454546,0,1,0,95.3
CUST-02377,Male,No,Yes,No,11,Yes,Yes,Fiber optic,No,No,No,No,No,No,Month-To-Month,Yes,Electronic check,85.04,927.09,No,0,New (0-12m),0,84.28090909090909,0,0,0,84.28
CUST-02378,Female,No,Yes,Yes,34,Yes,No,DSL,No,Yes,No,Yes,Yes,Yes,Month-To-Month,Yes,Credit card,75.27,2550.62,No,0,Established (25-48m),4,75.01823529411764,0,1,0,75.02
CUST-02379,Male,No,No,Yes,70,Yes,No,DSL,No,Yes,No,No,No,No,Month-To-Month,No,Bank transfer,59.28,4158.9,No,0,Loyal (49m+),1,59.412857142857135,0,0,0,59.41
CUST-02380,Female,No,Yes,No,5,Yes,Yes,DSL,Yes,Yes,No,No,No,Yes,Two Year,Yes,Bank transfer,76.85,380.28,Yes,0,New (0-12m),3,76.056,0,1,0,76.06
CUST-02381,Female,No,No,No,64,Yes,No,DSL,Yes,No,Yes,Yes,Yes,No,Two Year,Yes,Credit card,73.99,4727.17,No,0,Loyal (49m+),4,73.86203125,0,1,0,73.86
CUST-02382,Male,No,No,No,59,Yes,No,DSL,Yes,No,No,No,No,Yes,Month-To-Month,No,Electronic check,66.86,3938.38,Yes,0,Loyal (49m+),2,66.75220338983051,0,1,0,66.75
CUST-02383,Female,No,No,No,67,Yes,Yes,No,No internet service,No internet service,No internet service,No internet service,No internet service,No internet service,Month-To-Month,Yes,Bank transfer,34.53,2306.6,No,0,Loyal (49m+),0,34.42686567164179,0,0,0,34.43
CUST-02384,Female,No,Yes,Yes,28,Yes,No,DSL,Yes,Yes,No,Yes,Yes,No,Month-To-Month,No,Mailed check,75.76,2115.48,Yes,0,Established (25-48m),4,75.55285714285715,0,1,0,75.55
CUST-02385,Male,No,No,No,37,Yes,No,No,No internet service,No internet service,No internet service,No internet service,No internet service,No internet service,Month-To-Month,Yes,Mailed check,27.55,1010.29,No,0,Established (25-48m),0,27.305135135135135,0,0,0,27.31
CUST-02386,Female,Yes,No,No,21,Yes,No,Fiber optic,Yes,No,Yes,Yes,Yes,No,One Year,Yes,Electronic check,99.7,2087.65,No,0,Mid-term (13-24m),4,99.41190476190476,0,1,0,99.41
CUST-02387,Female,No,Yes,Yes,7,Yes,Yes,Fiber optic,No,Yes,Yes,No,Yes,No,Two Year,Yes,Electronic check,100.75,714.08,No,0,New (0-12m),3,102.01142857142858,0,1,0,102.01
CUST-02388,Female,No,No,No,62,No,No phone service,Fiber optic,No,Yes,No,No,No,No,One Year,Yes,Mailed check,73.99,4588.82,No,0,Loyal (49m+),1,74.01322580645162,0,0,0,74.01
CUST-02389,Male,No,No,Yes,12,No,No phone service,Fiber optic,No,No,No,Yes,No,No,Two Year,Yes,Bank transfer,74.11,885.83,No,0,New (0-12m),1,73.81916666666667,0,0,0,73.82
CUST-02390,Female,No,No,No,26,Yes,No,DSL,No,No,Yes,Yes,Yes,No,Two Year,Yes,Mailed check,69.48,1812.27,Yes,0,Established (25-48m),3,69.7026923076923,0,1,0,69.7
CUST-02391,Female,No,Yes,No,17,No,No phone service,DSL,No,No,No,No,No,Yes,Month-To-Month,No,Bank transfer,48.85,838.37,No,0,Mid-term (13-24m),1,49.31588235294117,0,1,0,49.32
CUST-02392,F,No,No,Yes,17,Yes,Yes,Fiber optic,No,No,No,No,Yes,Yes,Two Year,No,Bank transfer,95.52,1615.25,No,0,Mid-term (13-24m),2,95.01470588235294,0,1,0,95.01
CUST-02393,Female,No,Yes,No,61,Yes,No,DSL,No,No,No,No,Yes,No,Two Year,Yes,Electronic check,57.75,3519.64,No,0,Loyal (49m+),1,57.69901639344262,0,1,0,57.7
CUST-02394,Male,No,Yes,Yes,13,No,No phone service,Fiber optic,No,Yes,No,No,Yes,No,Month-To-Month,Yes,Electronic check,81.66,1067.95,No,0,Mid-term (13-24m),2,82.15,0,1,0,82.15
CUST-02395,Male,No,No,Yes,10,Yes,Yes,No,No internet service,No internet service,No internet service,No internet service,No internet service,No internet service,Two Year,No,Electronic check,37.3,375.14,No,0,New (0-12m),0,37.513999999999996,0,0,0,37.51
CUST-02396,Female,No,No,Yes,16,Yes,No,Fiber optic,No,No,No,No,Yes,Yes,One Year,Yes,Electronic check,88.33,1416.93,No,0,Mid-term (13-24m),2,88.558125,0,1,0,88.56
CUST-02397,Female,No,No,No,50,Yes,Yes,DSL,No,Yes,Yes,Yes,No,Yes,Two Year,Yes,Mailed check,78.63,3932.69,No,0,Loyal (49m+),4,78.6538,0,1,0,78.65
CUST-02398,Male,No,No,No,13,Yes,No,DSL,No,No,No,No,No,No,Month-To-Month,Yes,Bank transfer,57.24,735.76,Yes,0,Mid-term (13-24m),0,56.596923076923076,0,0,0,56.6
CUST-02399,Male,No,Yes,Yes,56,Yes,No,DSL,No,Yes,No,No,No,No,One Year,No,Electronic check,58.32,3272.94,No,0,Loyal (49m+),1,58.44535714285714,0,0,0,58.45
CUST-02400,Female,Yes,Yes,No,5,Yes,No,Fiber optic,No,No,No,No,No,No,Month-To-Month,Yes,Credit card,78.03,384.92,No,0,New (0-12m),0,76.98400000000001,0,0,0,76.98
CUST-02401,male,No,No,No,56,Yes,Yes,Fiber optic,No,No,No,No,No,Yes,Two Year,No,Electronic check,91.47,5114.38,No,0,Loyal (49m+),1,91.32821428571428,0,1,0,91.33
CUST-02402,Female,No,Yes,No,3,Yes,No,Fiber optic,No,No,No,No,Yes,No,Two Year,Yes,Mailed check,85.89,254.46,No,0,New (0-12m),1,84.82000000000001,1,1,0,84.82
CUST-02403,Male,No,No,Yes,10,No,No phone service,DSL,No,No,Yes,No,Yes,Yes,One Year,Yes,Electronic check,60.9,613.91,Yes,0,New (0-12m),3,61.391,0,1,0,61.39
CUST-02404,Male,No,No,Yes,10,Yes,No,DSL,No,No,No,Yes,No,No,Month-To-Month,Yes,Electronic check,58.63,593.9,No,0,New (0-12m),1,59.39,0,0,0,59.39
CUST-02405,Male,Yes,No,No,7,Yes,No,No,No internet service,No internet service,No internet service,No internet service,No internet service,No internet service,One Year,Yes,Bank transfer,29.38,208.67,No,0,New (0-12m),0,29.81,0,0,0,29.81
CUST-02406,Male,No,No,Yes,58,Yes,Yes,DSL,No,No,Yes,No,Yes,No,Month-To-Month,Yes,Electronic check,68.3,3958.56,No,0,Loyal (49m+),2,68.25103448275863,0,1,0,68.25
CUST-02407,Female,Yes,Yes,No,20,Yes,Yes,Fiber optic,Yes,Yes,No,No,No,No,One Year,No,Electronic check,93.31,1870.76,No,0,Mid-term (13-24m),2,93.538,0,0,0,93.54
CUST-02408,Male,No,Yes,No,64,Yes,No,DSL,No,Yes,No,No,No,Yes,One Year,Yes,Mailed check,64.98,4164.05,No,0,Loyal (49m+),2,65.06328125,0,1,0,65.06
CUST-02409,Male,No,No,No,23,Yes,No,DSL,No,Yes,No,Yes,No,No,Month-To-Month,No,Credit card,65.86,1523.24,No,0,Mid-term (13-24m),2,66.22782608695653,0,0,0,66.23
CUST-02410,Female,No,No,No,29,Yes,Yes,No,No internet service,No internet service,No internet service,No internet service,No internet service,No internet service,Month-To-Month,Yes,Mailed check,34.1,981.27,No,0,Established (25-48m),0,33.83689655172414,0,0,0,33.84
CUST-02411,Male,Yes,Yes,Yes,56,Yes,No,DSL,No,Yes,No,Yes,Yes,No,One Year,Yes,Electronic check,69.88,3906.08,Yes,0,Loyal (49m+),3,69.75142857142858,0,1,0,69.75
CUST-02412,Male,No,Yes,No,72,Yes,No,Fiber optic,No,No,No,Yes,No,Yes,Month-To-Month,Yes,Mailed check,89.24,6424.01,Yes,0,Loyal (49m+),2,89.22236111111111,0,1,0,89.22
CUST-02413,Female,No,Yes,Yes,16,Yes,Yes,DSL,No,No,Yes,No,Yes,No,Two Year,Yes,Bank transfer,72.07,1149.93,No,0,Mid-term (13-24m),2,71.870625,0,1,0,71.87
CUST-02414,Male,No,No,No,58,Yes,Yes,Fiber optic,No,No,Yes,No,No,No,Month-To-Month,No,Bank transfer,91.02,5284.6,No,0,Loyal (49m+),1,91.11379310344829,0,0,0,91.11
CUST-02415,Female,No,Yes,Yes,30,Yes,No,No,No internet service,No internet service,No internet service,No internet service,No internet service,No internet service,Month-To-Month,No,Credit card,30.63,920.67,No,0,Established (25-48m),0,30.689,0,0,0,30.69
CUST-02416,Female,Yes,No,Yes,63,Yes,Yes,DSL,Yes,No,Yes,No,No,No,One Year,No,Credit card,71.15,4474.37,No,0,Loyal (49m+),2,71.02174603174603,0,0,0,71.02
CUST-02417,Female,No,No,Yes,47,Yes,Yes,DSL,No,No,Yes,No,No,No,One Year,Yes,Mailed check,63.84,3001.17,No,0,Established (25-48m),1,63.85468085106383,0,0,0,63.85
CUST-02418,Female,No,Yes,No,22,Yes,No,DSL,No,No,No,No,Yes,Yes,One Year,Yes,Electronic check,67.15,1473.01,No,0,Mid-term (13-24m),2,66.955,0,1,0,66.96
CUST-02419,Male,No,No,No,69,Yes,No,Fiber optic,No,Yes,No,No,No,No,One Year,No,Electronic check,83.5,5759.65,Yes,0,Loyal (49m+),1,83.4731884057971,0,0,0,83.47
CUST-02420,Female,No,Yes,No,29,Yes,Yes,Fiber optic,Yes,No,Yes,No,Yes,Yes,Month-To-Month,No,Credit card,103.19,2984.14,Yes,0,Established (25-48m),4,102.90137931034482,0,1,0,102.9
CUST-02421,Male,Yes,No,Yes,54,Yes,No,No,No internet service,No internet service,No internet service,No internet service,No internet service,No internet service,One Year,Yes,Credit card,32.03,1720.32,No,0,Loyal (49m+),0,31.857777777777777,0,0,0,31.86
CUST-02422,Male,No,No,No,6,Yes,No,DSL,No,No,No,No,Yes,Yes,Month-To-Month,Yes,Electronic check,63.8,392.11,No,0,New (0-12m),2,65.35166666666667,0,1,0,65.35
CUST-02423,Male,No,No,No,11,Yes,Yes,Fiber optic,No,No,Yes,No,Yes,No,Month-To-Month,No,Electronic check,96.74,1068.97,No,0,New (0-12m),2,97.17909090909092,0,1,0,97.18
CUST-02424,Male,Yes,No,No,59,No,No phone service,DSL,No,No,No,Yes,Yes,Yes,Month-To-Month,No,Bank transfer,58.99,3483.47,No,0,Loyal (49m+),3,59.04186440677966,0,1,0,59.04
CUST-02425,Male,No,No,No,51,Yes,Yes,DSL,No,Yes,Yes,No,Yes,Yes,Month-To-Month,Yes,Mailed check,78.97,4031.0,Yes,0,Loyal (49m+),4,79.03921568627452,0,1,0,79.04
CUST-02426,Male,No,No,Yes,26,Yes,Yes,Fiber optic,Yes,No,Yes,No,No,Yes,Month-To-Month,Yes,Credit card,102.29,2662.29,No,0,Established (25-48m),3,102.39576923076923,0,1,0,102.4
CUST-02427,Male,No,Yes,Yes,11,Yes,No,No,No internet service,No internet service,No internet service,No internet service,No internet service,No internet service,Month-To-Month,No,Electronic check,32.33,353.22,No,0,New (0-12m),0,32.1109090909091,0,0,0,32.11
CUST-02428,Male,No,Yes,No,12,No,No phone service,DSL,Yes,No,No,Yes,Yes,Yes,Two Year,Yes,Credit card,67.31,807.68,Yes,0,New (0-12m),4,67.30666666666666,0,1,0,67.31
CUST-02429,Male,No,No,Yes,71,Yes,No,DSL,No,Yes,No,No,Yes,Yes,Month-To-Month,Yes,Mailed check,68.19,4850.0,No,0,Loyal (49m+),3,68.30985915492958,0,1,0,68.31
CUST-02430,Male,Yes,Yes,Yes,61,Yes,No,Fiber optic,No,No,No,No,No,Yes,Month-To-Month,Yes,Mailed check,85.36,5204.38,Yes,0,Loyal (49m+),1,85.31770491803279,0,1,0,85.32
CUST-02431,Female,No,No,Yes,28,Yes,No,Fiber optic,Yes,Yes,No,No,No,No,Two Year,Yes,Mailed check,87.68,2448.86,No,0,Established (25-48m),2,87.45928571428571,0,0,0,87.46
CUST-02432,Female,No,Yes,Yes,34,Yes,No,No,No internet service,No internet service,No internet service,No internet service,No internet service,No internet service,Month-To-Month,No,Mailed check,30.93,1042.7,No,0,Established (25-48m),0,30.66764705882353,0,0,0,30.67
CUST-02433,Female,Yes,Yes,Yes,59,Yes,Yes,DSL,Yes,No,No,No,No,No,Month-To-Month,Yes,Mailed check,65.86,3880.95,No,0,Loyal (49m+),1,65.77881355932203,0,0,0,65.78
CUST-02434,Male,No,No,No,28,Yes,No,Fiber optic,No,No,No,No,No,No,Month-To-Month,No,Bank transfer,82.46,2301.5,No,0,Established (25-48m),0,82.19642857142857,0,0,0,82.2
CUST-02435,Female,No,Yes,Yes,30,Yes,Yes,DSL,Yes,Yes,No,No,No,No,Month-To-Month,Yes,Mailed check,71.89,2159.72,No,0,Established (25-48m),2,71.99066666666666,0,0,0,71.99
CUST-02436,Female,No,No,No,60,Yes,No,Fiber optic,No,No,No,Yes,No,Yes,Month-To-Month,No,Bank transfer,88.59,5310.13,No,0,Loyal (49m+),2,88.50216666666667,0,1,0,88.5
CUST-02437,Female,Yes,Yes,No,1,Yes,No,DSL,Yes,Yes,No,Yes,No,No,Month-To-Month,Yes,Electronic check,69.72,66.37,Yes,0,New (0-12m),3,66.37,1,0,0,66.37
CUST-02438,Male,No,No,No,32,Yes,Yes,DSL,No,Yes,No,No,No,No,Two Year,Yes,Credit card,63.79,2033.19,No,0,Established (25-48m),1,63.5371875,0,0,0,63.54
CUST-02439,Male,No,Yes,Yes,71,Yes,Yes,No,No internet service,No internet service,No internet service,No internet service,No internet service,No internet service,Month-To-Month,No,Electronic check,32.74,2323.25,No,0,Loyal (49m+),0,32.721830985915496,0,0,0,32.72
CUST-02440,Male,No,No,Yes,61,Yes,No,Fiber optic,No,Yes,No,Yes,No,Yes,Month-To-Month,Yes,Mailed check,94.41,5768.11,Yes,0,Loyal (49m+),3,94.55918032786884,0,1,0,94.56
CUST-02441,Male,No,Yes,Yes,58,Yes,Yes,DSL,No,Yes,No,Yes,No,Yes,One Year,Yes,Electronic check,73.04,4235.1,No,0,Loyal (49m+),3,73.01896551724138,0,1,0,73.02
CUST-02442,F,No,No,Yes,39,Yes,Yes,Fiber optic,No,No,No,No,No,No,Month-To-Month,Yes,Mailed check,86.32,3371.5,No,0,Established (25-48m),0,86.44871794871794,0,0,0,86.45
CUST-02443,Female,No,Yes,No,48,Yes,Yes,Fiber optic,Yes,No,No,No,No,No,Month-To-Month,Yes,Electronic check,89.45,4295.0,Yes,0,Established (25-48m),1,89.47916666666667,0,0,0,89.48
CUST-02444,Female,No,No,No,31,Yes,No,DSL,Yes,Yes,Yes,Yes,No,Yes,Two Year,Yes,Credit card,77.66,2403.81,No,0,Established (25-48m),5,77.54225806451613,0,1,0,77.54
CUST-02445,F,No,Yes,No,37,Yes,No,Fiber optic,No,No,No,No,Yes,No,Two Year,No,Electronic check,83.85,3111.28,No,0,Established (25-48m),1,84.08864864864866,0,1,0,84.09
CUST-02446,Male,Yes,No,Yes,12,Yes,No,Fiber optic,Yes,Yes,No,Yes,Yes,No,Two Year,Yes,Mailed check,99.16,1190.28,No,0,New (0-12m),4,99.19,0,1,0,99.19
CUST-02447,Male,No,Yes,No,53,No,No phone service,DSL,No,No,No,Yes,No,Yes,Month-To-Month,Yes,Bank transfer,54.77,2908.25,No,0,Loyal (49m+),2,54.87264150943396,0,1,0,54.87
CUST-02448,Male,No,No,No,12,Yes,No,No,No internet service,No internet service,No internet service,No internet service,No internet service,No internet service,Two Year,Yes,Electronic check,30.91,363.37,No,0,New (0-12m),0,30.280833333333334,0,0,0,30.28
CUST-02449,Female,No,No,No,38,Yes,No,Fiber optic,No,Yes,Yes,No,No,Yes,Month-To-Month,Yes,Credit card,96.44,3659.25,Yes,0,Established (25-48m),3,96.29605263157895,0,1,0,96.3
CUST-02450,Male,No,No,Yes,22,Yes,Yes,No,No internet service,No internet service,No internet service,No internet service,No internet service,No internet service,Month-To-Month,No,Credit card,37.43,822.52,No,0,Mid-term (13-24m),0,37.38727272727272,0,0,0,37.39
CUST-02451,Male,No,No,No,13,Yes,No,Fiber optic,Yes,Yes,No,No,No,Yes,Month-To-Month,No,Bank transfer,96.77,1263.4,No,0,Mid-term (13-24m),3,97.1846153846154,0,1,0,97.18
CUST-02452,Female,No,Yes,No,16,Yes,No,Fiber optic,Yes,Yes,Yes,Yes,Yes,Yes,One Year,Yes,Electronic check,106.22660000000005,1762.96,Yes,0,Mid-term (13-24m),6,110.185,0,1,0,110.18
CUST-02453,Female,No,Yes,Yes,23,Yes,No,DSL,No,No,No,Yes,Yes,Yes,Month-To-Month,No,Electronic check,68.03,1574.25,Yes,0,Mid-term (13-24m),3,68.44565217391305,0,1,0,68.45
CUST-02454,Male,No,Yes,No,57,Yes,Yes,Fiber optic,No,No,Yes,No,Yes,Yes,One Year,Yes,Electronic check,100.82,5755.75,No,0,Loyal (49m+),3,100.9780701754386,0,1,0,100.98
CUST-02455,Male,No,No,Yes,62,Yes,Yes,Fiber optic,No,No,Yes,Yes,No,Yes,Two Year,Yes,Electronic check,99.61,6174.28,No,0,Loyal (49m+),3,99.58516129032257,0,1,0,99.59
CUST-02456,male,No,No,No,33,Yes,No,DSL,Yes,No,Yes,No,Yes,No,Month-To-Month,Yes,Electronic check,69.53,2295.13,No,0,Established (25-48m),3,69.54939393939394,0,1,0,69.55
CUST-02457,M,No,No,Yes,50,Yes,No,Fiber optic,No,Yes,No,Yes,Yes,No,Month-To-Month,Yes,Credit card,94.19,4700.01,No,0,Loyal (49m+),3,94.0002,0,1,0,94.0
CUST-02458,Male,No,No,Yes,9,Yes,Yes,DSL,No,Yes,Yes,Yes,No,No,Month-To-Month,Yes,Mailed check,73.34,659.85,No,0,New (0-12m),3,73.31666666666666,0,0,0,73.32
CUST-02459,Male,No,No,Yes,71,Yes,Yes,No,No internet service,No internet service,No internet service,No internet service,No internet service,No internet service,Month-To-Month,Yes,Electronic check,32.94,2329.48,No,0,Loyal (49m+),0,32.80957746478873,0,0,0,32.81
CUST-02460,Female,No,Yes,No,20,Yes,Yes,No,No internet service,No internet service,No internet service,No internet service,No internet service,No internet service,Month-To-Month,Yes,Electronic check,36.59,722.06,No,0,Mid-term (13-24m),0,36.102999999999994,0,0,0,36.1
CUST-02461,Female,No,Yes,No,36,Yes,No,Fiber optic,Yes,Yes,No,No,Yes,No,One Year,Yes,Mailed check,93.42,3364.24,No,0,Established (25-48m),3,93.4511111111111,0,1,0,93.45
CUST-02462,Female,No,Yes,Yes,6,Yes,No,DSL,Yes,No,No,No,No,Yes,Month-To-Month,No,Electronic check,66.0,403.95,Yes,0,New (0-12m),2,67.325,0,1,0,67.32
CUST-02463,male,No,No,Yes,12,Yes,Yes,Fiber optic,No,No,Yes,No,No,No,Two Year,Yes,Credit card,91.13,1102.86,No,0,New (0-12m),1,91.90499999999999,0,0,0,91.9
CUST-02464,Female,No,No,Yes,29,Yes,Yes,Fiber optic,Yes,Yes,Yes,No,No,Yes,Two Year,Yes,Electronic check,104.04,3021.84,No,0,Established (25-48m),4,104.20137931034483,0,1,0,104.2
CUST-02465,Male,No,No,Yes,30,Yes,No,No,No internet service,No internet service,No internet service,No internet service,No internet service,No internet service,Two Year,Yes,Credit card,30.28,913.35,No,0,Established (25-48m),0,30.445,0,0,0,30.44
CUST-02466,Male,No,No,Yes,4,Yes,Yes,DSL,Yes,Yes,No,No,No,No,Month-To-Month,No,Bank transfer,71.06,283.08,No,0,New (0-12m),2,70.77,0,0,0,70.77
CUST-02467,Female,Yes,No,Yes,31,Yes,No,Fiber optic,No,Yes,Yes,No,Yes,No,Month-To-Month,Yes,Credit card,93.17,2889.6,No,0,Established (25-48m),3,93.21290322580644,0,1,0,93.21
CUST-02468,Male,No,No,Yes,15,Yes,Yes,DSL,No,No,No,No,No,No,Month-To-Month,Yes,Electronic check,58.35,876.93,Yes,0,Mid-term (13-24m),0,58.461999999999996,0,0,0,58.46
CUST-02469,Male,Yes,No,Yes,72,Yes,No,Fiber optic,Yes,Yes,Yes,No,No,Yes,One Year,No,Electronic check,101.09,7269.88,Yes,0,Loyal (49m+),4,100.97055555555556,0,1,0,100.97
CUST-02470,Female,No,Yes,Yes,21,Yes,Yes,No,No internet service,No internet service,No internet service,No internet service,No internet service,No internet service,Two Year,No,Mailed check,33.9,702.81,No,0,Mid-term (13-24m),0,33.46714285714285,0,0,0,33.47
CUST-02471,Female,No,Yes,Yes,63,Yes,No,No,No internet service,No internet service,No internet service,No internet service,No internet service,No internet service,Two Year,No,Credit card,28.04,1759.43,No,0,Loyal (49m+),0,27.92746031746032,0,0,0,27.93
CUST-02472,Female,Yes,No,Yes,43,Yes,Yes,Fiber optic,No,No,No,Yes,No,No,One Year,Yes,Bank transfer,90.1,3880.2,No,0,Established (25-48m),1,90.23720930232558,0,0,0,90.24
CUST-02473,Male,No,No,Yes,39,Yes,No,Fiber optic,No,No,No,No,No,Yes,Month-To-Month,No,Bank transfer,86.53,3375.89,No,0,Established (25-48m),1,86.56128205128205,0,1,0,86.56
CUST-02474,M,No,No,No,36,Yes,No,No,No internet service,No internet service,No internet service,No internet service,No internet service,No internet service,Two Year,No,Electronic check,29.03,1046.9,No,0,Established (25-48m),0,29.08055555555556,0,0,0,29.08
CUST-02475,Female,No,Yes,Yes,15,Yes,No,Fiber optic,No,No,No,No,No,No,Month-To-Month,No,Mailed check,78.8,1178.98,No,0,Mid-term (13-24m),0,78.59866666666667,0,0,0,78.6
CUST-02476,Male,No,Yes,No,42,Yes,Yes,DSL,No,No,No,No,No,Yes,Month-To-Month,No,Electronic check,63.54,2676.05,Yes,0,Established (25-48m),1,63.715476190476195,0,1,0,63.72
CUST-02477,Female,No,No,No,62,Yes,No,No,No internet service,No internet service,No internet service,No internet service,No internet service,No internet service,Two Year,Yes,Mailed check,29.88,1861.83,Yes,0,Loyal (49m+),0,30.029516129032256,0,0,0,30.03
CUST-02478,Female,No,Yes,No,14,Yes,No,Fiber optic,No,No,Yes,Yes,Yes,No,One Year,No,Electronic check,95.36,1329.31,No,0,Mid-term (13-24m),3,94.95071428571428,0,1,0,94.95
CUST-02479,Female,No,Yes,Yes,43,Yes,No,Fiber optic,No,No,Yes,No,No,No,Month-To-Month,Yes,Electronic check,83.17,3572.61,No,0,Established (25-48m),1,83.0839534883721,0,0,0,83.08
CUST-02480,Male,No,Yes,No,8,Yes,Yes,DSL,Yes,No,Yes,Yes,Yes,No,Month-To-Month,Yes,Bank transfer,81.51,648.64,No,0,New (0-12m),4,81.08,0,1,0,81.08
CUST-02481,F,Yes,No,Yes,64,Yes,Yes,DSL,Yes,No,Yes,No,No,Yes,Month-To-Month,Yes,Credit card,75.15,4818.86,No,0,Loyal (49m+),3,75.2946875,0,1,0,75.29
CUST-02482,Male,No,Yes,No,43,Yes,Yes,Fiber optic,No,Yes,Yes,No,Yes,No,One Year,Yes,Bank transfer,100.31,4313.69,No,0,Established (25-48m),3,100.31837209302324,0,1,0,100.32
CUST-02483,Male,No,Yes,Yes,19,No,No phone service,Fiber optic,No,No,Yes,Yes,No,Yes,Month-To-Month,Yes,Bank transfer,83.09,1580.06,Yes,0,Mid-term (13-24m),3,83.16105263157894,0,1,0,83.16
CUST-02484,Female,No,No,Yes,69,Yes,Yes,Fiber optic,No,No,No,No,Yes,Yes,Two Year,No,Credit card,95.62,6595.14,No,0,Loyal (49m+),2,95.58173913043478,0,1,0,95.58
CUST-02485,Male,No,No,No,32,Yes,No,DSL,No,No,Yes,No,Yes,Yes,Month-To-Month,Yes,Electronic check,70.89,2276.47,No,0,Established (25-48m),3,71.1396875,0,1,0,71.14
CUST-02486,Male,No,Yes,No,5,Yes,Yes,Fiber optic,Yes,No,Yes,Yes,No,No,Month-To-Month,Yes,Electronic check,99.52,491.42,Yes,0,New (0-12m),3,98.284,0,0,0,98.28
CUST-02487,Female,No,No,Yes,30,Yes,Yes,Fiber optic,No,Yes,No,No,Yes,Yes,Month-To-Month,Yes,Bank transfer,100.5,3014.14,No,0,Established (25-48m),3,100.47133333333333,0,1,0,100.47
CUST-02488,Female,No,Yes,No,65,No,No phone service,Fiber optic,No,No,Yes,Yes,No,Yes,Month-To-Month,Yes,Mailed check,83.67,5433.06,No,0,Loyal (49m+),3,83.58553846153846,0,1,0,83.59
CUST-02489,Female,No,Yes,No,17,Yes,No,No,No internet service,No internet service,No internet service,No internet service,No internet service,No internet service,One Year,No,Mailed check,30.7,523.6,No,0,Mid-term (13-24m),0,30.8,0,0,0,30.8
CUST-02490,Male,No,No,Yes,27,Yes,No,DSL,No,Yes,No,No,No,No,One Year,No,Electronic check,60.17,1625.55,No,0,Established (25-48m),1,60.205555555555556,0,0,0,60.21
CUST-02491,Male,Yes,No,Yes,67,Yes,Yes,No,No internet service,No internet service,No internet service,No internet service,No internet service,No internet service,Month-To-Month,Yes,Mailed check,35.41,2365.09,Yes,0,Loyal (49m+),0,35.29985074626866,0,0,0,35.3
CUST-02492,Male,No,Yes,No,64,Yes,Yes,Fiber optic,No,No,Yes,No,Yes,Yes,Month-To-Month,No,Mailed check,98.76,6327.25,Yes,0,Loyal (49m+),3,98.86328125,0,1,0,98.86
CUST-02493,Female,No,No,Yes,44,Yes,No,DSL,No,No,No,No,Yes,No,Two Year,Yes,Electronic check,61.45,2696.25,No,0,Established (25-48m),1,61.27840909090909,0,1,0,61.28
CUST-02494,M,No,No,Yes,57,Yes,No,DSL,No,No,Yes,No,Yes,No,Month-To-Month,No,Mailed check,66.63,3791.44,Yes,0,Loyal (49m+),2,66.51649122807018,0,1,0,66.52
CUST-02495,Male,No,Yes,Yes,46,No,No phone service,No,No internet service,No internet service,No internet service,No internet service,No internet service,No internet service,Month-To-Month,Yes,Mailed check,19.8858,824.33,No,0,Established (25-48m),0,17.920217391304348,0,0,0,17.92
CUST-02496,Female,Yes,Yes,Yes,65,No,No phone service,No,No internet service,No internet service,No internet service,No internet service,No internet service,No internet service,Month-To-Month,No,Credit card,21.84,1425.87,No,0,Loyal (49m+),0,21.936461538461536,0,0,0,21.94
CUST-02497,Female,No,Yes,No,51,Yes,Yes,No,No internet service,No internet service,No internet service,No internet service,No internet service,No internet service,One Year,Yes,Credit card,36.38,1849.45,No,0,Loyal (49m+),0,36.26372549019608,0,0,0,36.26
CUST-02498,Female,No,Yes,No,35,Yes,Yes,Fiber optic,No,Yes,Yes,No,No,No,Month-To-Month,No,Credit card,95.27,3328.84,No,0,Established (25-48m),2,95.10971428571429,0,0,0,95.11
CUST-02499,Male,No,Yes,No,0,Yes,Yes,DSL,Yes,Yes,Yes,No,No,Yes,Month-To-Month,Yes,Credit card,77.78,0.0,No,0,New (0-12m),4,77.78,1,1,0,77.78
CUST-02500,Female,No,Yes,No,38,Yes,No,DSL,No,No,No,Yes,No,Yes,One Year,Yes,Electronic check,65.12,2481.15,No,0,Established (25-48m),2,65.29342105263159,0,1,0,65.29
CUST-02501,Female,No,No,Yes,0,Yes,No,DSL,Yes,Yes,No,No,No,Yes,Two Year,No,Credit card,69.84,0.0,No,0,New (0-12m),3,69.84,1,1,0,69.84
CUST-02502,Male,No,No,Yes,13,Yes,Yes,DSL,Yes,No,No,No,No,Yes,Month-To-Month,Yes,Mailed check,68.62,892.81,No,0,Mid-term (13-24m),2,68.6776923076923,0,1,0,68.68
CUST-02503,Male,Yes,Yes,Yes,70,Yes,Yes,Fiber optic,No,No,No,Yes,No,No,Month-To-Month,No,Bank transfer,91.67,6419.9,No,0,Loyal (49m+),1,91.71285714285713,0,0,0,91.71
CUST-02504,Female,No,No,Yes,22,Yes,Yes,Fiber optic,No,Yes,No,No,No,Yes,Month-To-Month,No,Electronic check,94.1,2071.14,No,0,Mid-term (13-24m),2,94.14272727272727,0,1,0,94.14
CUST-02506,Male,No,Yes,Yes,21,Yes,Yes,DSL,No,No,No,No,No,No,Month-To-Month,Yes,Electronic check,59.75,1258.56,Yes,0,Mid-term (13-24m),0,59.93142857142857,0,0,0,59.93
CUST-02507,Male,No,No,No,59,No,No phone service,DSL,Yes,Yes,Yes,No,No,No,One Year,No,Electronic check,61.89,3655.26,No,0,Loyal (49m+),3,61.953559322033904,0,0,0,61.95
CUST-02508,Female,No,No,Yes,26,Yes,Yes,Fiber optic,No,No,No,No,No,No,Two Year,No,Credit card,85.0,2212.65,No,0,Established (25-48m),0,85.10192307692309,0,0,0,85.1
CUST-02509,Female,No,Yes,Yes,55,Yes,No,No,No internet service,No internet service,No internet service,No internet service,No internet service,No internet service,Two Year,Yes,Bank transfer,28.89,1591.65,No,0,Loyal (49m+),0,28.93909090909091,0,0,0,28.94
CUST-02510,Female,No,No,Yes,1,Yes,No,No,No internet service,No internet service,No internet service,No internet service,No internet service,No internet service,Month-To-Month,Yes,Mailed check,31.11,25.83,No,0,New (0-12m),0,25.83,1,0,0,25.83
CUST-02511,Female,No,No,No,38,Yes,No,DSL,Yes,No,No,Yes,No,No,Two Year,Yes,Bank transfer,66.34,2529.46,No,0,Established (25-48m),2,66.56473684210526,0,0,0,66.56
CUST-02512,Male,No,Yes,Yes,50,Yes,Yes,Fiber optic,No,No,No,No,No,Yes,Month-To-Month,Yes,Electronic check,92.17,4618.34,No,0,Loyal (49m+),1,92.3668,0,1,0,92.37
CUST-02513,Female,No,No,Yes,18,Yes,No,Fiber optic,Yes,No,No,No,Yes,Yes,Month-To-Month,Yes,Bank transfer,96.23,1733.25,No,0,Mid-term (13-24m),3,96.29166666666667,0,1,0,96.29
CUST-02514,Female,No,No,Yes,61,Yes,Yes,Fiber optic,No,Yes,No,No,No,Yes,Two Year,No,Electronic check,92.75,5652.23,No,0,Loyal (49m+),2,92.6595081967213,0,1,0,92.66
CUST-02515,Male,No,No,No,70,Yes,Yes,DSL,No,No,No,No,No,No,Two Year,No,Credit card,61.65,4311.85,No,0,Loyal (49m+),0,61.59785714285715,0,0,0,61.6
CUST-02516,Female,No,Yes,Yes,66,Yes,No,Fiber optic,No,Yes,Yes,No,Yes,No,Month-To-Month,No,Mailed check,94.91,6268.85,No,0,Loyal (49m+),3,94.98257575757576,0,1,0,94.98
CUST-02517,Male,No,Yes,Yes,62,Yes,Yes,DSL,No,No,No,No,No,No,Month-To-Month,Yes,Credit card,58.23,3605.7,No,0,Loyal (49m+),0,58.156451612903226,0,0,0,58.16
CUST-02518,Female,No,No,No,4,Yes,No,Fiber optic,No,Yes,No,No,No,Yes,Month-To-Month,Yes,Mailed check,92.39,371.73,No,0,New (0-12m),2,92.9325,0,1,0,92.93
CUST-02519,Female,No,No,Yes,71,Yes,Yes,Fiber optic,No,Yes,Yes,Yes,No,Yes,One Year,No,Mailed check,105.75,7500.31,Yes,0,Loyal (49m+),4,105.63816901408451,0,1,0,105.64
CUST-02520,Male,Yes,Yes,No,60,Yes,Yes,Fiber optic,No,No,No,No,Yes,No,Two Year,No,Mailed check,91.96,5526.95,No,0,Loyal (49m+),1,92.11583333333333,0,1,0,92.12
CUST-02521,Male,No,Yes,Yes,70,No,No phone service,Fiber optic,No,Yes,Yes,No,Yes,No,Month-To-Month,No,Mailed check,83.39,5844.12,No,0,Loyal (49m+),3,83.48742857142857,0,1,0,83.49
CUST-02522,Female,No,No,No,6,Yes,No,No,No internet service,No internet service,No internet service,No internet service,No internet service,No internet service,Month-To-Month,Yes,Electronic check,31.38,194.71,No,0,New (0-12m),0,32.45166666666667,0,0,0,32.45
CUST-02523,Female,Yes,Yes,Yes,49,Yes,Yes,DSL,No,Yes,No,No,Yes,No,Month-To-Month,Yes,Credit card,70.48,3459.05,No,0,Loyal (49m+),2,70.59285714285714,0,1,0,70.59
CUST-02524,Female,No,No,Yes,45,Yes,No,Fiber optic,Yes,No,Yes,No,Yes,Yes,Month-To-Month,Yes,Mailed check,99.43,4464.36,No,0,Established (25-48m),4,99.208,0,1,0,99.21
CUST-02525,Male,Yes,No,No,71,Yes,No,No,No internet service,No internet service,No internet service,No internet service,No internet service,No internet service,Two Year,Yes,Mailed check,28.57,2019.83,Yes,0,Loyal (49m+),0,28.44830985915493,0,0,0,28.45
CUST-02526,M,No,Yes,Yes,13,Yes,Yes,DSL,No,No,No,No,Yes,Yes,Month-To-Month,No,Electronic check,69.2,901.38,No,0,Mid-term (13-24m),2,69.33692307692307,0,1,0,69.34
CUST-02527,Male,No,Yes,Yes,72,Yes,No,Fiber optic,No,No,No,Yes,No,Yes,Month-To-Month,Yes,Electronic check,90.17,6497.61,No,0,Loyal (49m+),2,90.24458333333332,0,1,0,90.24
CUST-02528,Male,No,No,No,68,Yes,No,DSL,No,Yes,No,Yes,No,No,Month-To-Month,No,Mailed check,66.17,4504.67,Yes,0,Loyal (49m+),2,66.24514705882353,0,0,0,66.25
CUST-02529,Female,No,No,Yes,64,Yes,Yes,Fiber optic,No,Yes,No,No,No,No,Month-To-Month,Yes,Credit card,89.68,5740.1,No,0,Loyal (49m+),1,89.6890625,0,0,0,89.69
CUST-02530,male,No,Yes,No,64,Yes,No,DSL,No,Yes,No,No,No,Yes,Month-To-Month,Yes,Mailed check,64.46,4125.86,No,0,Loyal (49m+),2,64.4665625,0,1,0,64.47
CUST-02531,Female,No,No,Yes,56,Yes,Yes,Fiber optic,No,No,Yes,No,No,No,Month-To-Month,No,Electronic check,87.54,4893.99,No,0,Loyal (49m+),1,87.39267857142856,0,0,0,87.39
CUST-02532,Female,No,Yes,No,61,Yes,No,Fiber optic,No,Yes,No,No,No,No,Month-To-Month,Yes,Electronic check,87.25,5330.82,No,0,Loyal (49m+),1,87.39049180327868,0,0,0,87.39
CUST-02533,Female,No,Yes,Yes,19,Yes,Yes,DSL,No,Yes,No,Yes,Yes,No,Month-To-Month,No,Electronic check,76.35,1446.91,Yes,0,Mid-term (13-24m),3,76.15315789473685,0,1,0,76.15
CUST-02534,Female,No,Yes,Yes,25,Yes,No,Fiber optic,Yes,No,Yes,No,No,Yes,Month-To-Month,No,Electronic check,97.48,2431.2,Yes,0,Established (25-48m),3,97.24799999999999,0,1,0,97.25
CUST-02535,Female,No,Yes,No,43,Yes,Yes,Fiber optic,Yes,No,Yes,No,No,Yes,Two Year,No,Credit card,102.1,4392.23,No,0,Established (25-48m),3,102.14488372093022,0,1,0,102.14
CUST-02536,Male,No,Yes,Yes,66,Yes,Yes,Fiber optic,No,Yes,Yes,No,Yes,Yes,Month-To-Month,Yes,Electronic check,106.22660000000005,7039.93,Yes,0,Loyal (49m+),4,106.66560606060607,0,1,0,106.67
CUST-02537,Male,No,No,No,69,Yes,Yes,DSL,No,Yes,Yes,No,No,Yes,Two Year,Yes,Credit card,72.79,5031.73,No,0,Loyal (49m+),3,72.92362318840578,0,1,0,72.92
CUST-02538,Female,Yes,Yes,No,61,Yes,No,Fiber optic,Yes,No,Yes,Yes,No,Yes,One Year,Yes,Credit card,100.58,6132.7,No,0,Loyal (49m+),4,100.53606557377049,0,1,0,100.54
CUST-02539,M,No,Yes,No,44,Yes,Yes,DSL,No,No,Yes,Yes,No,No,Two Year,No,Credit card,68.63,3015.63,No,0,Established (25-48m),2,68.53704545454546,0,0,0,68.54
CUST-02540,Male,Yes,Yes,Yes,10,Yes,Yes,DSL,No,No,No,No,Yes,Yes,Month-To-Month,Yes,Electronic check,71.91,712.13,Yes,0,New (0-12m),2,71.213,0,1,0,71.21
CUST-02541,Male,No,Yes,Yes,71,No,No phone service,Fiber optic,No,No,No,No,Yes,No,One Year,Yes,Bank transfer,76.6,5438.77,No,0,Loyal (49m+),1,76.60239436619719,0,1,0,76.6
CUST-02542,male,No,Yes,Yes,33,Yes,Yes,Fiber optic,No,Yes,No,No,No,Yes,Month-To-Month,Yes,Mailed check,93.35,3078.34,Yes,0,Established (25-48m),2,93.2830303030303,0,1,0,93.28
CUST-02543,Male,No,Yes,No,45,Yes,Yes,DSL,No,No,No,Yes,Yes,No,Two Year,Yes,Mailed check,71.43,3210.48,No,0,Established (25-48m),2,71.344,0,1,0,71.34
CUST-02544,male,No,Yes,No,31,Yes,Yes,DSL,No,No,No,Yes,No,Yes,One Year,No,Mailed check,72.43,2237.98,No,0,Established (25-48m),2,72.19290322580645,0,1,0,72.19
CUST-02545,Female,No,No,No,4,Yes,Yes,DSL,No,No,No,Yes,No,No,Month-To-Month,Yes,Bank transfer,64.29,253.67,No,0,New (0-12m),1,63.4175,0,0,0,63.42
CUST-02546,Male,No,No,No,62,Yes,No,Fiber optic,No,No,Yes,No,Yes,Yes,Month-To-Month,Yes,Credit card,94.33,5854.86,No,0,Loyal (49m+),3,94.4332258064516,0,1,0,94.43
CUST-02547,Female,No,No,No,28,Yes,No,Fiber optic,No,Yes,Yes,Yes,Yes,No,Month-To-Month,Yes,Bank transfer,97.63,2739.53,No,0,Established (25-48m),4,97.84035714285714,0,1,0,97.84
CUST-02548,Male,No,No,Yes,47,Yes,No,Fiber optic,No,No,No,No,Yes,No,Two Year,No,Bank transfer,86.14,4050.04,No,0,Established (25-48m),1,86.17106382978723,0,1,0,86.17
CUST-02549,Female,No,Yes,Yes,15,Yes,Yes,No,No internet service,No internet service,No internet service,No internet service,No internet service,No internet service,Two Year,No,Bank transfer,36.63,554.5,No,0,Mid-term (13-24m),0,36.96666666666667,0,0,0,36.97
CUST-02550,Male,No,No,Yes,24,Yes,No,No,No internet service,No internet service,No internet service,No internet service,No internet service,No internet service,Two Year,Yes,Bank transfer,27.73,667.77,No,0,Mid-term (13-24m),0,27.82375,0,0,0,27.82
CUST-02551,Female,No,Yes,Yes,71,Yes,Yes,No,No internet service,No internet service,No internet service,No internet service,No internet service,No internet service,Two Year,Yes,Electronic check,37.23,2635.64,No,0,Loyal (49m+),0,37.12169014084507,0,0,0,37.12
CUST-02552,Male,No,No,Yes,28,Yes,Yes,No,No internet service,No internet service,No internet service,No internet service,No internet service,No internet service,Month-To-Month,Yes,Electronic check,32.87,928.87,No,0,Established (25-48m),0,33.17392857142857,0,0,0,33.17
CUST-02553,Male,No,No,Yes,51,No,No phone service,No,No internet service,No internet service,No internet service,No internet service,No internet service,No internet service,Month-To-Month,Yes,Bank transfer,20.34,1037.35,No,0,Loyal (49m+),0,20.340196078431372,0,0,0,20.34
CUST-02554,Female,No,Yes,Yes,45,Yes,Yes,DSL,No,No,No,No,Yes,Yes,Month-To-Month,Yes,Electronic check,72.14,3251.11,No,0,Established (25-48m),2,72.24688888888889,0,1,0,72.25
CUST-02555,Male,No,Yes,Yes,24,Yes,Yes,DSL,Yes,No,Yes,No,Yes,No,One Year,Yes,Bank transfer,77.14,1858.86,No,0,Mid-term (13-24m),3,77.4525,0,1,0,77.45
CUST-02556,Female,No,No,No,22,Yes,No,No,No internet service,No internet service,No internet service,No internet service,No internet service,No internet service,Month-To-Month,No,Credit card,28.17,627.33,No,0,Mid-term (13-24m),0,28.515,0,0,0,28.52
CUST-02557,Female,No,No,Yes,33,Yes,No,DSL,No,No,No,No,Yes,Yes,One Year,No,Mailed check,67.36,2231.54,Yes,0,Established (25-48m),2,67.62242424242424,0,1,0,67.62
CUST-02558,Male,No,No,Yes,66,Yes,Yes,DSL,No,No,Yes,Yes,Yes,Yes,Month-To-Month,Yes,Credit card,78.85,5207.05,No,0,Loyal (49m+),4,78.89469696969697,0,1,0,78.89
CUST-02559,Female,No,No,No,33,Yes,Yes,DSL,No,No,Yes,No,Yes,Yes,One Year,Yes,Mailed check,74.21,2451.6,No,0,Established (25-48m),3,74.29090909090908,0,1,0,74.29
CUST-02560,Female,No,Yes,No,31,Yes,Yes,Fiber optic,No,No,Yes,No,Yes,No,Month-To-Month,Yes,Electronic check,95.88,2967.07,No,0,Established (25-48m),2,95.71193548387097,0,1,0,95.71
CUST-02561,Female,Yes,No,No,28,Yes,Yes,Fiber optic,Yes,No,No,No,No,No,Month-To-Month,Yes,Mailed check,88.06,2461.96,No,0,Established (25-48m),1,87.92714285714285,0,0,0,87.93
CUST-02562,male,Yes,No,No,8,Yes,No,DSL,No,Yes,No,No,Yes,Yes,Month-To-Month,Yes,Credit card,70.17,563.43,No,0,New (0-12m),3,70.42875,0,1,0,70.43
CUST-02563,Female,No,No,Yes,65,Yes,No,Fiber optic,No,No,Yes,No,No,Yes,Month-To-Month,No,Credit card,91.58,5947.71,Yes,0,Loyal (49m+),2,91.50323076923077,0,1,0,91.5
CUST-02564,Male,No,No,No,56,Yes,Yes,No,No internet service,No internet service,No internet service,No internet service,No internet service,No internet service,Two Year,Yes,Electronic check,34.98,1956.06,No,0,Loyal (49m+),0,34.92964285714286,0,0,0,34.93
CUST-02565,Female,No,No,No,38,No,No phone service,Fiber optic,Yes,No,Yes,No,No,Yes,Month-To-Month,No,Electronic check,82.81,3140.1,Yes,0,Established (25-48m),3,82.63421052631578,0,1,0,82.63
CUST-02566,Female,No,Yes,No,6,Yes,Yes,Fiber optic,No,No,No,No,No,Yes,Two Year,No,Electronic check,91.53,554.19,No,0,New (0-12m),1,92.36500000000001,0,1,0,92.36
CUST-02567,Female,No,Yes,No,68,Yes,No,DSL,No,No,No,Yes,Yes,No,Month-To-Month,No,Mailed check,63.7,4334.22,No,0,Loyal (49m+),2,63.73852941176471,0,1,0,63.74
CUST-02568,Female,No,Yes,Yes,7,No,No phone service,DSL,No,No,Yes,No,No,No,Month-To-Month,No,Mailed check,51.53,365.19,No,0,New (0-12m),1,52.17,0,0,0,52.17
CUST-02569,Female,Yes,Yes,No,17,Yes,Yes,Fiber optic,No,Yes,No,No,No,Yes,Month-To-Month,No,Bank transfer,97.19,1651.12,No,0,Mid-term (13-24m),2,97.12470588235294,0,1,0,97.12
CUST-02570,Male,No,Yes,No,48,Yes,No,No,No internet service,No internet service,No internet service,No internet service,No internet service,No internet service,Month-To-Month,Yes,Credit card,31.27,1505.68,No,0,Established (25-48m),0,31.368333333333336,0,0,0,31.37
CUST-02571,Female,No,No,No,15,Yes,Yes,No,No internet service,No internet service,No internet service,No internet service,No internet service,No internet service,Month-To-Month,No,Bank transfer,32.67,489.36,Yes,0,Mid-term (13-24m),0,32.624,0,0,0,32.62
CUST-02572,Male,No,Yes,No,20,No,No phone service,Fiber optic,No,Yes,Yes,No,No,Yes,Month-To-Month,Yes,Electronic check,85.8,1716.65,No,0,Mid-term (13-24m),3,85.83250000000001,0,1,0,85.83
CUST-02573,Male,No,Yes,Yes,9,Yes,No,Fiber optic,No,Yes,Yes,No,No,No,Two Year,No,Mailed check,88.86,792.29,Yes,0,New (0-12m),2,88.03222222222222,0,0,0,88.03
CUST-02574,Male,No,No,No,3,Yes,Yes,Fiber optic,No,No,No,Yes,Yes,No,Two Year,Yes,Credit card,93.49,271.2,No,0,New (0-12m),2,90.39999999999999,1,1,0,90.4
CUST-02575,Male,Yes,Yes,No,43,No,No phone service,DSL,No,Yes,Yes,No,No,Yes,Two Year,Yes,Bank transfer,61.3,2640.8,No,0,Established (25-48m),3,61.413953488372094,0,1,0,61.41
CUST-02576,Female,No,Yes,No,7,Yes,No,DSL,Yes,No,Yes,Yes,Yes,Yes,Two Year,Yes,Electronic check,78.95,560.46,No,0,New (0-12m),5,80.0657142857143,0,1,0,80.07
CUST-02577,Male,No,Yes,Yes,54,Yes,Yes,Fiber optic,No,Yes,No,No,No,Yes,Month-To-Month,Yes,Electronic check,93.22,5031.09,No,0,Loyal (49m+),2,93.16833333333334,0,1,0,93.17
CUST-02578,Male,No,Yes,No,18,Yes,No,Fiber optic,Yes,Yes,Yes,No,No,No,Month-To-Month,Yes,Bank transfer,93.35,1687.24,No,0,Mid-term (13-24m),3,93.73555555555555,0,0,0,93.74
CUST-02579,Female,No,No,No,63,Yes,No,No,No internet service,No internet service,No internet service,No internet service,No internet service,No internet service,Month-To-Month,No,Electronic check,30.89,1941.58,Yes,0,Loyal (49m+),0,30.81873015873016,0,0,0,30.82
CUST-02580,male,No,No,Yes,39,Yes,Yes,Fiber optic,Yes,Yes,No,Yes,Yes,No,Month-To-Month,Yes,Bank transfer,104.79,4091.45,No,0,Established (25-48m),4,104.90897435897435,0,1,0,104.91
CUST-02581,Female,No,Yes,No,50,Yes,Yes,No,No internet service,No internet service,No internet service,No internet service,No internet service,No internet service,Two Year,No,Mailed check,33.54,1678.64,No,0,Loyal (49m+),0,33.5728,0,0,0,33.57
CUST-02582,Male,No,No,Yes,8,Yes,No,DSL,No,No,No,No,Yes,Yes,Two Year,Yes,Electronic check,62.9,493.87,Yes,0,New (0-12m),2,61.73375,0,1,0,61.73
CUST-02583,Female,No,Yes,Yes,29,Yes,No,DSL,Yes,No,No,Yes,No,No,Two Year,Yes,Bank transfer,67.19,1943.34,No,0,Established (25-48m),2,67.01172413793103,0,0,0,67.01
CUST-02584,Female,No,No,No,55,Yes,Yes,No,No internet service,No internet service,No internet service,No internet service,No internet service,No internet service,Two Year,Yes,Electronic check,37.49,2064.53,No,0,Loyal (49m+),0,37.53690909090909,0,0,0,37.54
CUST-02585,Male,No,No,No,43,Yes,Yes,Fiber optic,Yes,No,No,No,No,No,Month-To-Month,Yes,Mailed check,89.47,3841.37,Yes,0,Established (25-48m),1,89.33418604651162,0,0,0,89.33
CUST-02586,Female,No,No,Yes,58,Yes,No,DSL,No,No,No,No,No,No,Month-To-Month,Yes,Electronic check,53.74,3118.72,No,0,Loyal (49m+),0,53.771034482758616,0,0,0,53.77
CUST-02587,Female,No,No,Yes,14,No,No phone service,Fiber optic,Yes,No,No,No,Yes,No,Month-To-Month,Yes,Bank transfer,77.71,1092.08,Yes,0,Mid-term (13-24m),2,78.00571428571428,0,1,0,78.01
CUST-02588,Female,No,No,No,67,Yes,Yes,No,No internet service,No internet service,No internet service,No internet service,No internet service,No internet service,Two Year,Yes,Bank transfer,34.04,2277.61,Yes,0,Loyal (49m+),0,33.99417910447762,0,0,0,33.99
CUST-02589,Female,No,No,No,69,Yes,No,Fiber optic,No,No,No,Yes,Yes,No,Month-To-Month,No,Electronic check,90.41,6242.12,No,0,Loyal (49m+),2,90.46550724637682,0,1,0,90.47
CUST-02590,Male,No,No,Yes,60,Yes,No,Fiber optic,No,No,No,No,Yes,Yes,One Year,Yes,Credit card,90.12,5410.06,No,0,Loyal (49m+),2,90.16766666666668,0,1,0,90.17
CUST-02591,Female,No,No,No,22,Yes,Yes,Fiber optic,Yes,No,Yes,No,Yes,Yes,Month-To-Month,No,Electronic check,104.56,2310.07,No,0,Mid-term (13-24m),4,105.00318181818183,0,1,0,105.0
CUST-02592,Female,No,No,Yes,46,Yes,No,Fiber optic,No,No,Yes,No,Yes,No,Month-To-Month,No,Mailed check,89.31,4110.55,Yes,0,Established (25-48m),2,89.35978260869565,0,1,0,89.36
CUST-02593,Male,No,No,Yes,16,Yes,No,No,No internet service,No internet service,No internet service,No internet service,No internet service,No internet service,Month-To-Month,No,Mailed check,32.39,513.75,No,0,Mid-term (13-24m),0,32.109375,0,0,0,32.11
CUST-02594,Female,No,No,Yes,56,Yes,Yes,Fiber optic,No,No,Yes,No,No,No,Two Year,No,Bank transfer,90.0,5034.94,Yes,0,Loyal (49m+),1,89.90964285714286,0,0,0,89.91
CUST-02595,Male,No,Yes,Yes,53,Yes,No,DSL,No,No,No,No,No,No,Month-To-Month,Yes,Electronic check,52.54,2787.81,No,0,Loyal (49m+),0,52.600188679245285,0,0,0,52.6
CUST-02596,Female,No,No,Yes,51,Yes,No,Fiber optic,Yes,No,No,No,No,No,Month-To-Month,No,Electronic check,86.0,4378.07,No,0,Loyal (49m+),1,85.84450980392157,0,0,0,85.84
CUST-02597,Male,No,Yes,Yes,21,No,No phone service,Fiber optic,No,No,No,No,Yes,No,Month-To-Month,Yes,Mailed check,75.42,1578.35,No,0,Mid-term (13-24m),1,75.1595238095238,0,1,0,75.16
CUST-02598,Male,No,No,No,38,Yes,Yes,DSL,No,Yes,No,No,No,No,Two Year,Yes,Electronic check,63.29,2395.2,No,0,Established (25-48m),1,63.031578947368416,0,0,0,63.03
CUST-02599,Male,No,Yes,Yes,12,Yes,Yes,DSL,No,Yes,No,Yes,Yes,Yes,Month-To-Month,No,Credit card,81.04,972.71,No,0,New (0-12m),4,81.05916666666667,0,1,0,81.06
CUST-02600,male,No,Yes,No,65,Yes,No,DSL,Yes,No,No,No,No,No,One Year,No,Electronic check,57.6,3749.71,Yes,0,Loyal (49m+),1,57.68784615384615,0,0,0,57.69
CUST-02601,male,No,Yes,No,51,Yes,No,DSL,Yes,No,Yes,Yes,No,Yes,Month-To-Month,No,Mailed check,76.13,3882.84,Yes,0,Loyal (49m+),4,76.13411764705883,0,1,0,76.13
CUST-02602,Male,No,No,No,13,Yes,No,Fiber optic,No,No,No,No,No,No,Month-To-Month,Yes,Mailed check,78.25,1012.96,No,0,Mid-term (13-24m),0,77.92,0,0,0,77.92
CUST-02603,Female,No,No,No,72,Yes,No,Fiber optic,No,No,No,No,No,No,Month-To-Month,Yes,Mailed check,82.42,5941.0,No,0,Loyal (49m+),0,82.51388888888889,0,0,0,82.51
CUST-02604,Male,No,No,No,62,Yes,Yes,DSL,Yes,No,No,No,No,No,Two Year,No,Bank transfer,65.06,4033.41,No,0,Loyal (49m+),1,65.05499999999999,0,0,0,65.05
CUST-02605,Male,No,No,No,70,Yes,Yes,Fiber optic,No,No,Yes,No,No,No,Two Year,No,Mailed check,87.55,6132.29,No,0,Loyal (49m+),1,87.60414285714286,0,0,0,87.6
CUST-02606,Male,No,Yes,No,27,Yes,Yes,Fiber optic,No,Yes,No,No,Yes,Yes,Month-To-Month,Yes,Electronic check,101.69,2755.36,No,0,Established (25-48m),3,102.05037037037037,0,1,0,102.05
CUST-02607,Female,No,No,No,45,Yes,No,DSL,No,Yes,No,No,No,No,Month-To-Month,Yes,Bank transfer,61.62,2779.17,No,0,Established (25-48m),1,61.75933333333334,0,0,0,61.76
CUST-02608,Male,No,No,Yes,27,Yes,Yes,Fiber optic,No,Yes,Yes,No,No,Yes,Two Year,No,Electronic check,101.32,2742.65,No,0,Established (25-48m),3,101.57962962962964,0,1,0,101.58
CUST-02609,Female,No,No,No,1,Yes,No,Fiber optic,No,No,No,No,No,Yes,One Year,No,Bank transfer,85.19,77.6,No,0,New (0-12m),1,77.6,1,1,0,77.6
CUST-02610,M,Yes,No,No,16,Yes,No,No,No internet service,No internet service,No internet service,No internet service,No internet service,No internet service,Month-To-Month,Yes,Credit card,28.59,458.25,No,0,Mid-term (13-24m),0,28.640625,0,0,0,28.64
CUST-02611,Female,Yes,No,No,58,Yes,No,DSL,No,No,No,Yes,No,No,Month-To-Month,No,Electronic check,60.7,3530.54,Yes,0,Loyal (49m+),1,60.87137931034483,0,0,0,60.87
CUST-02612,Female,Yes,No,Yes,51,Yes,Yes,Fiber optic,No,Yes,No,No,No,Yes,Month-To-Month,Yes,Mailed check,96.74,4930.21,Yes,0,Loyal (49m+),2,96.67078431372549,0,1,0,96.67
CUST-02613,Female,No,No,No,3,Yes,No,Fiber optic,Yes,No,No,Yes,No,Yes,One Year,No,Electronic check,94.97,275.75,No,0,New (0-12m),3,91.91666666666667,1,1,0,91.92
CUST-02614,Female,No,No,Yes,2,Yes,No,Fiber optic,Yes,Yes,No,Yes,Yes,No,Two Year,Yes,Credit card,97.84,186.36,No,0,New (0-12m),4,93.18,1,1,0,93.18
CUST-02615,Female,No,Yes,No,36,Yes,Yes,No,No internet service,No internet service,No internet service,No internet service,No internet service,No internet service,Two Year,Yes,Bank transfer,37.38,1355.25,No,0,Established (25-48m),0,37.645833333333336,0,0,0,37.65
CUST-02616,Female,No,Yes,No,23,Yes,Yes,Fiber optic,No,No,Yes,No,Yes,Yes,Month-To-Month,No,Electronic check,100.88,2318.92,No,0,Mid-term (13-24m),3,100.82260869565218,0,1,0,100.82
CUST-02617,Female,No,No,Yes,71,No,No phone service,Fiber optic,No,No,Yes,No,No,Yes,One Year,Yes,Mailed check,82.41,5846.81,No,0,Loyal (49m+),2,82.34943661971832,0,1,0,82.35
CUST-02618,Male,No,No,No,34,Yes,No,Fiber optic,No,Yes,No,No,No,No,Month-To-Month,No,Bank transfer,83.43,2836.9,Yes,0,Established (25-48m),1,83.43823529411765,0,0,0,83.44
CUST-02619,Male,No,No,Yes,1,Yes,No,No,No internet service,No internet service,No internet service,No internet service,No internet service,No internet service,One Year,No,Mailed check,28.52,30.72,Yes,0,New (0-12m),0,30.72,1,0,0,30.72
CUST-02620,Male,No,No,Yes,32,Yes,Yes,No,No internet service,No internet service,No internet service,No internet service,No internet service,No internet service,One Year,No,Electronic check,33.0,1063.62,No,0,Established (25-48m),0,33.238125,0,0,0,33.24
CUST-02621,Male,No,Yes,No,9,Yes,Yes,No,No internet service,No internet service,No internet service,No internet service,No internet service,No internet service,Month-To-Month,Yes,Mailed check,33.55,300.8,No,0,New (0-12m),0,33.422222222222224,0,0,0,33.42
CUST-02622,Male,Yes,Yes,No,61,Yes,Yes,DSL,No,Yes,No,Yes,Yes,Yes,Two Year,No,Bank transfer,78.04,4767.5,No,0,Loyal (49m+),4,78.15573770491804,0,1,0,78.16
CUST-02623,Female,No,No,Yes,42,Yes,Yes,Fiber optic,No,No,No,No,Yes,No,One Year,No,Electronic check,88.87,3727.74,No,0,Established (25-48m),1,88.75571428571428,0,1,0,88.76
CUST-02624,F,No,Yes,Yes,68,Yes,Yes,Fiber optic,No,Yes,No,No,Yes,Yes,Two Year,No,Electronic check,100.4,6828.17,No,0,Loyal (49m+),3,100.41426470588236,0,1,0,100.41
CUST-02625,Female,Yes,Yes,No,58,Yes,No,Fiber optic,No,Yes,No,No,No,No,Month-To-Month,Yes,Credit card,86.6,5028.43,No,0,Loyal (49m+),1,86.69706896551725,0,0,0,86.7
CUST-02626,Female,No,No,No,8,Yes,No,DSL,No,Yes,No,Yes,No,No,Month-To-Month,Yes,Electronic check,62.98,502.69,Yes,0,New (0-12m),2,62.83625,0,0,0,62.84
CUST-02627,Female,No,No,No,59,Yes,No,No,No internet service,No internet service,No internet service,No internet service,No internet service,No internet service,One Year,Yes,Mailed check,28.29,1664.66,No,0,Loyal (49m+),0,28.21457627118644,0,0,0,28.21
CUST-02628,Female,No,No,Yes,62,No,No phone service,Fiber optic,No,No,Yes,Yes,Yes,No,Two Year,Yes,Bank transfer,83.95,5211.08,No,0,Loyal (49m+),3,84.04967741935484,0,1,0,84.05
CUST-02629,Female,No,Yes,No,51,Yes,Yes,Fiber optic,Yes,No,Yes,No,Yes,No,Month-To-Month,No,Electronic check,99.22,5066.37,Yes,0,Loyal (49m+),3,99.34058823529412,0,1,0,99.34
CUST-02630,Male,Yes,Yes,No,22,Yes,Yes,Fiber optic,No,No,No,No,Yes,No,Month-To-Month,Yes,Bank transfer,91.95,2018.55,No,0,Mid-term (13-24m),1,91.75227272727273,0,1,0,91.75
CUST-02631,Male,No,No,No,29,No,No phone service,Fiber optic,Yes,Yes,No,Yes,Yes,Yes,Month-To-Month,No,Mailed check,93.63,2717.37,No,0,Established (25-48m),5,93.70241379310345,0,1,0,93.7
CUST-02632,Male,No,No,Yes,42,Yes,No,Fiber optic,Yes,Yes,No,No,Yes,No,Month-To-Month,Yes,Mailed check,93.14,3906.81,No,0,Established (25-48m),3,93.01928571428572,0,1,0,93.02
CUST-02633,Male,No,Yes,Yes,67,Yes,Yes,Fiber optic,No,No,No,No,No,No,Two Year,Yes,Mailed check,86.87,5828.22,No,0,Loyal (49m+),0,86.98835820895523,0,0,0,86.99
CUST-02634,Female,No,Yes,No,20,Yes,No,Fiber optic,No,Yes,No,No,No,No,One Year,Yes,Credit card,86.91,1729.7,No,0,Mid-term (13-24m),1,86.485,0,0,0,86.48
CUST-02635,Female,Yes,No,Yes,42,No,No phone service,DSL,No,Yes,Yes,No,No,No,Two Year,No,Bank transfer,56.43,2367.71,No,0,Established (25-48m),2,56.37404761904762,0,0,0,56.37
CUST-02636,Female,No,Yes,Yes,72,Yes,Yes,Fiber optic,No,No,Yes,Yes,Yes,Yes,Two Year,Yes,Electronic check,104.41,7520.52,No,0,Loyal (49m+),4,104.45166666666667,0,1,0,104.45
CUST-02637,male,No,No,Yes,6,Yes,No,DSL,No,Yes,Yes,Yes,No,Yes,Month-To-Month,Yes,Electronic check,77.06,469.56,Yes,0,New (0-12m),4,78.26,0,1,0,78.26
CUST-02638,M,No,No,Yes,15,Yes,Yes,DSL,No,No,No,No,No,No,One Year,No,Electronic check,59.7,901.41,Yes,0,Mid-term (13-24m),0,60.094,0,0,0,60.09
CUST-02639,Female,No,Yes,Yes,22,Yes,No,Fiber optic,No,Yes,No,Yes,Yes,No,One Year,Yes,Credit card,96.46,2125.8,No,0,Mid-term (13-24m),3,96.62727272727274,0,1,0,96.63
CUST-02640,Female,Yes,Yes,No,57,Yes,No,DSL,No,No,Yes,No,Yes,Yes,Two Year,No,Credit card,69.67,3979.71,Yes,0,Loyal (49m+),3,69.81947368421052,0,1,0,69.82
CUST-02641,Male,No,Yes,No,30,No,No phone service,No,No internet service,No internet service,No internet service,No internet service,No internet service,No internet service,Month-To-Month,No,Electronic check,19.91,587.79,No,0,Established (25-48m),0,19.593,0,0,0,19.59
CUST-02642,Female,No,No,Yes,68,Yes,Yes,Fiber optic,No,No,No,No,Yes,No,Month-To-Month,Yes,Mailed check,91.8,6251.99,Yes,0,Loyal (49m+),1,91.9410294117647,0,1,0,91.94
CUST-02643,Male,No,No,No,5,No,No phone service,Fiber optic,No,Yes,Yes,No,No,Yes,Month-To-Month,No,Electronic check,82.5,409.42,No,0,New (0-12m),3,81.884,0,1,0,81.88
CUST-02644,Male,No,No,Yes,64,Yes,Yes,DSL,Yes,Yes,Yes,Yes,Yes,Yes,One Year,No,Credit card,88.87,5692.65,No,0,Loyal (49m+),6,88.94765625,0,1,0,88.95
CUST-02645,Male,No,No,Yes,58,Yes,Yes,DSL,No,No,No,No,Yes,No,Month-To-Month,Yes,Electronic check,65.72,3807.34,Yes,0,Loyal (49m+),1,65.64379310344827,0,1,0,65.64
CUST-02646,Male,Yes,No,No,27,Yes,Yes,Fiber optic,No,No,Yes,No,Yes,No,One Year,Yes,Mailed check,97.11,2620.26,No,0,Established (25-48m),2,97.04666666666668,0,1,0,97.05
CUST-02647,Female,No,No,Yes,17,Yes,Yes,No,No internet service,No internet service,No internet service,No internet service,No internet service,No internet service,Two Year,No,Electronic check,32.56,561.04,No,0,Mid-term (13-24m),0,33.00235294117647,0,0,0,33.0
CUST-02648,Male,Yes,Yes,Yes,9,No,No phone service,DSL,No,No,Yes,No,No,Yes,Month-To-Month,No,Electronic check,54.82,492.34,Yes,0,New (0-12m),2,54.70444444444444,0,1,0,54.7
CUST-02649,Male,No,No,Yes,6,No,No phone service,Fiber optic,No,Yes,No,Yes,No,No,One Year,Yes,Electronic check,80.08,488.18,No,0,New (0-12m),2,81.36333333333333,0,0,0,81.36
CUST-02650,Female,No,No,No,36,Yes,No,DSL,No,No,No,No,No,Yes,Two Year,Yes,Mailed check,62.5,2250.98,No,0,Established (25-48m),1,62.52722222222222,0,1,0,62.53
CUST-02651,Female,No,No,No,44,Yes,No,Fiber optic,Yes,No,No,No,No,Yes,One Year,No,Mailed check,90.99,3998.84,No,0,Established (25-48m),2,90.88272727272728,0,1,0,90.88
CUST-02652,Male,No,No,Yes,15,Yes,Yes,Fiber optic,No,Yes,No,No,No,No,Month-To-Month,Yes,Electronic check,88.13,1321.68,No,0,Mid-term (13-24m),1,88.11200000000001,0,0,0,88.11
CUST-02653,Female,Yes,Yes,Yes,13,Yes,No,DSL,No,No,No,No,No,Yes,Month-To-Month,No,Electronic check,60.28,775.41,Yes,0,Mid-term (13-24m),1,59.64692307692307,0,1,0,59.65
CUST-02654,Male,No,No,Yes,10,Yes,Yes,Fiber optic,No,No,No,No,No,Yes,Month-To-Month,No,Mailed check,88.27,882.26,No,0,New (0-12m),1,88.226,0,1,0,88.23
CUST-02655,Male,No,Yes,Yes,33,Yes,No,No,No internet service,No internet service,No internet service,No internet service,No internet service,No internet service,Month-To-Month,Yes,Credit card,31.13,1033.04,No,0,Established (25-48m),0,31.304242424242425,0,0,0,31.3
CUST-02656,F,No,Yes,Yes,59,Yes,No,Fiber optic,Yes,Yes,No,No,No,No,One Year,Yes,Bank transfer,89.32,5261.26,No,0,Loyal (49m+),2,89.17389830508475,0,0,0,89.17
CUST-02657,Male,No,No,No,12,Yes,Yes,DSL,No,Yes,No,No,No,No,Two Year,No,Bank transfer,65.8,784.27,No,0,New (0-12m),1,65.35583333333334,0,0,0,65.36
CUST-02658,Female,No,No,No,38,Yes,Yes,DSL,Yes,No,No,Yes,No,Yes,One Year,Yes,Mailed check,76.97,2923.31,No,0,Established (25-48m),3,76.92921052631579,0,1,0,76.93
CUST-02659,Male,No,Yes,No,43,Yes,No,No,No internet service,No internet service,No internet service,No internet service,No internet service,No internet service,Month-To-Month,Yes,Bank transfer,31.46,1357.94,No,0,Established (25-48m),0,31.580000000000002,0,0,0,31.58
CUST-02660,Female,No,Yes,No,27,Yes,Yes,Fiber optic,Yes,No,Yes,No,Yes,Yes,Month-To-Month,No,Mailed check,106.22660000000005,2879.98,No,0,Established (25-48m),4,106.66592592592593,0,1,0,106.67
CUST-02661,Female,No,No,No,39,Yes,Yes,Fiber optic,No,Yes,No,No,No,No,Two Year,No,Electronic check,88.9,3474.85,No,0,Established (25-48m),1,89.09871794871795,0,0,0,89.1
CUST-02662,Female,No,Yes,Yes,15,Yes,No,DSL,Yes,Yes,No,No,Yes,No,Two Year,No,Mailed check,70.46,1049.81,No,0,Mid-term (13-24m),3,69.98733333333332,0,1,0,69.99
CUST-02663,Female,No,No,No,49,Yes,Yes,No,No internet service,No internet service,No internet service,No internet service,No internet service,No internet service,Month-To-Month,Yes,Electronic check,33.44,1631.67,No,0,Loyal (49m+),0,33.29938775510204,0,0,0,33.3
CUST-02664,Male,No,No,No,27,Yes,Yes,Fiber optic,No,No,No,No,Yes,Yes,Month-To-Month,No,Electronic check,93.61,2530.85,No,0,Established (25-48m),2,93.73518518518519,0,1,0,93.74
CUST-02665,Female,No,Yes,Yes,67,Yes,Yes,DSL,No,No,No,Yes,No,No,One Year,Yes,Electronic check,66.04,4418.28,No,0,Loyal (49m+),1,65.9444776119403,0,0,0,65.94
CUST-02666,Male,Yes,No,No,59,Yes,No,DSL,No,No,No,No,No,No,Month-To-Month,No,Electronic check,54.53,3215.55,No,0,Loyal (49m+),0,54.500847457627124,0,0,0,54.5
CUST-02667,male,No,No,Yes,11,Yes,Yes,No,No internet service,No internet service,No internet service,No internet service,No internet service,No internet service,Month-To-Month,No,Electronic check,36.94,407.13,No,0,New (0-12m),0,37.01181818181818,0,0,0,37.01
CUST-02668,Female,No,No,Yes,15,Yes,Yes,Fiber optic,No,No,No,No,Yes,No,Month-To-Month,No,Bank transfer,89.94,1344.24,No,0,Mid-term (13-24m),1,89.616,0,1,0,89.62
CUST-02669,Male,No,Yes,Yes,52,Yes,Yes,DSL,No,No,Yes,Yes,No,No,Month-To-Month,No,Mailed check,67.84,3531.51,Yes,0,Loyal (49m+),2,67.91365384615385,0,0,0,67.91
CUST-02670,Male,No,Yes,No,53,Yes,No,Fiber optic,No,Yes,No,Yes,No,No,Month-To-Month,Yes,Credit card,89.57,4754.37,No,0,Loyal (49m+),2,89.70509433962263,0,0,0,89.71
CUST-02671,Male,No,Yes,No,48,Yes,No,Fiber optic,No,No,Yes,Yes,No,No,Month-To-Month,No,Electronic check,88.17,4222.4,No,0,Established (25-48m),2,87.96666666666665,0,0,0,87.97
CUST-02672,Female,No,No,No,35,Yes,No,Fiber optic,No,No,No,No,No,Yes,Month-To-Month,No,Electronic check,87.47,3057.24,No,0,Established (25-48m),1,87.34971428571428,0,1,0,87.35
CUST-02673,Female,No,Yes,No,61,Yes,Yes,DSL,No,Yes,No,No,No,Yes,One Year,No,Credit card,67.62,4129.06,No,0,Loyal (49m+),2,67.68950819672132,0,1,0,67.69
CUST-02674,Male,No,Yes,No,25,Yes,No,Fiber optic,No,Yes,No,No,No,Yes,One Year,Yes,Mailed check,90.31,2253.26,No,0,Established (25-48m),2,90.13040000000001,0,1,0,90.13
CUST-02675,Male,No,Yes,Yes,55,Yes,Yes,DSL,Yes,No,No,Yes,Yes,Yes,Month-To-Month,No,Bank transfer,79.32,4363.06,Yes,0,Loyal (49m+),4,79.32836363636365,0,1,0,79.33
CUST-02676,Male,No,No,No,21,Yes,No,DSL,No,No,Yes,Yes,No,No,Two Year,Yes,Mailed check,65.53,1381.26,No,0,Mid-term (13-24m),2,65.77428571428571,0,0,0,65.77
CUST-02677,Male,Yes,No,Yes,72,Yes,No,DSL,No,No,No,Yes,No,No,Month-To-Month,No,Mailed check,60.2,4331.27,Yes,0,Loyal (49m+),1,60.15652777777778,0,0,0,60.16
CUST-02678,Female,No,Yes,Yes,68,Yes,Yes,DSL,No,No,No,Yes,Yes,No,Month-To-Month,Yes,Electronic check,72.09,4907.87,No,0,Loyal (49m+),2,72.17455882352941,0,1,0,72.17
CUST-02679,Male,No,Yes,Yes,48,Yes,Yes,DSL,No,Yes,No,No,No,Yes,Month-To-Month,No,Credit card,68.41,3290.0,No,0,Established (25-48m),2,68.54166666666667,0,1,0,68.54
CUST-02680,Male,Yes,Yes,No,1,Yes,Yes,No,No internet service,No internet service,No internet service,No internet service,No internet service,No internet service,One Year,No,Electronic check,33.1,42.92,No,0,New (0-12m),0,42.92,1,0,0,42.92
CUST-02681,Male,No,No,No,52,Yes,Yes,No,No internet service,No internet service,No internet service,No internet service,No internet service,No internet service,Month-To-Month,Yes,Electronic check,36.85,1914.85,No,0,Loyal (49m+),0,36.82403846153846,0,0,0,36.82
CUST-02682,Male,No,Yes,No,6,Yes,Yes,DSL,Yes,No,No,No,No,No,Month-To-Month,No,Bank transfer,67.16,402.48,No,0,New (0-12m),1,67.08,0,0,0,67.08
CUST-02683,Female,No,No,No,19,Yes,Yes,Fiber optic,Yes,Yes,No,No,No,Yes,One Year,Yes,Mailed check,99.28,1891.98,Yes,0,Mid-term (13-24m),3,99.57789473684211,0,1,0,99.58
CUST-02684,Male,Yes,No,No,29,Yes,Yes,Fiber optic,No,No,No,No,Yes,No,Month-To-Month,No,Credit card,92.28,2683.48,Yes,0,Established (25-48m),1,92.53379310344828,0,1,0,92.53
CUST-02685,Female,No,No,No,66,Yes,No,DSL,No,No,Yes,No,Yes,No,Two Year,No,Electronic check,64.21,4237.96,No,0,Loyal (49m+),2,64.21151515151516,0,1,0,64.21
CUST-02686,Male,Yes,Yes,No,58,Yes,No,DSL,No,Yes,Yes,No,No,No,Two Year,Yes,Bank transfer,65.42,3784.79,No,0,Loyal (49m+),2,65.255,0,0,0,65.26
CUST-02687,Male,No,Yes,No,65,Yes,No,Fiber optic,No,No,No,No,No,No,Two Year,Yes,Mailed check,80.83,5253.11,No,0,Loyal (49m+),0,80.81707692307691,0,0,0,80.82
CUST-02688,Female,No,No,No,2,No,No phone service,Fiber optic,No,Yes,Yes,No,Yes,Yes,Month-To-Month,No,Electronic check,92.47,179.44,Yes,0,New (0-12m),4,89.72,1,1,0,89.72
CUST-02689,Male,Yes,No,No,55,No,No phone service,Fiber optic,No,No,No,Yes,No,Yes,Month-To-Month,Yes,Bank transfer,78.35,4301.18,Yes,0,Loyal (49m+),2,78.20327272727273,0,1,0,78.2
CUST-02690,Female,No,No,Yes,16,Yes,Yes,Fiber optic,No,No,No,No,Yes,Yes,Two Year,No,Mailed check,93.97,1500.3,No,0,Mid-term (13-24m),2,93.76875,0,1,0,93.77
CUST-02691,Female,No,No,Yes,51,Yes,No,DSL,No,Yes,No,No,No,No,One Year,No,Mailed check,60.23,3069.57,Yes,0,Loyal (49m+),1,60.18764705882353,0,0,0,60.19
CUST-02692,Male,No,Yes,Yes,6,Yes,No,Fiber optic,No,No,No,No,Yes,No,One Year,Yes,Credit card,83.57,511.05,No,0,New (0-12m),1,85.175,0,1,0,85.18
CUST-02693,male,No,Yes,Yes,4,Yes,Yes,DSL,No,No,No,No,No,Yes,Month-To-Month,No,Mailed check,65.4,260.7,No,0,New (0-12m),1,65.175,0,1,0,65.18
CUST-02694,Female,Yes,No,No,53,Yes,No,DSL,No,No,Yes,No,No,No,Month-To-Month,Yes,Credit card,61.39,3263.02,Yes,0,Loyal (49m+),1,61.566415094339625,0,0,0,61.57
CUST-02695,Female,No,No,No,60,Yes,No,Fiber optic,Yes,No,Yes,No,No,No,Month-To-Month,Yes,Bank transfer,91.9,5518.65,No,0,Loyal (49m+),2,91.97749999999999,0,0,0,91.98
CUST-02696,Female,No,No,Yes,15,Yes,No,Fiber optic,Yes,No,Yes,Yes,No,Yes,Month-To-Month,Yes,Bank transfer,99.18,1482.76,No,0,Mid-term (13-24m),4,98.85066666666667,0,1,0,98.85
CUST-02697,Female,No,Yes,Yes,66,Yes,No,DSL,No,No,Yes,No,No,No,Month-To-Month,Yes,Credit card,58.36,3855.8,Yes,0,Loyal (49m+),1,58.42121212121212,0,0,0,58.42
CUST-02698,Female,No,No,Yes,58,Yes,No,DSL,Yes,No,No,Yes,No,Yes,Month-To-Month,No,Electronic check,70.93,4111.99,No,0,Loyal (49m+),3,70.89637931034483,0,1,0,70.9
CUST-02699,Female,No,Yes,No,46,Yes,Yes,Fiber optic,Yes,Yes,No,Yes,No,No,One Year,No,Credit card,100.93,4644.37,No,0,Established (25-48m),3,100.9645652173913,0,0,0,100.96
CUST-02700,Female,No,No,Yes,47,Yes,Yes,No,No internet service,No internet service,No internet service,No internet service,No internet service,No internet service,Month-To-Month,No,Mailed check,34.69,1630.82,No,0,Established (25-48m),0,34.698297872340426,0,0,0,34.7
CUST-02701,Male,No,Yes,Yes,63,Yes,No,No,No internet service,No internet service,No internet service,No internet service,No internet service,No internet service,Month-To-Month,No,Credit card,30.47,1928.25,No,0,Loyal (49m+),0,30.607142857142858,0,0,0,30.61
CUST-02702,Male,Yes,Yes,No,49,Yes,Yes,DSL,No,Yes,No,No,No,No,Month-To-Month,Yes,Mailed check,66.49,3250.6,No,0,Loyal (49m+),1,66.33877551020407,0,0,0,66.34
CUST-02703,Female,No,No,Yes,40,Yes,Yes,DSL,No,No,No,Yes,No,Yes,Month-To-Month,Yes,Credit card,71.17,2845.68,No,0,Established (25-48m),2,71.142,0,1,0,71.14
CUST-02704,Male,No,Yes,No,71,No,No phone service,No,No internet service,No internet service,No internet service,No internet service,No internet service,No internet service,Month-To-Month,No,Credit card,20.86,1472.68,No,0,Loyal (49m+),0,20.741971830985918,0,0,0,20.74
CUST-02705,Female,Yes,Yes,No,21,Yes,Yes,Fiber optic,Yes,Yes,No,No,No,Yes,Month-To-Month,No,Mailed check,100.81,2112.1,Yes,0,Mid-term (13-24m),3,100.57619047619048,0,1,0,100.58
CUST-02706,Female,No,Yes,Yes,53,Yes,Yes,DSL,No,No,No,No,Yes,Yes,Month-To-Month,Yes,Mailed check,71.12,3760.9,No,0,Loyal (49m+),2,70.96037735849056,0,1,0,70.96
CUST-02707,Male,No,Yes,Yes,4,Yes,Yes,Fiber optic,No,No,No,Yes,No,No,Month-To-Month,No,Bank transfer,90.54,370.93,No,0,New (0-12m),1,92.7325,0,0,0,92.73
CUST-02708,Female,No,No,Yes,16,Yes,No,DSL,No,Yes,Yes,Yes,No,Yes,Month-To-Month,Yes,Electronic check,72.92,1163.02,No,0,Mid-term (13-24m),4,72.68875,0,1,0,72.69
CUST-02709,Female,Yes,No,No,40,No,No phone service,Fiber optic,Yes,No,No,Yes,No,No,One Year,Yes,Electronic check,80.41,3222.03,No,0,Established (25-48m),2,80.55075000000001,0,0,0,80.55
CUST-02710,Female,No,No,No,34,Yes,No,DSL,Yes,No,No,No,No,No,Month-To-Month,No,Mailed check,61.95,2111.27,No,0,Established (25-48m),1,62.09617647058823,0,0,0,62.1
CUST-02711,Female,Yes,No,No,39,Yes,No,No,No internet service,No internet service,No internet service,No internet service,No internet service,No internet service,One Year,Yes,Mailed check,27.69,1072.72,No,0,Established (25-48m),0,27.505641025641026,0,0,0,27.51
CUST-02712,Male,No,No,Yes,21,Yes,No,Fiber optic,No,No,Yes,Yes,No,No,Month-To-Month,Yes,Electronic check,89.5,1872.32,No,0,Mid-term (13-24m),2,89.15809523809523,0,0,0,89.16
CUST-02713,Female,No,Yes,Yes,47,Yes,No,Fiber optic,Yes,No,No,No,No,Yes,Month-To-Month,No,Mailed check,89.46,4202.18,No,0,Established (25-48m),2,89.40808510638298,0,1,0,89.41
CUST-02714,Female,No,Yes,Yes,52,Yes,No,Fiber optic,No,No,No,No,Yes,No,One Year,No,Electronic check,83.77,4357.41,Yes,0,Loyal (49m+),1,83.79634615384614,0,1,0,83.8
CUST-02715,Female,No,Yes,Yes,9,Yes,Yes,Fiber optic,No,No,No,No,Yes,No,Two Year,No,Electronic check,90.37,811.86,No,0,New (0-12m),1,90.20666666666666,0,1,0,90.21
CUST-02716,Male,No,Yes,Yes,17,Yes,No,No,No internet service,No internet service,No internet service,No internet service,No internet service,No internet service,Two Year,Yes,Electronic check,28.35,487.31,No,0,Mid-term (13-24m),0,28.665294117647058,0,0,0,28.67
CUST-02717,Female,No,No,Yes,48,Yes,Yes,DSL,No,No,Yes,No,Yes,Yes,Month-To-Month,Yes,Electronic check,77.08,3700.56,No,0,Established (25-48m),3,77.095,0,1,0,77.1
CUST-02718,Male,No,No,No,70,Yes,No,Fiber optic,Yes,Yes,No,No,No,Yes,One Year,Yes,Electronic check,93.28,6537.24,No,0,Loyal (49m+),3,93.38914285714286,0,1,0,93.39
CUST-02719,Male,No,Yes,No,29,Yes,No,DSL,Yes,No,No,No,No,No,Two Year,No,Mailed check,62.33,1809.42,No,0,Established (25-48m),1,62.39379310344828,0,0,0,62.39
CUST-02720,Female,No,No,No,18,Yes,No,Fiber optic,No,Yes,Yes,Yes,Yes,Yes,Two Year,No,Electronic check,102.56,1847.93,No,0,Mid-term (13-24m),5,102.66277777777778,0,1,0,102.66
CUST-02721,Female,No,Yes,Yes,54,Yes,No,Fiber optic,No,No,No,Yes,No,No,Month-To-Month,No,Credit card,84.94,4589.95,No,0,Loyal (49m+),1,84.99907407407407,0,0,0,85.0
CUST-02722,Male,No,Yes,No,59,No,No phone service,DSL,No,Yes,Yes,No,Yes,Yes,Month-To-Month,No,Mailed check,62.68,3700.18,Yes,0,Loyal (49m+),4,62.71491525423728,0,1,0,62.71
CUST-02723,Female,No,No,No,71,Yes,No,Fiber optic,No,No,Yes,No,Yes,Yes,Month-To-Month,Yes,Electronic check,96.89,6881.43,No,0,Loyal (49m+),3,96.92154929577465,0,1,0,96.92
CUST-02724,Male,No,No,No,20,Yes,Yes,Fiber optic,No,No,No,No,No,Yes,Month-To-Month,Yes,Electronic check,91.49,1828.79,No,0,Mid-term (13-24m),1,91.4395,0,1,0,91.44
CUST-02725,Male,No,No,Yes,25,Yes,Yes,DSL,No,Yes,No,No,Yes,Yes,One Year,Yes,Bank transfer,73.63,1832.56,No,0,Established (25-48m),3,73.30239999999999,0,1,0,73.3
CUST-02726,Female,No,No,Yes,27,Yes,Yes,DSL,No,No,No,Yes,No,No,Two Year,No,Electronic check,63.19,1703.51,Yes,0,Established (25-48m),1,63.092962962962964,0,0,0,63.09
CUST-02727,Female,No,No,No,38,Yes,No,DSL,Yes,No,No,No,No,No,Two Year,Yes,Credit card,58.56,2230.65,No,0,Established (25-48m),1,58.70131578947369,0,0,0,58.7
CUST-02728,Male,Yes,No,Yes,32,No,No phone service,Fiber optic,Yes,Yes,No,No,No,Yes,Month-To-Month,Yes,Mailed check,82.89,2643.24,No,0,Established (25-48m),3,82.60125,0,1,0,82.6
CUST-02729,Male,No,No,Yes,39,Yes,Yes,Fiber optic,No,No,Yes,No,Yes,No,One Year,Yes,Mailed check,93.68,3657.33,Yes,0,Established (25-48m),2,93.7776923076923,0,1,0,93.78
CUST-02730,Male,No,Yes,Yes,28,Yes,No,No,No internet service,No internet service,No internet service,No internet service,No internet service,No internet service,Month-To-Month,No,Credit card,27.84,789.14,Yes,0,Established (25-48m),0,28.18357142857143,0,0,0,28.18
CUST-02731,Male,No,No,Yes,19,Yes,No,DSL,No,No,Yes,No,Yes,No,One Year,No,Mailed check,66.76,1267.16,No,0,Mid-term (13-24m),2,66.69263157894737,0,1,0,66.69
CUST-02732,Female,No,Yes,No,19,Yes,No,Fiber optic,No,No,No,No,Yes,No,One Year,No,Credit card,86.77,1642.88,No,0,Mid-term (13-24m),1,86.46736842105264,0,1,0,86.47
CUST-02733,F,No,Yes,Yes,11,Yes,Yes,Fiber optic,No,Yes,No,No,Yes,Yes,Month-To-Month,No,Credit card,100.24,1093.1,No,0,New (0-12m),3,99.37272727272726,0,1,0,99.37
CUST-02734,Female,No,No,No,24,Yes,Yes,Fiber optic,No,No,No,No,No,No,Month-To-Month,No,Credit card,87.1,2097.5,Yes,0,Mid-term (13-24m),0,87.39583333333333,0,0,0,87.4
CUST-02735,Female,No,Yes,No,24,Yes,Yes,Fiber optic,No,Yes,Yes,No,Yes,No,Month-To-Month,Yes,Credit card,99.25,2374.95,No,0,Mid-term (13-24m),3,98.95625,0,1,0,98.96
CUST-02736,Female,No,No,Yes,3,Yes,Yes,DSL,No,No,No,No,No,Yes,Month-To-Month,Yes,Electronic check,63.39,181.03,No,0,New (0-12m),1,60.343333333333334,1,1,0,60.34
CUST-02737,Male,No,Yes,No,3,Yes,Yes,DSL,No,Yes,No,Yes,Yes,No,Two Year,No,Electronic check,74.02,221.77,No,0,New (0-12m),3,73.92333333333333,1,1,0,73.92
CUST-02738,Female,No,Yes,Yes,8,Yes,No,No,No internet service,No internet service,No internet service,No internet service,No internet service,No internet service,Month-To-Month,Yes,Mailed check,28.12,222.59,No,0,New (0-12m),0,27.82375,0,0,0,27.82
CUST-02739,Female,No,Yes,No,14,Yes,Yes,DSL,No,No,Yes,No,No,No,Month-To-Month,Yes,Credit card,66.61,941.74,No,0,Mid-term (13-24m),1,67.26714285714286,0,0,0,67.27
CUST-02740,Female,No,No,No,25,Yes,Yes,Fiber optic,Yes,Yes,Yes,No,No,No,Month-To-Month,Yes,Mailed check,101.3,2531.75,No,0,Established (25-48m),3,101.27,0,0,0,101.27
CUST-02741,Female,Yes,Yes,No,70,Yes,Yes,DSL,Yes,Yes,No,No,Yes,No,Month-To-Month,Yes,Electronic check,73.45,5148.21,Yes,0,Loyal (49m+),3,73.54585714285714,0,1,0,73.55
CUST-02742,Female,No,Yes,No,31,Yes,Yes,Fiber optic,No,No,No,No,Yes,Yes,Month-To-Month,Yes,Bank transfer,95.23,2960.77,No,0,Established (25-48m),2,95.50870967741936,0,1,0,95.51
CUST-02743,Male,No,Yes,No,51,Yes,No,Fiber optic,Yes,No,No,No,No,Yes,Month-To-Month,Yes,Mailed check,88.9,4527.58,No,0,Loyal (49m+),2,88.77607843137255,0,1,0,88.78
CUST-02744,Male,Yes,No,No,31,Yes,No,DSL,Yes,No,No,Yes,No,No,One Year,No,Bank transfer,63.16,1954.89,No,0,Established (25-48m),2,63.060967741935485,0,0,0,63.06
CUST-02745,Male,No,Yes,No,8,Yes,Yes,DSL,Yes,No,Yes,No,No,Yes,Month-To-Month,No,Credit card,73.73,598.31,Yes,0,New (0-12m),3,74.78875,0,1,0,74.79
CUST-02746,Female,No,No,Yes,12,Yes,No,DSL,No,No,No,No,Yes,Yes,Month-To-Month,Yes,Mailed check,65.5,787.12,No,0,New (0-12m),2,65.59333333333333,0,1,0,65.59
CUST-02747,Male,No,Yes,No,55,Yes,Yes,Fiber optic,Yes,No,Yes,Yes,No,Yes,One Year,No,Bank transfer,105.75,5812.7,No,0,Loyal (49m+),4,105.68545454545455,0,1,0,105.69
CUST-02748,Male,Yes,Yes,No,43,Yes,Yes,Fiber optic,Yes,No,No,No,No,Yes,Month-To-Month,No,Bank transfer,93.43,4017.9,No,0,Established (25-48m),2,93.43953488372094,0,1,0,93.44
CUST-02749,Female,No,Yes,No,29,Yes,Yes,No,No internet service,No internet service,No internet service,No internet service,No internet service,No internet service,Two Year,No,Bank transfer,36.37,1059.35,Yes,0,Established (25-48m),0,36.529310344827586,0,0,0,36.53
CUST-02750,Female,No,No,No,15,Yes,No,DSL,No,No,Yes,No,Yes,No,One Year,Yes,Electronic check,65.37,982.92,No,0,Mid-term (13-24m),2,65.52799999999999,0,1,0,65.53
CUST-02751,Female,No,Yes,Yes,11,Yes,No,DSL,No,Yes,No,No,No,No,Month-To-Month,Yes,Mailed check,59.65,664.82,No,0,New (0-12m),1,60.438181818181825,0,0,0,60.44
CUST-02752,male,Yes,Yes,No,65,Yes,Yes,DSL,No,Yes,No,Yes,No,No,Month-To-Month,No,Electronic check,70.73,4606.71,No,0,Loyal (49m+),2,70.87246153846154,0,0,0,70.87
CUST-02753,Male,No,Yes,No,17,Yes,Yes,DSL,No,Yes,No,Yes,No,No,Two Year,No,Bank transfer,69.17,1180.12,No,0,Mid-term (13-24m),2,69.41882352941175,0,0,0,69.42
CUST-02754,Female,No,Yes,No,12,Yes,Yes,Fiber optic,No,No,No,No,Yes,No,One Year,Yes,Mailed check,88.82,1069.11,No,0,New (0-12m),1,89.09249999999999,0,1,0,89.09
CUST-02755,male,Yes,No,Yes,23,Yes,No,No,No internet service,No internet service,No internet service,No internet service,No internet service,No internet service,Month-To-Month,Yes,Electronic check,32.13,729.26,No,0,Mid-term (13-24m),0,31.70695652173913,0,0,0,31.71
CUST-02756,Male,No,Yes,No,11,Yes,Yes,DSL,No,Yes,Yes,No,No,No,Month-To-Month,No,Mailed check,72.0,797.67,No,0,New (0-12m),2,72.51545454545455,0,0,0,72.52
CUST-02757,male,No,Yes,No,59,Yes,Yes,DSL,Yes,No,No,No,No,Yes,Month-To-Month,Yes,Mailed check,69.88,4122.91,No,0,Loyal (49m+),2,69.87983050847457,0,1,0,69.88
CUST-02758,Female,No,Yes,No,59,No,No phone service,Fiber optic,No,No,Yes,No,No,No,Two Year,Yes,Electronic check,75.52,4463.17,No,0,Loyal (49m+),1,75.64694915254238,0,0,0,75.65
CUST-02759,Female,No,Yes,No,0,Yes,Yes,No,No internet service,No internet service,No internet service,No internet service,No internet service,No internet service,Two Year,Yes,Electronic check,35.78,0.0,No,0,New (0-12m),0,35.78,1,0,0,35.78
CUST-02760,F,Yes,No,No,42,No,No phone service,Fiber optic,No,Yes,No,Yes,No,No,One Year,Yes,Bank transfer,80.78,3390.14,No,0,Established (25-48m),2,80.71761904761904,0,0,0,80.72
CUST-02761,Female,No,Yes,No,54,Yes,Yes,No,No internet service,No internet service,No internet service,No internet service,No internet service,No internet service,Month-To-Month,Yes,Bank transfer,35.14,1905.67,No,0,Loyal (49m+),0,35.29018518518519,0,0,0,35.29
CUST-02762,Male,No,Yes,Yes,39,No,No phone service,Fiber optic,Yes,No,No,Yes,No,Yes,Month-To-Month,Yes,Mailed check,84.06,3281.53,No,0,Established (25-48m),3,84.14179487179487,0,1,0,84.14
CUST-02763,Male,No,No,Yes,63,Yes,Yes,Fiber optic,No,Yes,Yes,Yes,No,Yes,One Year,Yes,Bank transfer,106.22660000000005,6736.41,No,0,Loyal (49m+),4,106.92714285714285,0,1,0,106.93
CUST-02764,Male,No,Yes,No,33,Yes,Yes,DSL,Yes,No,No,No,No,No,Two Year,Yes,Mailed check,65.31,2146.25,No,0,Established (25-48m),1,65.03787878787878,0,0,0,65.04
CUST-02765,Male,Yes,Yes,No,33,Yes,No,No,No internet service,No internet service,No internet service,No internet service,No internet service,No internet service,Month-To-Month,Yes,Credit card,32.04,1062.16,No,0,Established (25-48m),0,32.18666666666667,0,0,0,32.19
CUST-02766,Female,No,Yes,No,47,Yes,Yes,Fiber optic,Yes,No,No,Yes,Yes,Yes,Month-To-Month,Yes,Electronic check,106.22660000000005,5019.94,Yes,0,Established (25-48m),4,106.80723404255318,0,1,0,106.81
CUST-02767,Female,No,No,Yes,32,No,No phone service,Fiber optic,Yes,No,No,Yes,No,No,Month-To-Month,Yes,Credit card,80.75,2585.65,Yes,0,Established (25-48m),2,80.8015625,0,0,0,80.8
CUST-02768,Male,No,Yes,No,67,Yes,Yes,Fiber optic,No,Yes,Yes,No,No,No,Month-To-Month,Yes,Mailed check,96.05,6433.41,No,0,Loyal (49m+),2,96.0210447761194,0,0,0,96.02
CUST-02769,Male,Yes,No,Yes,29,Yes,No,DSL,No,No,No,No,No,No,One Year,Yes,Mailed check,57.06,1653.77,Yes,0,Established (25-48m),0,57.02655172413793,0,0,0,57.03
CUST-02770,Male,No,No,Yes,70,Yes,Yes,DSL,No,Yes,No,No,No,No,Two Year,Yes,Bank transfer,65.66,4600.36,No,0,Loyal (49m+),1,65.71942857142857,0,0,0,65.72
CUST-02771,Male,No,No,No,70,Yes,No,DSL,Yes,No,Yes,No,No,No,Month-To-Month,Yes,Electronic check,64.84,4532.77,No,0,Loyal (49m+),2,64.75385714285714,0,0,0,64.75
CUST-02772,Male,No,No,Yes,28,Yes,No,No,No internet service,No internet service,No internet service,No internet service,No internet service,No internet service,Month-To-Month,No,Bank transfer,29.71,825.97,No,0,Established (25-48m),0,29.49892857142857,0,0,0,29.5
CUST-02773,Female,No,No,No,22,Yes,Yes,Fiber optic,No,No,No,Yes,No,Yes,Month-To-Month,Yes,Electronic check,97.4,2139.74,No,0,Mid-term (13-24m),2,97.26090909090908,0,1,0,97.26
CUST-02774,Female,No,No,Yes,33,Yes,Yes,Fiber optic,No,Yes,Yes,No,Yes,No,Two Year,No,Mailed check,101.26,3332.18,No,0,Established (25-48m),3,100.97515151515151,0,1,0,100.98
CUST-02775,Female,No,No,No,14,Yes,No,Fiber optic,No,No,No,Yes,No,No,Month-To-Month,Yes,Bank transfer,85.86,1205.42,Yes,0,Mid-term (13-24m),1,86.10142857142857,0,0,0,86.1
CUST-02776,male,No,Yes,No,52,No,No phone service,Fiber optic,No,No,No,No,No,No,Month-To-Month,No,Mailed check,67.98,3533.92,Yes,0,Loyal (49m+),0,67.96000000000001,0,0,0,67.96
CUST-02777,Male,No,Yes,Yes,16,Yes,No,DSL,No,No,No,No,No,No,Month-To-Month,Yes,Electronic check,55.44,894.91,No,0,Mid-term (13-24m),0,55.931875,0,0,0,55.93
CUST-02778,Male,No,No,Yes,63,Yes,Yes,DSL,No,No,No,No,Yes,No,Month-To-Month,No,Credit card,63.44,3999.66,No,0,Loyal (49m+),1,63.486666666666665,0,1,0,63.49
CUST-02779,Male,Yes,No,Yes,60,Yes,No,No,No internet service,No internet service,No internet service,No internet service,No internet service,No internet service,Two Year,Yes,Credit card,29.45,1771.09,No,0,Loyal (49m+),0,29.518166666666666,0,0,0,29.52
CUST-02780,Male,No,No,No,56,Yes,No,DSL,No,Yes,No,Yes,No,Yes,Month-To-Month,No,Bank transfer,70.29,3939.68,Yes,0,Loyal (49m+),3,70.35142857142857,0,1,0,70.35
CUST-02781,Male,Yes,No,Yes,36,Yes,No,Fiber optic,Yes,No,No,No,No,No,Month-To-Month,Yes,Credit card,82.54,2969.8,No,0,Established (25-48m),1,82.49444444444445,0,0,0,82.49
CUST-02782,Female,No,No,Yes,6,Yes,Yes,Fiber optic,Yes,Yes,No,No,Yes,No,One Year,No,Credit card,101.81,619.51,Yes,0,New (0-12m),3,103.25166666666667,0,1,0,103.25
CUST-02783,Male,No,No,No,7,Yes,Yes,Fiber optic,No,No,No,No,No,No,Month-To-Month,Yes,Bank transfer,84.69,601.12,No,0,New (0-12m),0,85.87428571428572,0,0,0,85.87
CUST-02784,Female,Yes,Yes,No,67,Yes,Yes,No,No internet service,No internet service,No internet service,No internet service,No internet service,No internet service,Month-To-Month,No,Credit card,35.61,2385.52,Yes,0,Loyal (49m+),0,35.604776119402985,0,0,0,35.6
CUST-02785,Female,No,Yes,Yes,20,Yes,No,DSL,Yes,Yes,No,No,No,Yes,Two Year,No,Mailed check,68.51,1375.79,No,0,Mid-term (13-24m),3,68.7895,0,1,0,68.79
CUST-02786,Female,No,No,No,60,No,No phone service,Fiber optic,Yes,No,No,No,No,No,One Year,No,Bank transfer,76.01,4570.3,No,0,Loyal (49m+),1,76.17166666666667,0,0,0,76.17
CUST-02787,Female,Yes,No,Yes,28,Yes,Yes,Fiber optic,No,No,Yes,No,No,Yes,One Year,No,Electronic check,94.05,2630.02,No,0,Established (25-48m),2,93.92928571428571,0,1,0,93.93
CUST-02788,Male,No,No,No,24,Yes,Yes,No,No internet service,No internet service,No internet service,No internet service,No internet service,No internet service,One Year,Yes,Bank transfer,35.08,844.42,No,0,Mid-term (13-24m),0,35.18416666666666,0,0,0,35.18
CUST-02789,Female,No,Yes,No,57,Yes,Yes,No,No internet service,No internet service,No internet service,No internet service,No internet service,No internet service,Two Year,Yes,Credit card,34.12,1946.23,No,0,Loyal (49m+),0,34.14438596491228,0,0,0,34.14
CUST-02790,Female,No,No,Yes,13,Yes,Yes,DSL,No,No,Yes,No,Yes,Yes,Month-To-Month,Yes,Mailed check,75.72,985.18,Yes,0,Mid-term (13-24m),3,75.78307692307692,0,1,0,75.78
CUST-02791,Female,No,Yes,No,65,No,No phone service,DSL,Yes,Yes,No,No,Yes,No,Month-To-Month,Yes,Bank transfer,61.75,4022.41,No,0,Loyal (49m+),3,61.883230769230764,0,1,0,61.88
CUST-02792,Male,No,Yes,Yes,53,Yes,Yes,No,No internet service,No internet service,No internet service,No internet service,No internet service,No internet service,Month-To-Month,Yes,Credit card,35.71,1885.16,No,0,Loyal (49m+),0,35.56905660377359,0,0,0,35.57
CUST-02793,Male,No,Yes,Yes,66,No,No phone service,DSL,No,No,No,No,No,Yes,Month-To-Month,Yes,Credit card,48.39,3194.07,No,0,Loyal (49m+),1,48.395,0,1,0,48.4
CUST-02794,Male,No,No,No,29,No,No phone service,Fiber optic,No,Yes,No,No,Yes,Yes,Month-To-Month,No,Electronic check,83.75,2419.27,No,0,Established (25-48m),3,83.42310344827587,0,1,0,83.42
CUST-02795,Female,No,No,Yes,17,Yes,No,Fiber optic,No,Yes,Yes,No,Yes,Yes,Month-To-Month,Yes,Credit card,100.11,1698.03,Yes,0,Mid-term (13-24m),4,99.88411764705882,0,1,0,99.88
CUST-02796,Female,No,Yes,Yes,53,Yes,Yes,Fiber optic,Yes,No,Yes,Yes,Yes,No,Two Year,Yes,Electronic check,103.86,5508.08,No,0,Loyal (49m+),4,103.92603773584905,0,1,0,103.93
CUST-02797,Male,No,Yes,No,20,Yes,Yes,Fiber optic,Yes,No,Yes,No,No,No,Month-To-Month,Yes,Bank transfer,93.48,1875.21,No,0,Mid-term (13-24m),2,93.76050000000001,0,0,0,93.76
CUST-02798,Female,No,Yes,Yes,52,Yes,Yes,Fiber optic,No,No,No,Yes,No,No,Month-To-Month,No,Electronic check,87.73,4569.05,No,0,Loyal (49m+),1,87.86634615384615,0,0,0,87.87
CUST-02799,Male,No,Yes,Yes,15,Yes,Yes,Fiber optic,No,No,No,Yes,No,Yes,Month-To-Month,Yes,Electronic check,93.02,1386.83,No,0,Mid-term (13-24m),2,92.45533333333333,0,1,0,92.46
CUST-02800,Male,No,No,No,27,No,No phone service,Fiber optic,Yes,No,No,No,No,No,Two Year,Yes,Electronic check,75.32,2027.33,No,0,Established (25-48m),1,75.0862962962963,0,0,0,75.09
CUST-02801,Female,No,Yes,No,3,Yes,Yes,No,No internet service,No internet service,No internet service,No internet service,No internet service,No internet service,Month-To-Month,No,Mailed check,33.47,98.44,No,0,New (0-12m),0,32.81333333333333,1,0,0,32.81
CUST-02802,Female,No,No,Yes,54,Yes,Yes,Fiber optic,No,No,No,No,No,Yes,One Year,Yes,Bank transfer,89.99,4857.08,No,0,Loyal (49m+),1,89.94592592592592,0,1,0,89.95
CUST-02803,Female,No,Yes,No,14,Yes,Yes,DSL,No,No,Yes,No,Yes,No,Two Year,No,Electronic check,70.71,985.02,Yes,0,Mid-term (13-24m),2,70.35857142857142,0,1,0,70.36
CUST-02804,Female,Yes,No,No,63,Yes,Yes,DSL,Yes,No,No,No,No,Yes,Month-To-Month,No,Credit card,68.75,4339.98,No,0,Loyal (49m+),2,68.88857142857142,0,1,0,68.89
CUST-02805,Male,No,Yes,No,64,Yes,No,No,No internet service,No internet service,No internet service,No internet service,No internet service,No internet service,Two Year,Yes,Credit card,32.25,2064.68,No,0,Loyal (49m+),0,32.260625,0,0,0,32.26
CUST-02806,Male,No,No,Yes,15,Yes,Yes,DSL,No,No,No,No,No,Yes,Month-To-Month,No,Bank transfer,63.78,959.84,Yes,0,Mid-term (13-24m),1,63.989333333333335,0,1,0,63.99
CUST-02807,Male,No,No,No,19,Yes,No,Fiber optic,No,No,No,Yes,No,Yes,One Year,No,Mailed check,88.31,1682.88,No,0,Mid-term (13-24m),2,88.57263157894738,0,1,0,88.57
CUST-02808,Male,No,No,Yes,63,Yes,Yes,Fiber optic,No,No,No,No,No,No,Month-To-Month,Yes,Mailed check,84.78,5342.02,Yes,0,Loyal (49m+),0,84.79396825396826,0,0,0,84.79
CUST-02809,Male,Yes,Yes,No,32,Yes,Yes,No,No internet service,No internet service,No internet service,No internet service,No internet service,No internet service,Month-To-Month,Yes,Electronic check,34.71,1117.39,No,0,Established (25-48m),0,34.9184375,0,0,0,34.92
CUST-02810,Female,Yes,No,Yes,68,Yes,Yes,No,No internet service,No internet service,No internet service,No internet service,No internet service,No internet service,Two Year,No,Electronic check,36.79,2511.42,Yes,0,Loyal (49m+),0,36.932647058823534,0,0,0,36.93
CUST-02811,Male,No,Yes,Yes,68,Yes,No,Fiber optic,No,Yes,No,No,No,Yes,One Year,No,Credit card,87.74,5964.16,No,0,Loyal (49m+),2,87.70823529411764,0,1,0,87.71
CUST-02812,Male,No,No,No,57,Yes,No,DSL,Yes,No,No,No,Yes,No,Month-To-Month,Yes,Electronic check,63.86,3642.89,No,0,Loyal (49m+),2,63.91035087719298,0,1,0,63.91
CUST-02813,Male,Yes,No,Yes,38,No,No phone service,DSL,No,Yes,Yes,Yes,No,No,Month-To-Month,No,Electronic check,61.9,2348.54,Yes,0,Established (25-48m),3,61.80368421052631,0,0,0,61.8
CUST-02814,Female,Yes,Yes,Yes,35,Yes,No,DSL,No,No,No,Yes,No,Yes,Month-To-Month,Yes,Electronic check,66.29,2311.53,No,0,Established (25-48m),2,66.04371428571429,0,1,0,66.04
CUST-02815,Female,No,No,No,67,Yes,No,DSL,No,No,No,No,No,No,One Year,No,Electronic check,52.52,3509.38,No,0,Loyal (49m+),0,52.37880597014926,0,0,0,52.38
CUST-02816,Female,No,No,Yes,20,Yes,Yes,DSL,Yes,Yes,Yes,Yes,No,No,Month-To-Month,No,Electronic check,80.14,1597.45,No,0,Mid-term (13-24m),4,79.8725,0,0,0,79.87
CUST-02817,Female,No,Yes,Yes,62,Yes,No,Fiber optic,No,Yes,Yes,Yes,Yes,No,Two Year,Yes,Bank transfer,98.72,6113.89,No,0,Loyal (49m+),4,98.61112903225806,0,1,0,98.61
CUST-02818,Male,Yes,No,Yes,5,Yes,No,DSL,No,Yes,No,No,No,Yes,Month-To-Month,No,Mailed check,67.44,341.65,No,0,New (0-12m),2,68.33,0,1,0,68.33
CUST-02819,Male,No,No,No,23,Yes,No,Fiber optic,No,No,No,No,No,Yes,Month-To-Month,No,Electronic check,87.42,2009.93,Yes,0,Mid-term (13-24m),1,87.38826086956522,0,1,0,87.39
CUST-02820,Female,No,No,No,52,Yes,No,No,No internet service,No internet service,No internet service,No internet service,No internet service,No internet service,Two Year,Yes,Bank transfer,32.14,1672.08,No,0,Loyal (49m+),0,32.15538461538461,0,0,0,32.16
CUST-02821,Female,No,No,No,49,Yes,No,Fiber optic,Yes,Yes,Yes,No,No,No,Month-To-Month,No,Credit card,92.55,4526.59,Yes,0,Loyal (49m+),3,92.37938775510204,0,0,0,92.38
CUST-02822,Male,No,Yes,No,11,Yes,Yes,No,No internet service,No internet service,No internet service,No internet service,No internet service,No internet service,Two Year,Yes,Mailed check,37.02,397.61,No,0,New (0-12m),0,36.14636363636364,0,0,0,36.15
CUST-02823,Male,No,No,No,55,Yes,Yes,DSL,No,Yes,No,No,No,No,One Year,No,Electronic check,64.13,3525.85,Yes,0,Loyal (49m+),1,64.10636363636364,0,0,0,64.11
CUST-02824,Female,Yes,No,No,14,Yes,Yes,DSL,No,No,Yes,Yes,No,No,Month-To-Month,No,Electronic check,70.71,985.05,No,0,Mid-term (13-24m),2,70.36071428571428,0,0,0,70.36
CUST-02825,Female,No,No,No,39,No,No phone service,DSL,No,No,Yes,No,Yes,No,One Year,Yes,Bank transfer,54.75,2137.69,No,0,Established (25-48m),2,54.8125641025641,0,1,0,54.81
CUST-02826,Female,No,No,No,40,No,No phone service,No,No internet service,No internet service,No internet service,No internet service,No internet service,No internet service,Month-To-Month,No,Bank transfer,19.8858,771.03,Yes,0,Established (25-48m),0,19.27575,0,0,0,19.28
CUST-02827,Female,No,No,Yes,68,Yes,No,Fiber optic,Yes,No,No,Yes,Yes,No,Month-To-Month,Yes,Credit card,93.93,6393.81,No,0,Loyal (49m+),3,94.02661764705883,0,1,0,94.03
CUST-02828,male,No,No,Yes,68,Yes,Yes,No,No internet service,No internet service,No internet service,No internet service,No internet service,No internet service,Month-To-Month,No,Mailed check,34.64,2362.29,Yes,0,Loyal (49m+),0,34.739558823529414,0,0,0,34.74
CUST-02829,Male,No,No,Yes,5,Yes,No,DSL,No,No,No,Yes,No,Yes,One Year,Yes,Electronic check,63.99,320.69,No,0,New (0-12m),2,64.138,0,1,0,64.14
CUST-02830,Male,No,No,Yes,66,Yes,No,No,No internet service,No internet service,No internet service,No internet service,No internet service,No internet service,Month-To-Month,Yes,Mailed check,32.13,2128.72,No,0,Loyal (49m+),0,32.25333333333333,0,0,0,32.25
CUST-02831,male,No,Yes,No,32,Yes,No,DSL,Yes,Yes,Yes,Yes,No,Yes,Month-To-Month,No,Bank transfer,79.69,2558.74,No,0,Established (25-48m),5,79.960625,0,1,0,79.96
CUST-02832,Female,No,Yes,Yes,42,Yes,Yes,Fiber optic,No,No,Yes,No,Yes,No,Month-To-Month,No,Mailed check,97.22,4078.13,No,0,Established (25-48m),2,97.09833333333333,0,1,0,97.1
CUST-02833,Male,No,Yes,Yes,20,Yes,No,No,No internet service,No internet service,No internet service,No internet service,No internet service,No internet service,Month-To-Month,Yes,Credit card,29.36,596.75,No,0,Mid-term (13-24m),0,29.8375,0,0,0,29.84
CUST-02834,Male,No,Yes,Yes,64,Yes,Yes,No,No internet service,No internet service,No internet service,No internet service,No internet service,No internet service,Month-To-Month,No,Mailed check,33.8,2172.92,No,0,Loyal (49m+),0,33.951875,0,0,0,33.95
CUST-02835,Male,Yes,No,Yes,16,Yes,No,No,No internet service,No internet service,No internet service,No internet service,No internet service,No internet service,Month-To-Month,No,Mailed check,31.55,496.1,No,0,Mid-term (13-24m),0,31.00625,0,0,0,31.01
CUST-02836,Male,Yes,No,No,7,Yes,No,DSL,Yes,No,No,No,Yes,No,Month-To-Month,No,Electronic check,65.1,445.75,No,0,New (0-12m),2,63.67857142857143,0,1,0,63.68
CUST-02837,Female,No,Yes,No,63,Yes,Yes,Fiber optic,No,No,Yes,No,No,No,Month-To-Month,Yes,Electronic check,88.31,5554.7,No,0,Loyal (49m+),1,88.16984126984127,0,0,0,88.17
CUST-02838,Male,No,Yes,No,27,Yes,Yes,No,No internet service,No internet service,No internet service,No internet service,No internet service,No internet service,Month-To-Month,Yes,Bank transfer,37.14,999.77,No,0,Established (25-48m),0,37.02851851851852,0,0,0,37.03
CUST-02839,Male,Yes,Yes,Yes,12,Yes,No,Fiber optic,No,Yes,No,No,Yes,No,Two Year,Yes,Mailed check,92.31,1113.88,No,0,New (0-12m),2,92.82333333333334,0,1,0,92.82
CUST-02840,Male,No,No,Yes,12,Yes,No,Fiber optic,No,No,Yes,Yes,No,No,One Year,No,Electronic check,90.94,1091.37,No,0,New (0-12m),2,90.94749999999999,0,0,0,90.95
CUST-02841,Male,No,No,No,37,Yes,No,DSL,No,No,Yes,No,Yes,No,Month-To-Month,Yes,Electronic check,67.36,2488.25,No,0,Established (25-48m),2,67.25,0,1,0,67.25
CUST-02842,Male,Yes,Yes,No,24,No,No phone service,DSL,Yes,Yes,Yes,Yes,No,Yes,Two Year,No,Bank transfer,70.87,1691.98,No,0,Mid-term (13-24m),5,70.49916666666667,0,1,0,70.5
CUST-02843,Male,No,Yes,No,61,Yes,No,Fiber optic,No,Yes,No,Yes,Yes,No,Month-To-Month,No,Credit card,95.62,5830.74,No,0,Loyal (49m+),3,95.58590163934426,0,1,0,95.59
CUST-02844,Male,No,Yes,Yes,22,Yes,No,Fiber optic,No,No,Yes,Yes,Yes,No,Month-To-Month,Yes,Electronic check,96.63,2116.58,No,0,Mid-term (13-24m),3,96.20818181818181,0,1,0,96.21
CUST-02845,Female,Yes,Yes,No,20,Yes,No,DSL,No,No,Yes,No,No,No,Two Year,Yes,Bank transfer,57.84,1150.25,No,0,Mid-term (13-24m),1,57.5125,0,0,0,57.51
CUST-02846,Female,No,Yes,Yes,53,Yes,No,DSL,Yes,No,Yes,No,No,Yes,One Year,No,Electronic check,69.71,3702.2,No,0,Loyal (49m+),3,69.85283018867923,0,1,0,69.85
CUST-02847,Female,No,No,No,62,No,No phone service,Fiber optic,Yes,No,No,No,Yes,No,Two Year,No,Bank transfer,79.65,4943.53,No,0,Loyal (49m+),2,79.73435483870968,0,1,0,79.73
CUST-02848,Female,No,Yes,No,29,No,No phone service,Fiber optic,No,No,No,No,Yes,Yes,Two Year,Yes,Bank transfer,80.6,2347.31,No,0,Established (25-48m),2,80.94172413793103,0,1,0,80.94
CUST-02849,Male,No,No,No,67,Yes,Yes,DSL,Yes,Yes,No,No,No,No,Month-To-Month,No,Electronic check,69.24,4646.97,No,0,Loyal (49m+),2,69.35776119402985,0,0,0,69.36
CUST-02850,Female,No,Yes,Yes,72,Yes,Yes,No,No internet service,No internet service,No internet service,No internet service,No internet service,No internet service,Two Year,Yes,Bank transfer,34.77,2510.55,Yes,0,Loyal (49m+),0,34.868750000000006,0,0,0,34.87
CUST-02851,Female,No,Yes,Yes,31,No,No phone service,DSL,No,Yes,Yes,No,Yes,Yes,Two Year,No,Electronic check,66.75,2062.74,No,0,Established (25-48m),4,66.53999999999999,0,1,0,66.54
CUST-02852,M,Yes,No,No,23,Yes,No,Fiber optic,No,No,No,Yes,Yes,No,Month-To-Month,No,Electronic check,92.24,2124.49,No,0,Mid-term (13-24m),2,92.3691304347826,0,1,0,92.37
CUST-02853,Male,No,Yes,Yes,6,No,No phone service,DSL,No,Yes,No,Yes,No,No,Two Year,Yes,Mailed check,54.92,331.53,No,0,New (0-12m),2,55.254999999999995,0,0,0,55.26
CUST-02854,Female,No,No,Yes,71,Yes,No,Fiber optic,No,No,Yes,No,No,No,Month-To-Month,Yes,Mailed check,86.03,6116.49,No,0,Loyal (49m+),1,86.14774647887323,0,0,0,86.15
CUST-02855,Female,No,No,No,0,Yes,No,Fiber optic,No,No,No,No,Yes,No,One Year,No,Bank transfer,85.24,0.0,No,0,New (0-12m),1,85.24,1,1,0,85.24
CUST-02856,Male,No,Yes,Yes,2,Yes,No,Fiber optic,No,No,Yes,Yes,Yes,Yes,Month-To-Month,Yes,Electronic check,101.84,209.17,No,0,New (0-12m),4,104.585,1,1,0,104.58
CUST-02857,Female,No,Yes,No,27,Yes,Yes,Fiber optic,No,No,Yes,No,No,No,Month-To-Month,No,Bank transfer,88.81,2394.36,No,0,Established (25-48m),1,88.68,0,0,0,88.68
CUST-02858,Male,Yes,No,Yes,42,Yes,Yes,No,No internet service,No internet service,No internet service,No internet service,No internet service,No internet service,One Year,Yes,Electronic check,36.82,1538.93,No,0,Established (25-48m),0,36.64119047619048,0,0,0,36.64
CUST-02859,Male,Yes,No,Yes,45,Yes,Yes,DSL,Yes,Yes,Yes,No,Yes,No,Month-To-Month,No,Electronic check,80.08,3600.98,Yes,0,Established (25-48m),4,80.02177777777777,0,1,0,80.02
CUST-02860,Male,No,Yes,No,0,Yes,No,Fiber optic,No,No,No,No,Yes,No,One Year,No,Mailed check,84.78,0.0,Yes,0,New (0-12m),1,84.78,1,1,0,84.78
CUST-02861,F,No,No,No,37,Yes,No,Fiber optic,No,Yes,Yes,No,Yes,Yes,Month-To-Month,No,Mailed check,102.26,3788.17,Yes,0,Established (25-48m),4,102.38297297297298,0,1,0,102.38
CUST-02862,Female,No,Yes,No,34,Yes,No,No,No internet service,No internet service,No internet service,No internet service,No internet service,No internet service,Month-To-Month,Yes,Credit card,29.03,986.21,No,0,Established (25-48m),0,29.006176470588237,0,0,0,29.01
CUST-02863,Male,No,No,No,53,Yes,Yes,Fiber optic,No,Yes,Yes,No,No,No,Month-To-Month,Yes,Mailed check,92.91,4918.88,No,0,Loyal (49m+),2,92.80905660377358,0,0,0,92.81
CUST-02864,Male,No,Yes,Yes,23,Yes,Yes,DSL,No,No,Yes,No,No,No,One Year,No,Electronic check,65.86,1517.94,No,0,Mid-term (13-24m),1,65.99739130434783,0,0,0,66.0
CUST-02865,Female,No,No,Yes,27,Yes,Yes,Fiber optic,No,No,Yes,Yes,No,Yes,Two Year,Yes,Credit card,98.82,2659.52,No,0,Established (25-48m),3,98.50074074074074,0,1,0,98.5
CUST-02866,Male,Yes,No,Yes,21,Yes,Yes,No,No internet service,No internet service,No internet service,No internet service,No internet service,No internet service,One Year,No,Electronic check,35.71,758.27,Yes,0,Mid-term (13-24m),0,36.10809523809524,0,0,0,36.11
CUST-02867,Female,No,Yes,No,15,Yes,No,DSL,No,No,No,Yes,No,No,Month-To-Month,No,Electronic check,57.78,868.27,No,0,Mid-term (13-24m),1,57.88466666666667,0,0,0,57.88
CUST-02868,Female,No,No,Yes,12,Yes,No,Fiber optic,No,No,No,Yes,Yes,Yes,Month-To-Month,Yes,Mailed check,95.31,1142.94,Yes,0,New (0-12m),3,95.245,0,1,0,95.24
CUST-02869,male,No,No,Yes,61,Yes,Yes,Fiber optic,No,No,No,Yes,No,No,Month-To-Month,Yes,Credit card,88.69,5405.07,No,0,Loyal (49m+),1,88.60770491803278,0,0,0,88.61
CUST-02870,Male,No,No,Yes,42,Yes,Yes,DSL,Yes,Yes,No,Yes,Yes,No,Month-To-Month,Yes,Bank transfer,77.88,3271.92,No,0,Established (25-48m),4,77.90285714285714,0,1,0,77.9
CUST-02871,Female,No,No,No,31,Yes,No,Fiber optic,No,No,No,No,No,No,Two Year,Yes,Bank transfer,77.78,2406.92,No,0,Established (25-48m),0,77.64258064516129,0,0,0,77.64
CUST-02872,Female,No,No,No,66,Yes,No,DSL,No,No,No,No,Yes,No,One Year,No,Bank transfer,62.29,4109.03,Yes,0,Loyal (49m+),1,62.258030303030296,0,1,0,62.26
CUST-02873,F,No,No,Yes,56,Yes,Yes,No,No internet service,No internet service,No internet service,No internet service,No internet service,No internet service,Month-To-Month,No,Bank transfer,33.83,1902.25,No,0,Loyal (49m+),0,33.96875,0,0,0,33.97
CUST-02874,Female,No,No,Yes,64,Yes,Yes,Fiber optic,Yes,No,No,No,No,Yes,Month-To-Month,Yes,Bank transfer,95.41,6100.12,Yes,0,Loyal (49m+),2,95.314375,0,1,0,95.31
CUST-02875,Female,No,Yes,No,68,Yes,Yes,No,No internet service,No internet service,No internet service,No internet service,No internet service,No internet service,Month-To-Month,No,Electronic check,34.92,2371.52,No,0,Loyal (49m+),0,34.87529411764706,0,0,0,34.88
CUST-02876,Female,No,No,No,48,Yes,No,Fiber optic,Yes,No,No,No,Yes,No,One Year,Yes,Electronic check,89.31,4290.0,Yes,0,Established (25-48m),2,89.375,0,1,0,89.38
CUST-02877,Female,No,No,No,32,Yes,No,DSL,No,No,No,Yes,Yes,No,Month-To-Month,Yes,Mailed check,65.21,2091.22,Yes,0,Established (25-48m),2,65.350625,0,1,0,65.35
CUST-02878,Female,No,Yes,No,18,Yes,No,DSL,No,No,No,Yes,No,No,One Year,Yes,Credit card,60.3,1077.7,No,0,Mid-term (13-24m),1,59.87222222222223,0,0,0,59.87
CUST-02879,male,No,No,Yes,35,Yes,No,Fiber optic,Yes,Yes,No,No,No,No,Month-To-Month,No,Bank transfer,91.69,3217.87,No,0,Established (25-48m),2,91.93914285714285,0,0,0,91.94
CUST-02880,male,No,No,No,69,Yes,No,No,No internet service,No internet service,No internet service,No internet service,No internet service,No internet service,Month-To-Month,No,Mailed check,29.43,2021.21,No,0,Loyal (49m+),0,29.292898550724637,0,0,0,29.29
CUST-02881,Female,No,Yes,Yes,14,No,No phone service,No,No internet service,No internet service,No internet service,No internet service,No internet service,No internet service,Two Year,No,Electronic check,19.8858,260.98,No,0,Mid-term (13-24m),0,18.641428571428573,0,0,0,18.64
CUST-02882,Male,No,No,No,23,Yes,Yes,Fiber optic,No,Yes,No,Yes,No,Yes,Month-To-Month,Yes,Electronic check,100.9,2325.94,No,0,Mid-term (13-24m),3,101.12782608695652,0,1,0,101.13
CUST-02883,Male,No,No,Yes,26,Yes,Yes,Fiber optic,No,No,No,No,Yes,Yes,Two Year,Yes,Credit card,94.36,2458.79,No,0,Established (25-48m),2,94.56884615384615,0,1,0,94.57
CUST-02884,Male,No,Yes,Yes,48,No,No phone service,No,No internet service,No internet service,No internet service,No internet service,No internet service,No internet service,Month-To-Month,No,Electronic check,20.06,966.2,Yes,0,Established (25-48m),0,20.129166666666666,0,0,0,20.13
CUST-02885,Female,No,Yes,No,22,Yes,Yes,No,No internet service,No internet service,No internet service,No internet service,No internet service,No internet service,Month-To-Month,Yes,Bank transfer,33.37,734.57,No,0,Mid-term (13-24m),0,33.389545454545456,0,0,0,33.39
CUST-02886,Male,No,No,Yes,32,Yes,No,Fiber optic,Yes,Yes,No,No,Yes,Yes,Month-To-Month,Yes,Electronic check,98.92,3161.21,Yes,0,Established (25-48m),4,98.7878125,0,1,0,98.79
CUST-02887,Female,No,No,Yes,40,Yes,Yes,Fiber optic,No,No,No,No,No,No,Two Year,No,Bank transfer,83.51,3347.2,Yes,0,Established (25-48m),0,83.67999999999999,0,0,0,83.68
CUST-02888,Female,Yes,Yes,Yes,55,Yes,Yes,Fiber optic,No,No,No,No,No,No,One Year,Yes,Bank transfer,86.7,4772.48,No,0,Loyal (49m+),0,86.77236363636362,0,0,0,86.77
CUST-02889,Male,No,No,No,28,Yes,Yes,Fiber optic,No,No,Yes,No,No,No,Month-To-Month,Yes,Bank transfer,91.49,2571.08,No,0,Established (25-48m),1,91.82428571428571,0,0,0,91.82
CUST-02890,Male,Yes,Yes,No,30,Yes,No,No,No internet service,No internet service,No internet service,No internet service,No internet service,No internet service,Month-To-Month,Yes,Mailed check,29.46,882.89,No,0,Established (25-48m),0,29.429666666666666,0,0,0,29.43
CUST-02891,Female,No,Yes,No,64,Yes,Yes,DSL,No,Yes,No,Yes,Yes,Yes,One Year,No,Bank transfer,79.7,5100.21,No,0,Loyal (49m+),4,79.69078125,0,1,0,79.69
CUST-02892,Male,No,Yes,No,17,No,No phone service,Fiber optic,No,No,Yes,Yes,Yes,No,Month-To-Month,No,Mailed check,84.55,1443.18,No,0,Mid-term (13-24m),3,84.89294117647059,0,1,0,84.89
CUST-02893,Female,Yes,No,Yes,5,Yes,Yes,Fiber optic,No,No,No,No,No,No,Month-To-Month,Yes,Credit card,83.46,427.16,Yes,0,New (0-12m),0,85.432,0,0,0,85.43
CUST-02894,Male,No,Yes,Yes,51,Yes,Yes,Fiber optic,No,Yes,Yes,Yes,No,Yes,Month-To-Month,Yes,Mailed check,106.22660000000005,5435.35,No,0,Loyal (49m+),4,106.57549019607843,0,1,0,106.58
CUST-02895,Male,No,Yes,Yes,39,Yes,No,Fiber optic,No,No,Yes,No,Yes,Yes,One Year,Yes,Electronic check,96.64,3764.91,No,0,Established (25-48m),3,96.53615384615384,0,1,0,96.54
CUST-02896,male,No,Yes,No,64,No,No phone service,DSL,Yes,No,No,Yes,No,Yes,Month-To-Month,Yes,Bank transfer,60.55,3884.27,Yes,0,Loyal (49m+),3,60.69171875,0,1,0,60.69
CUST-02897,Female,No,No,Yes,41,No,No phone service,Fiber optic,No,Yes,No,No,Yes,No,Month-To-Month,No,Mailed check,81.21,3323.57,No,0,Established (25-48m),2,81.06268292682927,0,1,0,81.06
CUST-02898,Male,No,No,Yes,67,Yes,No,Fiber optic,Yes,Yes,Yes,No,Yes,No,Month-To-Month,Yes,Credit card,100.76,6749.35,No,0,Loyal (49m+),4,100.7365671641791,0,1,0,100.74
CUST-02899,Female,No,No,No,31,Yes,Yes,Fiber optic,No,No,Yes,No,Yes,No,Month-To-Month,Yes,Electronic check,93.01,2891.05,Yes,0,Established (25-48m),2,93.25967741935484,0,1,0,93.26
CUST-02900,Female,Yes,Yes,No,9,Yes,No,No,No internet service,No internet service,No internet service,No internet service,No internet service,No internet service,Month-To-Month,No,Electronic check,30.26,268.61,No,0,New (0-12m),0,29.845555555555556,0,0,0,29.85
CUST-02901,Female,No,No,Yes,68,Yes,No,Fiber optic,No,Yes,No,No,No,No,Two Year,Yes,Credit card,84.23,5724.68,No,0,Loyal (49m+),1,84.1864705882353,0,0,0,84.19
CUST-02902,male,Yes,No,No,8,Yes,No,No,No internet service,No internet service,No internet service,No internet service,No internet service,No internet service,Month-To-Month,No,Credit card,28.6,238.7,No,0,New (0-12m),0,29.8375,0,0,0,29.84
CUST-02903,Male,Yes,Yes,No,68,No,No phone service,DSL,No,No,No,No,No,No,Month-To-Month,Yes,Mailed check,45.82,3114.78,Yes,0,Loyal (49m+),0,45.805588235294124,0,0,0,45.81
CUST-02904,male,No,Yes,Yes,60,Yes,No,Fiber optic,Yes,No,No,Yes,Yes,No,Month-To-Month,Yes,Electronic check,96.94,5825.35,No,0,Loyal (49m+),3,97.08916666666667,0,1,0,97.09
CUST-02905,Female,No,No,Yes,10,Yes,Yes,Fiber optic,Yes,No,No,No,No,No,Two Year,Yes,Electronic check,92.5,920.48,No,0,New (0-12m),1,92.048,0,0,0,92.05
CUST-02906,male,Yes,No,Yes,67,Yes,Yes,DSL,No,No,No,No,No,Yes,Month-To-Month,Yes,Electronic check,65.39,4381.15,No,0,Loyal (49m+),1,65.39029850746267,0,1,0,65.39
CUST-02907,Female,Yes,Yes,Yes,7,Yes,Yes,DSL,No,Yes,No,No,Yes,Yes,Two Year,No,Mailed check,75.86,528.67,No,0,New (0-12m),3,75.52428571428571,0,1,0,75.52
CUST-02908,Male,No,No,No,48,Yes,No,Fiber optic,No,No,Yes,No,No,No,Month-To-Month,No,Electronic check,85.76,4117.76,Yes,0,Established (25-48m),1,85.78666666666668,0,0,0,85.79
CUST-02909,Female,No,Yes,No,23,Yes,Yes,Fiber optic,No,No,No,No,Yes,No,Month-To-Month,Yes,Credit card,90.98,2100.51,No,0,Mid-term (13-24m),1,91.32652173913044,0,1,0,91.33
CUST-02910,Male,No,Yes,No,32,Yes,No,DSL,No,No,No,No,No,Yes,Month-To-Month,No,Electronic check,58.73,1889.18,No,0,Established (25-48m),1,59.036875,0,1,0,59.04
CUST-02911,Female,No,No,No,18,Yes,Yes,Fiber optic,No,No,No,No,No,No,One Year,No,Bank transfer,83.3,1499.42,No,0,Mid-term (13-24m),0,83.30111111111111,0,0,0,83.3
CUST-02912,Male,No,No,No,1,Yes,No,DSL,Yes,No,No,No,No,No,One Year,Yes,Bank transfer,59.54,53.04,No,0,New (0-12m),1,53.04,1,0,0,53.04
CUST-02913,Female,No,No,No,54,Yes,No,No,No internet service,No internet service,No internet service,No internet service,No internet service,No internet service,Month-To-Month,Yes,Bank transfer,29.83,1601.83,Yes,0,Loyal (49m+),0,29.66351851851852,0,0,0,29.66
CUST-02914,Female,No,No,No,10,Yes,Yes,Fiber optic,Yes,No,Yes,No,No,No,Month-To-Month,Yes,Mailed check,96.32,956.39,No,0,New (0-12m),2,95.639,0,0,0,95.64
CUST-02915,Male,No,Yes,No,16,Yes,Yes,DSL,No,No,No,No,No,Yes,Month-To-Month,No,Bank transfer,65.61,1054.69,Yes,0,Mid-term (13-24m),1,65.918125,0,1,0,65.92
CUST-02916,Male,No,No,No,41,Yes,Yes,Fiber optic,No,Yes,No,No,No,No,Month-To-Month,Yes,Credit card,90.26,3702.55,No,0,Established (25-48m),1,90.30609756097562,0,0,0,90.31
CUST-02917,Male,No,No,No,60,Yes,No,No,No internet service,No internet service,No internet service,No internet service,No internet service,No internet service,Month-To-Month,Yes,Bank transfer,29.99,1804.38,No,0,Loyal (49m+),0,30.073,0,0,0,30.07
CUST-02918,Male,No,No,Yes,2,Yes,Yes,No,No internet service,No internet service,No internet service,No internet service,No internet service,No internet service,Month-To-Month,Yes,Electronic check,33.62,76.32,No,0,New (0-12m),0,38.16,1,0,0,38.16
CUST-02919,Female,No,Yes,Yes,34,Yes,No,Fiber optic,No,No,Yes,Yes,No,No,One Year,No,Electronic check,89.36,3042.38,No,0,Established (25-48m),2,89.48176470588236,0,0,0,89.48
CUST-02920,Female,No,No,Yes,65,Yes,Yes,Fiber optic,No,No,No,No,No,No,Month-To-Month,No,Credit card,83.05,5403.8,No,0,Loyal (49m+),0,83.13538461538462,0,0,0,83.14
CUST-02921,Male,No,No,No,0,Yes,No,No,No internet service,No internet service,No internet service,No internet service,No internet service,No internet service,Month-To-Month,Yes,Mailed check,27.83,0.0,No,0,New (0-12m),0,27.83,1,0,0,27.83
CUST-02922,Female,No,Yes,Yes,6,Yes,No,No,No internet service,No internet service,No internet service,No internet service,No internet service,No internet service,Month-To-Month,Yes,Credit card,27.57,165.65,No,0,New (0-12m),0,27.608333333333334,0,0,0,27.61
CUST-02923,Male,Yes,Yes,No,19,Yes,Yes,DSL,No,Yes,Yes,No,No,Yes,Month-To-Month,No,Mailed check,72.94,1392.33,Yes,0,Mid-term (13-24m),3,73.28052631578947,0,1,0,73.28
CUST-02924,Male,No,Yes,No,42,Yes,Yes,Fiber optic,No,Yes,No,No,No,No,Month-To-Month,Yes,Electronic check,90.47,3802.52,Yes,0,Established (25-48m),1,90.53619047619047,0,0,0,90.54
CUST-02925,Female,No,Yes,Yes,5,Yes,Yes,Fiber optic,Yes,Yes,No,No,Yes,No,Month-To-Month,Yes,Mailed check,102.36,512.51,No,0,New (0-12m),3,102.502,0,1,0,102.5
CUST-02926,M,No,Yes,No,54,Yes,No,DSL,No,No,Yes,Yes,Yes,No,Month-To-Month,No,Mailed check,67.64,3646.98,No,0,Loyal (49m+),3,67.53666666666666,0,1,0,67.54
CUST-02927,Female,Yes,No,Yes,20,Yes,No,No,No internet service,No internet service,No internet service,No internet service,No internet service,No internet service,Two Year,No,Mailed check,31.42,630.46,No,0,Mid-term (13-24m),0,31.523000000000003,0,0,0,31.52
CUST-02928,Female,No,Yes,No,50,Yes,Yes,Fiber optic,No,No,No,Yes,Yes,No,Month-To-Month,Yes,Credit card,95.83,4787.32,No,0,Loyal (49m+),2,95.7464,0,1,0,95.75
CUST-02929,Female,No,Yes,No,45,No,No phone service,Fiber optic,No,Yes,Yes,Yes,No,No,Month-To-Month,Yes,Bank transfer,86.79,3907.35,No,0,Established (25-48m),3,86.83,0,0,0,86.83
CUST-02930,Female,No,Yes,Yes,34,Yes,Yes,DSL,No,No,No,No,Yes,No,Two Year,No,Electronic check,67.23,2285.1,No,0,Established (25-48m),1,67.20882352941176,0,1,0,67.21
CUST-02931,Female,No,Yes,Yes,7,Yes,No,DSL,No,No,No,No,No,Yes,Month-To-Month,No,Bank transfer,61.56,422.95,No,0,New (0-12m),1,60.42142857142857,0,1,0,60.42
CUST-02932,Male,No,Yes,Yes,67,Yes,No,DSL,No,No,Yes,Yes,Yes,No,Two Year,No,Mailed check,71.49,4796.97,No,0,Loyal (49m+),3,71.5965671641791,0,1,0,71.6
CUST-02933,Male,No,Yes,Yes,15,Yes,Yes,No,No internet service,No internet service,No internet service,No internet service,No internet service,No internet service,Month-To-Month,No,Mailed check,32.93,495.58,No,0,Mid-term (13-24m),0,33.038666666666664,0,0,0,33.04
CUST-02934,Male,No,Yes,Yes,66,Yes,Yes,Fiber optic,No,No,No,No,Yes,Yes,One Year,Yes,Bank transfer,94.29,6231.2,Yes,0,Loyal (49m+),2,94.4121212121212,0,1,0,94.41
CUST-02935,Male,No,Yes,Yes,70,Yes,No,DSL,No,Yes,No,No,Yes,Yes,One Year,No,Mailed check,70.58,4949.14,No,0,Loyal (49m+),3,70.702,0,1,0,70.7
CUST-02936,Male,No,No,No,63,Yes,No,DSL,Yes,No,No,No,No,No,Two Year,Yes,Mailed check,57.59,3628.52,No,0,Loyal (49m+),1,57.595555555555556,0,0,0,57.6
CUST-02937,Female,No,No,No,1,Yes,Yes,Fiber optic,Yes,No,No,No,No,No,Month-To-Month,No,Bank transfer,89.87,93.43,No,0,New (0-12m),1,93.43,1,0,0,93.43
CUST-02938,Male,No,No,No,0,Yes,Yes,Fiber optic,Yes,Yes,No,No,Yes,Yes,Month-To-Month,No,Bank transfer,102.54,0.0,Yes,0,New (0-12m),4,102.54,1,1,0,102.54
CUST-02939,Male,No,Yes,No,57,Yes,Yes,Fiber optic,No,Yes,Yes,No,No,No,One Year,Yes,Electronic check,96.21,5487.57,Yes,0,Loyal (49m+),2,96.27315789473684,0,0,0,96.27
CUST-02940,Male,No,Yes,Yes,0,Yes,No,No,No internet service,No internet service,No internet service,No internet service,No internet service,No internet service,Month-To-Month,No,Mailed check,28.83,0.0,No,0,New (0-12m),0,28.83,1,0,0,28.83
CUST-02941,Male,No,Yes,No,6,Yes,Yes,Fiber optic,No,No,No,No,Yes,Yes,One Year,Yes,Mailed check,96.27,572.79,No,0,New (0-12m),2,95.46499999999999,0,1,0,95.46
CUST-02942,Male,No,No,No,68,Yes,No,Fiber optic,Yes,No,No,No,No,No,Month-To-Month,Yes,Electronic check,84.9,5771.58,Yes,0,Loyal (49m+),1,84.87617647058823,0,0,0,84.88
CUST-02943,Male,No,Yes,Yes,17,Yes,Yes,Fiber optic,No,Yes,No,No,No,Yes,One Year,Yes,Credit card,93.04,1572.43,Yes,0,Mid-term (13-24m),2,92.49588235294118,0,1,0,92.5
CUST-02944,Male,Yes,Yes,No,31,Yes,Yes,Fiber optic,Yes,No,No,Yes,Yes,Yes,One Year,No,Mailed check,106.22660000000005,3317.52,No,0,Established (25-48m),4,107.01677419354839,0,1,0,107.02
CUST-02945,Female,No,Yes,Yes,44,No,No phone service,Fiber optic,Yes,Yes,No,No,No,Yes,Two Year,Yes,Electronic check,85.99,3776.43,No,0,Established (25-48m),3,85.82795454545455,0,1,0,85.83
CUST-02946,Female,No,No,Yes,32,Yes,Yes,Fiber optic,No,Yes,Yes,No,No,No,Month-To-Month,Yes,Mailed check,96.12,3082.38,No,0,Established (25-48m),2,96.324375,0,0,0,96.32
CUST-02947,Male,No,No,Yes,72,Yes,Yes,Fiber optic,No,Yes,Yes,No,Yes,Yes,Two Year,No,Electronic check,103.65,7468.44,No,0,Loyal (49m+),4,103.72833333333332,0,1,0,103.73
CUST-02948,Female,No,Yes,No,48,Yes,Yes,DSL,No,No,No,No,No,No,Month-To-Month,Yes,Bank transfer,58.13,2783.74,No,0,Established (25-48m),0,57.99458333333333,0,0,0,57.99
CUST-02949,Female,No,No,Yes,32,Yes,No,Fiber optic,Yes,Yes,No,Yes,Yes,Yes,Month-To-Month,No,Mailed check,106.22660000000005,3428.33,Yes,0,Established (25-48m),5,107.1353125,0,1,0,107.14
CUST-02950,Female,No,Yes,No,70,Yes,No,DSL,No,Yes,No,Yes,Yes,No,Month-To-Month,Yes,Electronic check,69.23,4847.5,No,0,Loyal (49m+),3,69.25,0,1,0,69.25
CUST-02951,Female,No,Yes,No,67,Yes,Yes,DSL,No,No,Yes,No,Yes,Yes,One Year,Yes,Credit card,73.67,4930.88,No,0,Loyal (49m+),3,73.59522388059702,0,1,0,73.6
CUST-02952,Male,No,No,No,27,Yes,No,Fiber optic,No,Yes,No,No,Yes,Yes,Month-To-Month,Yes,Electronic check,96.89,2607.14,Yes,0,Established (25-48m),3,96.56074074074074,0,1,0,96.56
CUST-02953,Female,No,No,Yes,52,Yes,No,Fiber optic,Yes,No,Yes,Yes,Yes,No,One Year,No,Electronic check,99.82,5195.95,No,0,Loyal (49m+),4,99.92211538461538,0,1,0,99.92
CUST-02954,Female,No,No,Yes,43,No,No phone service,DSL,No,Yes,No,Yes,Yes,Yes,Month-To-Month,Yes,Credit card,65.77,2819.93,No,0,Established (25-48m),4,65.57976744186045,0,1,0,65.58
CUST-02955,Female,No,No,Yes,54,Yes,No,DSL,Yes,Yes,No,No,No,No,Month-To-Month,Yes,Mailed check,63.83,3450.38,Yes,0,Loyal (49m+),2,63.89592592592593,0,0,0,63.9
CUST-02956,Male,No,Yes,No,9,Yes,Yes,Fiber optic,No,No,No,Yes,Yes,Yes,Month-To-Month,No,Credit card,102.35,914.15,No,0,New (0-12m),3,101.57222222222222,0,1,0,101.57
CUST-02957,Male,No,Yes,No,13,Yes,Yes,DSL,Yes,No,Yes,No,No,No,Month-To-Month,No,Credit card,69.87,898.46,No,0,Mid-term (13-24m),2,69.1123076923077,0,0,0,69.11
CUST-02958,M,No,No,No,35,Yes,Yes,No,No internet service,No internet service,No internet service,No internet service,No internet service,No internet service,Month-To-Month,Yes,Credit card,34.62,1212.95,Yes,0,Established (25-48m),0,34.65571428571429,0,0,0,34.66
CUST-02959,Male,Yes,No,No,33,Yes,Yes,No,No internet service,No internet service,No internet service,No internet service,No internet service,No internet service,One Year,No,Mailed check,32.82,1078.75,No,0,Established (25-48m),0,32.68939393939394,0,0,0,32.69
CUST-02960,Male,Yes,Yes,Yes,17,Yes,Yes,No,No internet service,No internet service,No internet service,No internet service,No internet service,No internet service,Month-To-Month,No,Mailed check,36.04,605.28,No,0,Mid-term (13-24m),0,35.60470588235294,0,0,0,35.6
CUST-02961,Male,No,Yes,Yes,15,Yes,No,Fiber optic,Yes,No,Yes,Yes,No,No,Month-To-Month,Yes,Credit card,95.21,1431.85,No,0,Mid-term (13-24m),3,95.45666666666666,0,0,0,95.46
CUST-02962,Male,No,Yes,No,36,Yes,No,No,No internet service,No internet service,No internet service,No internet service,No internet service,No internet service,One Year,Yes,Credit card,32.33,1166.76,Yes,0,Established (25-48m),0,32.41,0,0,0,32.41
CUST-02963,Female,No,Yes,No,40,Yes,Yes,Fiber optic,No,No,Yes,Yes,Yes,No,Month-To-Month,Yes,Credit card,98.14,3923.83,No,0,Established (25-48m),3,98.09575,0,1,0,98.1
CUST-02964,Female,No,No,Yes,24,Yes,Yes,DSL,No,No,Yes,No,No,No,Two Year,Yes,Credit card,64.46,1538.81,No,0,Mid-term (13-24m),1,64.11708333333333,0,0,0,64.12
CUST-02965,Female,No,No,No,7,Yes,Yes,Fiber optic,Yes,Yes,Yes,No,Yes,No,Month-To-Month,No,Bank transfer,103.77,725.71,No,0,New (0-12m),4,103.67285714285715,0,1,0,103.67
CUST-02966,Male,No,No,No,17,Yes,Yes,Fiber optic,No,No,No,No,No,Yes,Month-To-Month,Yes,Electronic check,90.84,1536.36,No,0,Mid-term (13-24m),1,90.37411764705882,0,1,0,90.37
CUST-02967,Male,No,Yes,Yes,67,Yes,No,Fiber optic,Yes,No,Yes,No,Yes,Yes,Month-To-Month,Yes,Electronic check,97.86,6566.51,No,0,Loyal (49m+),4,98.00761194029852,0,1,0,98.01
CUST-02968,Male,Yes,Yes,No,47,Yes,No,No,No internet service,No internet service,No internet service,No internet service,No internet service,No internet service,Month-To-Month,Yes,Electronic check,32.46,1520.31,No,0,Established (25-48m),0,32.34702127659575,0,0,0,32.35
CUST-02969,M,No,No,Yes,69,Yes,No,Fiber optic,No,Yes,No,No,Yes,No,One Year,Yes,Electronic check,91.07,6273.89,No,0,Loyal (49m+),2,90.92594202898552,0,1,0,90.93
CUST-02970,Male,No,No,No,66,Yes,No,Fiber optic,No,No,Yes,No,No,No,Month-To-Month,Yes,Electronic check,84.41,5565.46,No,0,Loyal (49m+),1,84.32515151515152,0,0,0,84.33
CUST-02971,Female,No,No,Yes,17,Yes,Yes,DSL,Yes,Yes,No,Yes,Yes,No,Month-To-Month,No,Electronic check,79.34,1351.17,No,0,Mid-term (13-24m),4,79.48058823529412,0,1,0,79.48
CUST-02972,Female,No,Yes,No,17,Yes,Yes,No,No internet service,No internet service,No internet service,No internet service,No internet service,No internet service,One Year,Yes,Electronic check,34.9,602.83,No,0,Mid-term (13-24m),0,35.46058823529412,0,0,0,35.46
CUST-02973,Male,No,No,No,55,Yes,Yes,DSL,No,Yes,Yes,No,Yes,Yes,Month-To-Month,Yes,Credit card,80.99,4454.96,No,0,Loyal (49m+),4,80.99927272727273,0,1,0,81.0
CUST-02974,Male,No,Yes,Yes,22,Yes,No,No,No internet service,No internet service,No internet service,No internet service,No internet service,No internet service,Two Year,Yes,Electronic check,30.46,669.02,No,0,Mid-term (13-24m),0,30.41,0,0,0,30.41
CUST-02975,Male,No,No,No,34,Yes,Yes,Fiber optic,No,No,Yes,Yes,No,No,Month-To-Month,No,Electronic check,94.92,3237.13,Yes,0,Established (25-48m),2,95.20970588235295,0,0,0,95.21
CUST-02976,Male,No,No,No,5,Yes,Yes,Fiber optic,No,No,Yes,No,No,Yes,Month-To-Month,Yes,Bank transfer,93.48,460.7,Yes,0,New (0-12m),2,92.14,0,1,0,92.14
CUST-02977,Female,No,No,Yes,25,Yes,Yes,DSL,No,Yes,No,Yes,No,Yes,One Year,No,Credit card,73.37,1828.21,No,0,Established (25-48m),3,73.1284,0,1,0,73.13
CUST-02978,Male,No,Yes,No,60,Yes,No,Fiber optic,No,No,No,Yes,Yes,No,Month-To-Month,Yes,Electronic check,92.08,5522.41,Yes,0,Loyal (49m+),2,92.04016666666666,0,1,0,92.04
CUST-02979,Male,No,Yes,Yes,14,Yes,Yes,Fiber optic,No,Yes,Yes,No,No,No,Month-To-Month,No,Electronic check,95.26,1338.59,No,0,Mid-term (13-24m),2,95.61357142857142,0,0,0,95.61
CUST-02980,Male,No,Yes,No,31,Yes,No,DSL,Yes,No,No,No,Yes,No,Two Year,No,Electronic check,65.4,2023.45,No,0,Established (25-48m),2,65.2725806451613,0,1,0,65.27
CUST-02981,Male,No,Yes,Yes,11,Yes,No,DSL,No,No,No,Yes,Yes,Yes,One Year,Yes,Mailed check,69.66,765.66,No,0,New (0-12m),3,69.60545454545455,0,1,0,69.61
CUST-02982,Female,No,Yes,Yes,4,Yes,No,DSL,No,Yes,No,No,No,No,Month-To-Month,No,Electronic check,61.04,252.95,No,0,New (0-12m),1,63.2375,0,0,0,63.24
CUST-02983,Male,No,Yes,Yes,63,Yes,Yes,Fiber optic,No,No,No,No,No,No,One Year,Yes,Bank transfer,86.51,5457.59,Yes,0,Loyal (49m+),0,86.6284126984127,0,0,0,86.63
CUST-02984,Male,No,No,Yes,70,Yes,Yes,Fiber optic,Yes,No,No,No,No,No,Two Year,Yes,Credit card,89.56,6278.14,No,0,Loyal (49m+),1,89.68771428571429,0,0,0,89.69
CUST-02985,Female,No,Yes,No,26,Yes,Yes,Fiber optic,Yes,No,No,No,No,No,Month-To-Month,Yes,Bank transfer,87.76,2275.1,No,0,Established (25-48m),1,87.50384615384615,0,0,0,87.5
CUST-02986,Female,Yes,No,No,44,No,No phone service,No,No internet service,No internet service,No internet service,No internet service,No internet service,No internet service,Month-To-Month,No,Mailed check,19.8858,825.08,No,0,Established (25-48m),0,18.751818181818184,0,0,0,18.75
CUST-02987,Female,No,Yes,No,34,Yes,No,No,No internet service,No internet service,No internet service,No internet service,No internet service,No internet service,Month-To-Month,Yes,Electronic check,31.61,1079.0,No,0,Established (25-48m),0,31.735294117647058,0,0,0,31.74
CUST-02988,Male,No,No,Yes,25,Yes,Yes,No,No internet service,No internet service,No internet service,No internet service,No internet service,No internet service,Two Year,No,Mailed check,35.3,887.16,No,0,Established (25-48m),0,35.486399999999996,0,0,0,35.49
CUST-02989,M,No,No,No,22,Yes,No,Fiber optic,No,No,No,No,Yes,No,One Year,Yes,Mailed check,86.91,1913.02,Yes,0,Mid-term (13-24m),1,86.95545454545454,0,1,0,86.96
CUST-02990,Female,Yes,Yes,Yes,12,Yes,No,DSL,Yes,No,No,Yes,Yes,No,Two Year,Yes,Bank transfer,69.41,839.34,No,0,New (0-12m),3,69.94500000000001,0,1,0,69.95
CUST-02991,Female,No,No,No,2,Yes,Yes,Fiber optic,No,No,No,Yes,Yes,No,Two Year,Yes,Credit card,94.07,178.99,Yes,0,New (0-12m),2,89.495,1,1,0,89.5
CUST-02992,M,No,Yes,No,28,Yes,Yes,DSL,Yes,Yes,Yes,Yes,No,Yes,Month-To-Month,No,Electronic check,82.51,2304.22,Yes,0,Established (25-48m),5,82.29357142857143,0,1,0,82.29
CUST-02993,Female,No,Yes,Yes,65,Yes,No,DSL,No,No,No,No,No,No,Month-To-Month,Yes,Credit card,53.4,3467.56,Yes,0,Loyal (49m+),0,53.34707692307692,0,0,0,53.35
CUST-02994,Female,No,Yes,Yes,63,Yes,Yes,Fiber optic,No,No,No,No,Yes,No,Month-To-Month,Yes,Credit card,89.18,5622.92,No,0,Loyal (49m+),1,89.25269841269841,0,1,0,89.25
CUST-02995,Female,No,Yes,Yes,27,Yes,Yes,No,No internet service,No internet service,No internet service,No internet service,No internet service,No internet service,Month-To-Month,Yes,Electronic check,32.9,896.33,No,0,Established (25-48m),0,33.19740740740741,0,0,0,33.2
CUST-02996,Male,No,No,No,35,Yes,No,Fiber optic,No,No,Yes,No,Yes,No,One Year,Yes,Electronic check,90.52,3168.78,No,0,Established (25-48m),2,90.53657142857143,0,1,0,90.54
CUST-02997,Male,No,Yes,No,5,Yes,No,No,No internet service,No internet service,No internet service,No internet service,No internet service,No internet service,Two Year,Yes,Electronic check,32.45,166.41,No,0,New (0-12m),0,33.282,0,0,0,33.28
CUST-02998,Male,Yes,No,No,10,Yes,No,DSL,No,No,Yes,Yes,No,No,Month-To-Month,Yes,Mailed check,62.79,629.79,No,0,New (0-12m),2,62.979,0,0,0,62.98
CUST-02999,Female,No,No,No,37,Yes,Yes,Fiber optic,No,No,No,No,No,No,Month-To-Month,Yes,Electronic check,84.46,3133.51,No,0,Established (25-48m),0,84.68945945945947,0,0,0,84.69
CUST-03000,Female,No,No,Yes,33,Yes,Yes,Fiber optic,No,No,Yes,No,Yes,No,Two Year,Yes,Electronic check,94.5,3126.5,No,0,Established (25-48m),2,94.74242424242425,0,1,0,94.74
CUST-03001,Female,No,Yes,Yes,66,Yes,No,Fiber optic,No,Yes,Yes,Yes,No,No,Month-To-Month,Yes,Credit card,92.85,6134.26,No,0,Loyal (49m+),3,92.94333333333334,0,0,0,92.94
CUST-03002,Female,No,No,Yes,45,Yes,No,Fiber optic,Yes,Yes,No,Yes,Yes,Yes,Month-To-Month,No,Electronic check,103.43,4649.94,No,0,Established (25-48m),5,103.332,0,1,0,103.33
CUST-03003,Female,No,Yes,Yes,28,Yes,Yes,No,No internet service,No internet service,No internet service,No internet service,No internet service,No internet service,One Year,Yes,Mailed check,34.76,970.74,No,0,Established (25-48m),0,34.669285714285714,0,0,0,34.67
CUST-03004,Female,No,No,No,59,Yes,No,Fiber optic,No,Yes,No,Yes,No,No,Month-To-Month,Yes,Bank transfer,92.28,5442.85,No,0,Loyal (49m+),2,92.25169491525425,0,0,0,92.25
CUST-03005,Male,No,Yes,No,53,Yes,Yes,No,No internet service,No internet service,No internet service,No internet service,No internet service,No internet service,Two Year,No,Credit card,35.35,1863.64,No,0,Loyal (49m+),0,35.16301886792453,0,0,0,35.16
CUST-03006,F,No,Yes,Yes,68,Yes,No,DSL,No,No,No,Yes,No,Yes,Month-To-Month,Yes,Electronic check,63.0,4278.62,No,0,Loyal (49m+),2,62.92088235294118,0,1,0,62.92
CUST-03007,Female,No,Yes,No,8,Yes,Yes,No,No internet service,No internet service,No internet service,No internet service,No internet service,No internet service,Two Year,No,Electronic check,36.21,293.96,No,0,New (0-12m),0,36.745,0,0,0,36.74
CUST-03008,Male,No,Yes,Yes,9,Yes,Yes,DSL,No,No,No,Yes,No,Yes,One Year,Yes,Bank transfer,71.79,647.0,No,0,New (0-12m),2,71.88888888888889,0,1,0,71.89
CUST-03009,Female,No,No,No,67,Yes,Yes,DSL,Yes,No,Yes,No,Yes,No,Month-To-Month,No,Bank transfer,76.54,5137.33,Yes,0,Loyal (49m+),3,76.6765671641791,0,1,0,76.68
CUST-03010,Male,No,No,No,57,Yes,Yes,Fiber optic,No,No,No,No,Yes,Yes,Month-To-Month,No,Credit card,96.59,5496.21,No,0,Loyal (49m+),2,96.42473684210526,0,1,0,96.42
CUST-03011,Female,No,Yes,No,51,Yes,No,Fiber optic,No,Yes,No,No,No,No,Month-To-Month,No,Electronic check,86.56,4412.13,No,0,Loyal (49m+),1,86.51235294117647,0,0,0,86.51
CUST-03012,Female,Yes,No,No,33,Yes,No,Fiber optic,No,Yes,Yes,No,Yes,No,Month-To-Month,No,Bank transfer,93.61,3093.28,No,0,Established (25-48m),3,93.73575757575759,0,1,0,93.74
CUST-03013,Male,Yes,Yes,No,34,Yes,Yes,No,No internet service,No internet service,No internet service,No internet service,No internet service,No internet service,Month-To-Month,Yes,Mailed check,35.47,1198.65,Yes,0,Established (25-48m),0,35.254411764705885,0,0,0,35.25
CUST-03014,Male,No,Yes,No,32,No,No phone service,Fiber optic,No,No,No,No,No,Yes,One Year,Yes,Credit card,73.31,2345.91,No,0,Established (25-48m),1,73.3096875,0,1,0,73.31
CUST-03015,Female,No,No,Yes,71,Yes,Yes,DSL,No,No,Yes,Yes,No,No,One Year,No,Mailed check,69.14,4899.26,No,0,Loyal (49m+),2,69.003661971831,0,0,0,69.0
CUST-03016,Female,No,Yes,No,31,Yes,No,Fiber optic,No,Yes,No,No,No,No,One Year,Yes,Mailed check,84.59,2615.89,No,0,Established (25-48m),1,84.38354838709677,0,0,0,84.38
CUST-03017,Male,No,Yes,Yes,54,Yes,No,Fiber optic,Yes,Yes,No,No,Yes,Yes,Month-To-Month,No,Electronic check,99.66,5390.4,Yes,0,Loyal (49m+),4,99.82222222222221,0,1,0,99.82
CUST-03018,Male,No,Yes,Yes,7,Yes,No,DSL,No,No,Yes,No,No,No,One Year,Yes,Electronic check,59.69,419.82,No,0,New (0-12m),1,59.97428571428571,0,0,0,59.97
CUST-03019,Female,No,Yes,Yes,45,Yes,No,Fiber optic,Yes,No,Yes,No,Yes,No,Month-To-Month,No,Mailed check,96.42,4344.08,No,0,Established (25-48m),3,96.5351111111111,0,1,0,96.54
CUST-03020,Male,No,Yes,Yes,13,No,No phone service,DSL,No,No,No,No,No,Yes,Two Year,Yes,Electronic check,50.6,649.84,No,0,Mid-term (13-24m),1,49.98769230769231,0,1,0,49.99
CUST-03021,Female,No,No,Yes,7,No,No phone service,No,No internet service,No internet service,No internet service,No internet service,No internet service,No internet service,Two Year,Yes,Mailed check,20.71,139.66,No,0,New (0-12m),0,19.951428571428572,0,0,0,19.95
CUST-03022,Female,No,No,No,70,Yes,Yes,Fiber optic,Yes,Yes,Yes,No,No,No,Two Year,No,Electronic check,101.34,7087.64,No,0,Loyal (49m+),3,101.25200000000001,0,0,0,101.25
CUST-03023,Female,No,No,No,53,Yes,No,Fiber optic,Yes,No,No,Yes,Yes,No,One Year,Yes,Credit card,93.53,4952.59,No,0,Loyal (49m+),3,93.44509433962264,0,1,0,93.45
CUST-03024,Female,No,Yes,No,20,No,No phone service,No,No internet service,No internet service,No internet service,No internet service,No internet service,No internet service,Month-To-Month,Yes,Electronic check,19.8858,391.57,No,0,Mid-term (13-24m),0,19.5785,0,0,0,19.58
CUST-03025,Male,No,Yes,No,13,Yes,No,DSL,No,No,No,No,No,Yes,Month-To-Month,Yes,Bank transfer,61.78,804.41,No,0,Mid-term (13-24m),1,61.87769230769231,0,1,0,61.88
CUST-03026,Male,No,Yes,Yes,1,Yes,No,Fiber optic,No,No,Yes,No,Yes,Yes,Two Year,No,Bank transfer,96.03,100.14,No,0,New (0-12m),3,100.14,1,1,0,100.14
CUST-03027,Male,No,Yes,Yes,60,Yes,No,DSL,No,No,No,No,No,No,Month-To-Month,No,Electronic check,56.9,3414.97,No,0,Loyal (49m+),0,56.91616666666666,0,0,0,56.92
CUST-03028,Male,No,Yes,Yes,16,Yes,Yes,Fiber optic,No,No,No,No,No,No,Month-To-Month,No,Electronic check,84.77,1352.3,No,0,Mid-term (13-24m),0,84.51875,0,0,0,84.52
CUST-03029,Male,No,Yes,No,47,Yes,Yes,Fiber optic,Yes,Yes,No,No,Yes,Yes,Two Year,Yes,Credit card,106.22660000000005,5001.41,No,0,Established (25-48m),4,106.41297872340425,0,1,0,106.41
CUST-03030,Male,No,No,No,7,Yes,Yes,DSL,Yes,No,No,No,No,Yes,One Year,Yes,Electronic check,68.83,482.85,No,0,New (0-12m),2,68.97857142857143,0,1,0,68.98
CUST-03031,Male,No,Yes,No,55,Yes,No,Fiber optic,No,No,No,Yes,No,No,Month-To-Month,Yes,Electronic check,86.84,4778.97,Yes,0,Loyal (49m+),1,86.89036363636365,0,0,0,86.89
CUST-03032,Female,No,No,Yes,16,Yes,No,Fiber optic,No,No,No,No,No,No,Month-To-Month,Yes,Mailed check,78.98,1257.91,No,0,Mid-term (13-24m),0,78.619375,0,0,0,78.62
CUST-03033,Male,No,Yes,Yes,68,Yes,Yes,Fiber optic,No,No,No,Yes,No,Yes,Month-To-Month,Yes,Mailed check,94.2,6414.79,No,0,Loyal (49m+),2,94.33514705882352,0,1,0,94.34
CUST-03034,Male,No,No,Yes,11,Yes,No,No,No internet service,No internet service,No internet service,No internet service,No internet service,No internet service,One Year,No,Electronic check,31.09,338.54,No,0,New (0-12m),0,30.776363636363637,0,0,0,30.78
CUST-03035,Female,No,Yes,No,37,Yes,No,Fiber optic,No,No,Yes,No,No,Yes,Month-To-Month,Yes,Credit card,91.24,3373.27,Yes,0,Established (25-48m),2,91.16945945945946,0,1,0,91.17
CUST-03036,Male,No,No,Yes,17,Yes,Yes,Fiber optic,No,No,Yes,Yes,No,Yes,Two Year,Yes,Credit card,97.76,1662.73,No,0,Mid-term (13-24m),3,97.80764705882353,0,1,0,97.81
CUST-03037,Male,No,No,Yes,25,Yes,No,Fiber optic,No,No,No,No,Yes,Yes,One Year,Yes,Credit card,88.25,2197.24,No,0,Established (25-48m),2,87.88959999999999,0,1,0,87.89
CUST-03038,Female,Yes,Yes,Yes,36,Yes,No,Fiber optic,Yes,Yes,No,No,No,Yes,Month-To-Month,Yes,Mailed check,93.75,3368.82,No,0,Established (25-48m),3,93.57833333333333,0,1,0,93.58
CUST-03039,Male,No,Yes,No,69,No,No phone service,Fiber optic,No,No,No,No,No,No,Month-To-Month,Yes,Credit card,72.5,5008.75,No,0,Loyal (49m+),0,72.59057971014492,0,0,0,72.59
CUST-03040,M,No,No,No,40,Yes,No,No,No internet service,No internet service,No internet service,No internet service,No internet service,No internet service,Month-To-Month,Yes,Bank transfer,31.61,1270.28,No,0,Established (25-48m),0,31.756999999999998,0,0,0,31.76
CUST-03041,Male,No,Yes,No,41,Yes,No,DSL,No,Yes,No,Yes,No,Yes,Two Year,Yes,Credit card,71.08,2907.12,No,0,Established (25-48m),3,70.90536585365854,0,1,0,70.91
CUST-03042,Female,No,Yes,Yes,40,Yes,Yes,DSL,No,Yes,No,No,Yes,Yes,Month-To-Month,No,Mailed check,77.32,3094.59,No,0,Established (25-48m),3,77.36475,0,1,0,77.36
CUST-03043,Male,Yes,Yes,Yes,46,Yes,Yes,Fiber optic,No,No,No,Yes,Yes,No,Two Year,Yes,Electronic check,95.94,4404.57,Yes,0,Established (25-48m),2,95.75152173913042,0,1,0,95.75
CUST-03044,Male,No,No,No,13,Yes,No,DSL,No,Yes,No,Yes,No,Yes,Month-To-Month,No,Credit card,70.96,913.97,No,0,Mid-term (13-24m),3,70.30538461538461,0,1,0,70.31
CUST-03045,Female,No,Yes,No,0,Yes,Yes,DSL,No,No,No,Yes,No,No,Month-To-Month,Yes,Mailed check,66.99,0.0,Yes,0,New (0-12m),1,66.99,1,0,0,66.99
CUST-03046,Male,No,No,Yes,16,Yes,No,DSL,Yes,No,No,No,Yes,No,Two Year,No,Credit card,64.01,1023.57,Yes,0,Mid-term (13-24m),2,63.973125,0,1,0,63.97
CUST-03047,Female,No,No,No,54,Yes,No,No,No internet service,No internet service,No internet service,No internet service,No internet service,No internet service,Month-To-Month,Yes,Electronic check,27.51,1494.07,No,0,Loyal (49m+),0,27.66796296296296,0,0,0,27.67
CUST-03048,Female,No,Yes,No,52,Yes,No,DSL,Yes,Yes,Yes,No,No,No,One Year,Yes,Credit card,71.07,3695.2,No,0,Loyal (49m+),3,71.06153846153846,0,0,0,71.06
CUST-03049,Male,No,No,Yes,30,Yes,No,DSL,No,No,No,No,Yes,No,Month-To-Month,Yes,Electronic check,58.28,1754.54,Yes,0,Established (25-48m),1,58.48466666666666,0,1,0,58.48
CUST-03050,Female,No,Yes,No,61,Yes,Yes,Fiber optic,No,Yes,No,No,Yes,No,Two Year,Yes,Mailed check,93.94,5733.12,No,0,Loyal (49m+),2,93.9855737704918,0,1,0,93.99
CUST-03051,Female,No,Yes,No,7,Yes,Yes,No,No internet service,No internet service,No internet service,No internet service,No internet service,No internet service,Two Year,No,Mailed check,36.61,254.88,No,0,New (0-12m),0,36.41142857142857,0,0,0,36.41
CUST-03052,Male,No,No,No,29,Yes,Yes,Fiber optic,No,Yes,Yes,No,No,Yes,Two Year,No,Bank transfer,101.39,2941.41,No,0,Established (25-48m),3,101.42793103448275,0,1,0,101.43
CUST-03053,Female,Yes,No,No,65,Yes,Yes,No,No internet service,No internet service,No internet service,No internet service,No internet service,No internet service,Month-To-Month,Yes,Bank transfer,34.87,2275.23,No,0,Loyal (49m+),0,35.00353846153846,0,0,0,35.0
CUST-03054,Female,No,No,Yes,44,Yes,No,No,No internet service,No internet service,No internet service,No internet service,No internet service,No internet service,Month-To-Month,Yes,Mailed check,28.02,1224.4,No,0,Established (25-48m),0,27.827272727272728,0,0,0,27.83
CUST-03055,Male,No,No,No,17,Yes,Yes,Fiber optic,Yes,No,No,No,Yes,Yes,Month-To-Month,Yes,Electronic check,98.99,1683.42,No,0,Mid-term (13-24m),3,99.02470588235295,0,1,0,99.02
CUST-03056,male,No,No,No,44,Yes,No,DSL,Yes,No,No,No,No,Yes,Month-To-Month,No,Mailed check,64.88,2845.76,Yes,0,Established (25-48m),2,64.67636363636365,0,1,0,64.68
CUST-03057,Male,No,Yes,Yes,18,Yes,No,Fiber optic,No,Yes,Yes,No,No,No,One Year,No,Electronic check,91.34,1645.23,Yes,0,Mid-term (13-24m),2,91.40166666666667,0,0,0,91.4
CUST-03058,Female,No,No,No,67,Yes,No,Fiber optic,Yes,No,Yes,Yes,No,No,Month-To-Month,Yes,Bank transfer,97.42,6529.28,No,0,Loyal (49m+),3,97.45194029850745,0,0,0,97.45
CUST-03059,Male,No,Yes,Yes,49,Yes,No,DSL,No,Yes,Yes,Yes,Yes,Yes,Month-To-Month,Yes,Electronic check,80.63,3957.02,Yes,0,Loyal (49m+),5,80.75551020408163,0,1,0,80.76
CUST-03060,Female,No,Yes,Yes,24,Yes,No,No,No internet service,No internet service,No internet service,No internet service,No internet service,No internet service,Month-To-Month,Yes,Mailed check,27.77,672.44,Yes,0,Mid-term (13-24m),0,28.018333333333334,0,0,0,28.02
CUST-03061,Female,No,No,No,37,Yes,Yes,Fiber optic,No,No,No,No,No,No,Two Year,Yes,Credit card,83.61,3083.77,No,0,Established (25-48m),0,83.34513513513514,0,0,0,83.35
CUST-03062,Female,Yes,No,No,35,Yes,No,No,No internet service,No internet service,No internet service,No internet service,No internet service,No internet service,Two Year,Yes,Electronic check,28.8,999.42,Yes,0,Established (25-48m),0,28.55485714285714,0,0,0,28.55
CUST-03063,Female,No,No,No,67,Yes,Yes,Fiber optic,No,No,No,No,No,No,Month-To-Month,No,Bank transfer,85.67,5743.58,No,0,Loyal (49m+),0,85.72507462686568,0,0,0,85.73
CUST-03064,Female,No,No,No,55,No,No phone service,DSL,No,No,Yes,No,Yes,No,Month-To-Month,No,Electronic check,52.59,2886.11,No,0,Loyal (49m+),2,52.47472727272727,0,1,0,52.47
CUST-03065,Female,Yes,No,No,38,Yes,No,No,No internet service,No internet service,No internet service,No internet service,No internet service,No internet service,Month-To-Month,Yes,Electronic check,30.03,1141.7,No,0,Established (25-48m),0,30.044736842105266,0,0,0,30.04
CUST-03066,Female,No,Yes,Yes,62,Yes,No,Fiber optic,No,Yes,No,No,No,Yes,Month-To-Month,No,Bank transfer,92.48,5728.39,No,0,Loyal (49m+),2,92.3933870967742,0,1,0,92.39
CUST-03067,Male,No,Yes,No,6,Yes,No,Fiber optic,Yes,No,No,Yes,No,No,Month-To-Month,Yes,Mailed check,91.34,554.73,No,0,New (0-12m),2,92.455,0,0,0,92.46
CUST-03068,Male,No,Yes,Yes,57,Yes,No,No,No internet service,No internet service,No internet service,No internet service,No internet service,No internet service,Two Year,Yes,Mailed check,31.35,1790.57,No,0,Loyal (49m+),0,31.413508771929823,0,0,0,31.41
CUST-03069,Female,No,No,No,58,Yes,Yes,DSL,No,No,Yes,No,Yes,No,Month-To-Month,No,Credit card,71.23,4130.05,No,0,Loyal (49m+),2,71.20775862068966,0,1,0,71.21
CUST-03070,Female,Yes,No,Yes,47,Yes,No,Fiber optic,No,No,No,No,Yes,Yes,Month-To-Month,Yes,Credit card,90.92,4267.73,No,0,Established (25-48m),2,90.8027659574468,0,1,0,90.8
CUST-03071,Male,Yes,Yes,No,4,Yes,Yes,DSL,No,No,No,Yes,Yes,No,Month-To-Month,Yes,Credit card,68.99,279.15,No,0,New (0-12m),2,69.7875,0,1,0,69.79
CUST-03072,Female,No,No,No,35,Yes,Yes,No,No internet service,No internet service,No internet service,No internet service,No internet service,No internet service,Month-To-Month,Yes,Bank transfer,36.41,1271.38,Yes,0,Established (25-48m),0,36.32514285714286,0,0,0,36.33
CUST-03073,Male,No,No,No,24,Yes,Yes,Fiber optic,No,No,Yes,No,Yes,No,Month-To-Month,No,Mailed check,95.73,2299.3,No,0,Mid-term (13-24m),2,95.80416666666667,0,1,0,95.8
CUST-03074,Male,No,No,No,44,Yes,Yes,DSL,No,No,Yes,No,No,No,Month-To-Month,Yes,Mailed check,63.64,2803.52,No,0,Established (25-48m),1,63.71636363636364,0,0,0,63.72
CUST-03075,Male,No,Yes,No,18,Yes,Yes,DSL,Yes,No,Yes,No,No,Yes,Month-To-Month,No,Bank transfer,77.39,1385.77,Yes,0,Mid-term (13-24m),3,76.98722222222221,0,1,0,76.99
CUST-03076,Female,No,No,Yes,6,Yes,No,Fiber optic,No,Yes,No,No,Yes,No,Month-To-Month,Yes,Mailed check,92.42,545.51,No,0,New (0-12m),2,90.91833333333334,0,1,0,90.92
CUST-03077,Female,No,Yes,No,57,Yes,No,Fiber optic,Yes,No,No,Yes,No,No,Month-To-Month,Yes,Electronic check,89.37,5093.96,No,0,Loyal (49m+),2,89.36771929824562,0,0,0,89.37
CUST-03078,Male,Yes,No,No,65,Yes,No,DSL,No,No,No,No,Yes,No,One Year,Yes,Electronic check,61.27,3975.72,No,0,Loyal (49m+),1,61.164923076923074,0,1,0,61.16
CUST-03079,Male,Yes,No,No,38,Yes,No,No,No internet service,No internet service,No internet service,No internet service,No internet service,No internet service,Month-To-Month,Yes,Mailed check,30.91,1166.37,Yes,0,Established (25-48m),0,30.69394736842105,0,0,0,30.69
CUST-03080,Male,No,Yes,Yes,17,Yes,Yes,No,No internet service,No internet service,No internet service,No internet service,No internet service,No internet service,Month-To-Month,No,Electronic check,35.42,593.92,No,0,Mid-term (13-24m),0,34.936470588235295,0,0,0,34.94
CUST-03081,Male,No,No,No,0,Yes,No,Fiber optic,Yes,No,Yes,No,No,Yes,Two Year,No,Electronic check,93.4,0.0,No,0,New (0-12m),3,93.4,1,1,0,93.4
CUST-03082,Male,No,No,No,62,No,No phone service,DSL,No,No,No,No,Yes,No,Month-To-Month,Yes,Bank transfer,49.84,3098.19,No,0,Loyal (49m+),1,49.9708064516129,0,1,0,49.97
CUST-03083,Female,No,No,No,2,Yes,No,No,No internet service,No internet service,No internet service,No internet service,No internet service,No internet service,One Year,Yes,Electronic check,31.15,70.94,No,0,New (0-12m),0,35.47,1,0,0,35.47
CUST-03084,Male,No,Yes,Yes,20,Yes,Yes,No,No internet service,No internet service,No internet service,No internet service,No internet service,No internet service,Two Year,Yes,Bank transfer,37.44,757.52,No,0,Mid-term (13-24m),0,37.876,0,0,0,37.88
CUST-03085,F,No,No,No,29,Yes,Yes,DSL,No,No,No,No,No,No,Month-To-Month,No,Bank transfer,60.57,1759.95,No,0,Established (25-48m),0,60.68793103448276,0,0,0,60.69
CUST-03086,Male,No,No,No,10,Yes,Yes,Fiber optic,No,No,Yes,Yes,No,No,Two Year,Yes,Electronic check,96.26,971.12,No,0,New (0-12m),2,97.112,0,0,0,97.11
CUST-03087,Female,No,No,Yes,21,Yes,Yes,No,No internet service,No internet service,No internet service,No internet service,No internet service,No internet service,Two Year,No,Electronic check,37.07,771.11,No,0,Mid-term (13-24m),0,36.71952380952381,0,0,0,36.72
CUST-03088,Female,No,No,No,56,Yes,Yes,Fiber optic,Yes,Yes,No,Yes,No,No,Month-To-Month,Yes,Electronic check,100.57,5633.95,No,0,Loyal (49m+),3,100.60625,0,0,0,100.61
CUST-03089,Female,Yes,No,Yes,2,No,No phone service,No,No internet service,No internet service,No internet service,No internet service,No internet service,No internet service,Two Year,No,Mailed check,21.32,47.84,Yes,0,New (0-12m),0,23.92,1,0,0,23.92
CUST-03090,Female,No,Yes,No,29,Yes,Yes,No,No internet service,No internet service,No internet service,No internet service,No internet service,No internet service,Month-To-Month,No,Bank transfer,34.79,1017.77,No,0,Established (25-48m),0,35.09551724137931,0,0,0,35.1
CUST-03091,Female,No,Yes,No,44,Yes,No,Fiber optic,No,Yes,No,Yes,Yes,Yes,Month-To-Month,Yes,Mailed check,98.96,4350.81,No,0,Established (25-48m),4,98.88204545454546,0,1,0,98.88
CUST-03092,Female,No,No,Yes,35,Yes,No,No,No internet service,No internet service,No internet service,No internet service,No internet service,No internet service,Two Year,No,Mailed check,29.97,1050.65,No,0,Established (25-48m),0,30.01857142857143,0,0,0,30.02
CUST-03093,Male,No,No,No,71,Yes,No,DSL,No,No,No,No,No,No,Two Year,No,Mailed check,52.94,3756.81,No,0,Loyal (49m+),0,52.91281690140845,0,0,0,52.91
CUST-03094,Female,Yes,Yes,Yes,63,Yes,Yes,DSL,Yes,No,No,No,Yes,Yes,One Year,No,Bank transfer,77.15,4861.22,No,0,Loyal (49m+),3,77.16222222222223,0,1,0,77.16
CUST-03095,Male,No,No,Yes,53,Yes,No,DSL,Yes,No,Yes,No,No,No,Month-To-Month,Yes,Electronic check,64.05,3394.72,Yes,0,Loyal (49m+),2,64.05132075471698,0,0,0,64.05
CUST-03096,Female,No,No,No,67,No,No phone service,Fiber optic,No,No,Yes,No,Yes,No,Month-To-Month,Yes,Bank transfer,79.81,5354.26,No,0,Loyal (49m+),2,79.91432835820896,0,1,0,79.91
CUST-03097,Female,No,No,No,49,Yes,Yes,DSL,Yes,No,No,Yes,No,No,One Year,No,Bank transfer,70.77,3474.21,No,0,Loyal (49m+),2,70.90224489795918,0,0,0,70.9
CUST-03098,Male,No,No,No,30,Yes,No,DSL,No,No,No,Yes,Yes,No,Month-To-Month,No,Electronic check,65.02,1948.5,No,0,Established (25-48m),2,64.95,0,1,0,64.95
CUST-03099,Female,No,No,Yes,28,Yes,Yes,DSL,No,No,Yes,Yes,No,Yes,Two Year,No,Mailed check,73.91,2065.1,No,0,Established (25-48m),3,73.75357142857142,0,1,0,73.75
CUST-03100,Male,No,No,Yes,58,Yes,Yes,Fiber optic,Yes,No,No,No,No,No,Month-To-Month,Yes,Electronic check,92.42,5367.38,Yes,0,Loyal (49m+),1,92.54103448275862,0,0,0,92.54
CUST-03101,Male,No,No,No,35,Yes,Yes,No,No internet service,No internet service,No internet service,No internet service,No internet service,No internet service,Month-To-Month,Yes,Mailed check,36.74,1294.99,No,0,Established (25-48m),0,36.99971428571428,0,0,0,37.0
CUST-03102,Male,No,No,No,72,Yes,No,Fiber optic,No,No,Yes,No,No,No,Month-To-Month,No,Electronic check,83.01,5967.09,No,0,Loyal (49m+),1,82.87625,0,0,0,82.88
CUST-03103,Male,No,Yes,Yes,66,Yes,No,No,No internet service,No internet service,No internet service,No internet service,No internet service,No internet service,Month-To-Month,Yes,Electronic check,29.34,1936.46,No,0,Loyal (49m+),0,29.34030303030303,0,0,0,29.34
CUST-03104,Female,No,Yes,Yes,10,Yes,No,DSL,No,No,Yes,No,No,No,One Year,No,Mailed check,58.47,590.13,No,0,New (0-12m),1,59.013,0,0,0,59.01
CUST-03105,Female,No,No,Yes,10,Yes,Yes,Fiber optic,No,No,Yes,No,No,Yes,Month-To-Month,Yes,Bank transfer,94.89,958.62,No,0,New (0-12m),2,95.862,0,1,0,95.86
CUST-03106,Male,No,No,No,25,Yes,No,DSL,No,Yes,No,No,Yes,No,Two Year,Yes,Credit card,63.54,1589.11,No,0,Established (25-48m),2,63.5644,0,1,0,63.56
CUST-03107,Female,Yes,No,No,52,Yes,No,Fiber optic,Yes,Yes,Yes,No,Yes,No,Month-To-Month,Yes,Bank transfer,99.06,5155.5,No,0,Loyal (49m+),4,99.14423076923077,0,1,0,99.14
CUST-03108,Female,Yes,No,No,13,Yes,Yes,Fiber optic,No,No,No,No,No,No,Month-To-Month,No,Mailed check,85.1,1114.97,No,0,Mid-term (13-24m),0,85.76692307692308,0,0,0,85.77
CUST-03109,Male,No,Yes,Yes,63,Yes,No,Fiber optic,No,Yes,No,No,No,No,One Year,No,Credit card,83.22,5240.36,Yes,0,Loyal (49m+),1,83.18031746031745,0,0,0,83.18
CUST-03110,Female,No,Yes,Yes,9,Yes,No,DSL,No,No,No,No,No,Yes,Month-To-Month,No,Electronic check,61.8,563.9,No,0,New (0-12m),1,62.65555555555555,0,1,0,62.66
CUST-03111,Male,No,Yes,Yes,30,Yes,Yes,DSL,No,Yes,No,No,Yes,No,One Year,Yes,Electronic check,69.31,2074.62,No,0,Established (25-48m),2,69.154,0,1,0,69.15
CUST-03112,Male,No,Yes,Yes,35,Yes,Yes,DSL,No,No,Yes,No,No,No,Two Year,Yes,Mailed check,67.07,2351.96,No,0,Established (25-48m),1,67.19885714285715,0,0,0,67.2
CUST-03113,Female,No,No,No,9,Yes,No,Fiber optic,Yes,Yes,No,No,No,No,One Year,No,Mailed check,87.65,797.97,No,0,New (0-12m),2,88.66333333333334,0,0,0,88.66
CUST-03114,Female,No,No,Yes,25,Yes,No,DSL,Yes,Yes,No,No,Yes,No,Month-To-Month,Yes,Mailed check,71.36,1786.97,No,0,Established (25-48m),3,71.4788,0,1,0,71.48
CUST-03115,Female,No,No,Yes,19,Yes,Yes,Fiber optic,No,No,No,Yes,Yes,Yes,Two Year,No,Bank transfer,101.82,1932.1,No,0,Mid-term (13-24m),3,101.68947368421053,0,1,0,101.69
CUST-03116,Male,No,Yes,No,43,Yes,Yes,DSL,Yes,Yes,No,No,Yes,Yes,Two Year,No,Electronic check,82.42,3535.62,No,0,Established (25-48m),4,82.22372093023256,0,1,0,82.22
CUST-03117,Male,Yes,No,No,61,Yes,Yes,No,No internet service,No internet service,No internet service,No internet service,No internet service,No internet service,Month-To-Month,Yes,Mailed check,33.16,2016.77,No,0,Loyal (49m+),0,33.06180327868852,0,0,0,33.06
CUST-03118,Female,No,No,No,72,Yes,No,Fiber optic,Yes,No,Yes,No,No,Yes,One Year,No,Mailed check,94.67,6820.83,No,0,Loyal (49m+),3,94.73375,0,1,0,94.73
CUST-03119,Female,No,Yes,Yes,8,Yes,Yes,DSL,No,Yes,No,Yes,No,Yes,Month-To-Month,No,Credit card,76.3,620.19,No,0,New (0-12m),3,77.52375,0,1,0,77.52
CUST-03120,Female,No,Yes,Yes,70,No,No phone service,Fiber optic,Yes,No,No,Yes,No,Yes,Month-To-Month,No,Credit card,85.07,5961.9,No,0,Loyal (49m+),3,85.17,0,1,0,85.17
CUST-03121,Female,No,Yes,Yes,23,Yes,Yes,Fiber optic,Yes,Yes,No,No,No,No,Month-To-Month,Yes,Bank transfer,96.6,2227.63,No,0,Mid-term (13-24m),2,96.85347826086957,0,0,0,96.85
CUST-03122,Male,Yes,Yes,Yes,11,Yes,No,No,No internet service,No internet service,No internet service,No internet service,No internet service,No internet service,Two Year,No,Electronic check,32.42,346.99,No,0,New (0-12m),0,31.544545454545457,0,0,0,31.54
CUST-03123,Female,No,Yes,Yes,59,Yes,Yes,Fiber optic,Yes,No,Yes,No,Yes,No,One Year,Yes,Electronic check,101.28,5980.19,No,0,Loyal (49m+),3,101.35915254237287,0,1,0,101.36
CUST-03124,Male,No,No,Yes,15,Yes,Yes,Fiber optic,Yes,No,No,No,Yes,Yes,Month-To-Month,Yes,Electronic check,101.21,1524.7,Yes,0,Mid-term (13-24m),3,101.64666666666668,0,1,0,101.65
CUST-03125,Male,No,No,No,28,Yes,No,Fiber optic,No,No,No,No,No,Yes,Month-To-Month,Yes,Credit card,85.34,2386.02,No,0,Established (25-48m),1,85.215,0,1,0,85.22
CUST-03126,Female,No,Yes,Yes,31,Yes,Yes,Fiber optic,Yes,No,No,No,No,No,Two Year,Yes,Credit card,89.82,2794.41,No,0,Established (25-48m),1,90.14225806451613,0,0,0,90.14
CUST-03127,Female,No,No,No,34,Yes,Yes,Fiber optic,No,No,Yes,No,No,No,Month-To-Month,Yes,Mailed check,91.68,3107.84,Yes,0,Established (25-48m),1,91.40705882352941,0,0,0,91.41
CUST-03128,F,No,No,No,42,Yes,No,DSL,No,No,No,No,Yes,Yes,Month-To-Month,Yes,Bank transfer,63.66,2671.54,No,0,Established (25-48m),2,63.60809523809524,0,1,0,63.61
CUST-03129,Male,No,No,No,52,Yes,No,Fiber optic,No,No,Yes,No,Yes,Yes,Two Year,No,Mailed check,96.81,5028.37,No,0,Loyal (49m+),3,96.69942307692307,0,1,0,96.7
CUST-03130,Female,No,No,Yes,19,Yes,Yes,Fiber optic,No,Yes,No,No,No,No,One Year,Yes,Electronic check,91.69,1751.56,No,0,Mid-term (13-24m),1,92.18736842105262,0,0,0,92.19
CUST-03131,Female,No,Yes,Yes,7,No,No phone service,Fiber optic,No,No,Yes,No,No,No,Month-To-Month,Yes,Bank transfer,76.19,536.77,Yes,0,New (0-12m),1,76.68142857142857,0,0,0,76.68
CUST-03132,Male,No,No,No,41,Yes,No,DSL,Yes,No,Yes,No,No,No,Month-To-Month,Yes,Mailed check,65.98,2703.51,Yes,0,Established (25-48m),2,65.93926829268293,0,0,0,65.94
CUST-03133,Female,No,No,Yes,69,Yes,No,DSL,Yes,Yes,Yes,No,Yes,Yes,Two Year,Yes,Credit card,77.54,5359.71,No,0,Loyal (49m+),5,77.67695652173913,0,1,0,77.68
CUST-03134,Male,No,No,Yes,15,Yes,No,Fiber optic,Yes,Yes,No,No,No,No,Two Year,Yes,Electronic check,92.45,1377.98,No,0,Mid-term (13-24m),2,91.86533333333334,0,0,0,91.87
CUST-03135,Female,No,Yes,No,68,No,No phone service,Fiber optic,Yes,No,No,No,Yes,No,Month-To-Month,Yes,Electronic check,79.46,5397.67,No,0,Loyal (49m+),2,79.3775,0,1,0,79.38
CUST-03136,Male,No,No,No,52,Yes,Yes,DSL,No,No,Yes,No,No,No,Month-To-Month,No,Bank transfer,64.4,3347.25,Yes,0,Loyal (49m+),1,64.3701923076923,0,0,0,64.37
CUST-03137,Female,No,Yes,Yes,44,Yes,Yes,DSL,Yes,Yes,No,No,No,Yes,Month-To-Month,No,Credit card,77.44,3399.85,No,0,Established (25-48m),3,77.26931818181818,0,1,0,77.27
CUST-03138,Female,No,Yes,Yes,50,Yes,Yes,Fiber optic,Yes,No,Yes,No,No,No,Month-To-Month,Yes,Electronic check,93.71,4695.44,No,0,Loyal (49m+),2,93.90879999999999,0,0,0,93.91
CUST-03139,Male,No,Yes,Yes,5,Yes,No,DSL,No,Yes,No,Yes,No,Yes,One Year,Yes,Mailed check,72.27,362.82,No,0,New (0-12m),3,72.564,0,1,0,72.56
CUST-03140,Male,No,Yes,No,32,Yes,No,No,No internet service,No internet service,No internet service,No internet service,No internet service,No internet service,Month-To-Month,Yes,Credit card,29.43,935.0,Yes,0,Established (25-48m),0,29.21875,0,0,0,29.22
CUST-03141,Female,No,No,No,14,Yes,Yes,DSL,No,No,No,Yes,No,No,Two Year,Yes,Bank transfer,62.99,876.83,Yes,0,Mid-term (13-24m),1,62.63071428571429,0,0,0,62.63
CUST-03142,Male,No,Yes,Yes,13,Yes,No,DSL,Yes,No,No,No,Yes,Yes,One Year,Yes,Mailed check,70.12,909.48,No,0,Mid-term (13-24m),3,69.96000000000001,0,1,0,69.96
CUST-03143,Male,No,Yes,Yes,38,No,No phone service,DSL,No,Yes,No,No,No,Yes,One Year,No,Mailed check,56.03,2133.67,No,0,Established (25-48m),2,56.14921052631579,0,1,0,56.15
CUST-03144,Male,No,Yes,Yes,62,Yes,Yes,DSL,Yes,No,No,No,No,No,Two Year,Yes,Credit card,65.55,4060.18,No,0,Loyal (49m+),1,65.48677419354838,0,0,0,65.49
CUST-03145,Male,No,Yes,No,4,Yes,Yes,Fiber optic,No,No,Yes,No,Yes,Yes,Month-To-Month,No,Bank transfer,102.26,405.0,No,0,New (0-12m),3,101.25,0,1,0,101.25
CUST-03146,Female,No,Yes,Yes,51,Yes,No,DSL,Yes,No,Yes,Yes,No,No,Month-To-Month,Yes,Bank transfer,69.42,3542.94,Yes,0,Loyal (49m+),3,69.46941176470588,0,0,0,69.47
CUST-03147,Female,No,No,Yes,15,Yes,Yes,DSL,No,Yes,No,Yes,Yes,Yes,One Year,Yes,Credit card,79.71,1186.57,No,0,Mid-term (13-24m),4,79.10466666666666,0,1,0,79.1
CUST-03148,F,No,Yes,No,37,Yes,Yes,No,No internet service,No internet service,No internet service,No internet service,No internet service,No internet service,Two Year,No,Mailed check,33.73,1252.25,No,0,Established (25-48m),0,33.8445945945946,0,0,0,33.84
CUST-03149,Male,No,No,Yes,52,Yes,No,DSL,Yes,No,No,No,Yes,Yes,Month-To-Month,Yes,Credit card,70.39,3661.23,No,0,Loyal (49m+),3,70.40826923076924,0,1,0,70.41
CUST-03150,M,No,No,No,52,Yes,No,DSL,No,No,No,Yes,No,No,Two Year,Yes,Mailed check,62.2,3233.08,Yes,0,Loyal (49m+),1,62.174615384615386,0,0,0,62.17
CUST-03151,Male,No,Yes,Yes,45,Yes,No,DSL,Yes,Yes,No,Yes,No,Yes,Month-To-Month,Yes,Electronic check,74.23,3338.21,Yes,0,Established (25-48m),4,74.18244444444444,0,1,0,74.18
CUST-03152,Female,No,No,No,14,Yes,No,Fiber optic,Yes,No,Yes,No,No,No,Month-To-Month,Yes,Electronic check,88.07,1227.4,No,0,Mid-term (13-24m),2,87.67142857142858,0,0,0,87.67
CUST-03153,Female,No,No,Yes,58,Yes,Yes,Fiber optic,Yes,Yes,Yes,No,Yes,Yes,Month-To-Month,Yes,Mailed check,106.22660000000005,6335.95,No,0,Loyal (49m+),5,109.24051724137931,0,1,0,109.24
CUST-03154,Male,No,No,Yes,49,Yes,No,No,No internet service,No internet service,No internet service,No internet service,No internet service,No internet service,Two Year,Yes,Mailed check,31.92,1564.08,No,0,Loyal (49m+),0,31.919999999999998,0,0,0,31.92
CUST-03155,Male,No,Yes,No,8,Yes,No,Fiber optic,Yes,No,No,Yes,No,No,Month-To-Month,Yes,Bank transfer,92.0,729.97,No,0,New (0-12m),2,91.24625,0,0,0,91.25
CUST-03156,Male,No,Yes,No,25,Yes,Yes,Fiber optic,Yes,No,No,No,Yes,Yes,Month-To-Month,No,Credit card,98.11,2454.1,Yes,0,Established (25-48m),3,98.164,0,1,0,98.16
CUST-03157,Female,No,Yes,No,2,Yes,Yes,No,No internet service,No internet service,No internet service,No internet service,No internet service,No internet service,Two Year,Yes,Credit card,36.32,75.63,Yes,0,New (0-12m),0,37.815,1,0,0,37.82
CUST-03158,Male,Yes,Yes,No,46,Yes,Yes,Fiber optic,No,No,No,No,No,Yes,One Year,Yes,Electronic check,88.21,4056.82,No,0,Established (25-48m),1,88.19173913043478,0,1,0,88.19
CUST-03159,Female,Yes,Yes,No,4,Yes,No,DSL,No,Yes,No,No,Yes,No,Two Year,Yes,Bank transfer,66.92,259.82,No,0,New (0-12m),2,64.955,0,1,0,64.96
CUST-03160,Male,No,Yes,No,61,Yes,No,Fiber optic,No,Yes,No,Yes,No,No,Month-To-Month,No,Bank transfer,89.88,5491.43,Yes,0,Loyal (49m+),2,90.02344262295082,0,0,0,90.02
CUST-03161,Female,No,Yes,No,4,Yes,Yes,Fiber optic,Yes,Yes,No,No,No,Yes,Month-To-Month,No,Electronic check,101.99,414.62,No,0,New (0-12m),3,103.655,0,1,0,103.66
CUST-03162,Male,No,No,No,9,Yes,No,DSL,No,Yes,No,Yes,No,Yes,Month-To-Month,No,Mailed check,67.87,619.9,No,0,New (0-12m),3,68.87777777777778,0,1,0,68.88
CUST-03163,Female,No,No,No,62,Yes,Yes,DSL,No,Yes,No,No,Yes,Yes,Two Year,Yes,Electronic check,72.88,4515.92,Yes,0,Loyal (49m+),3,72.83741935483872,0,1,0,72.84
CUST-03164,Male,No,Yes,No,24,Yes,No,Fiber optic,Yes,No,Yes,No,Yes,Yes,One Year,Yes,Electronic check,102.18,2442.96,No,0,Mid-term (13-24m),4,101.79,0,1,0,101.79
CUST-03165,Male,No,No,Yes,43,Yes,Yes,DSL,No,No,No,Yes,Yes,No,One Year,No,Electronic check,71.36,3067.21,No,0,Established (25-48m),2,71.33046511627907,0,1,0,71.33
CUST-03166,Male,No,Yes,Yes,24,Yes,Yes,Fiber optic,No,No,No,No,Yes,No,Two Year,Yes,Bank transfer,88.23,2116.82,No,0,Mid-term (13-24m),1,88.20083333333334,0,1,0,88.2
CUST-03167,F,No,Yes,Yes,29,Yes,Yes,DSL,Yes,No,Yes,Yes,No,No,Month-To-Month,Yes,Bank transfer,76.95,2235.68,No,0,Established (25-48m),3,77.09241379310345,0,0,0,77.09
CUST-03168,Male,No,Yes,Yes,13,Yes,Yes,Fiber optic,No,No,No,Yes,No,Yes,One Year,Yes,Bank transfer,96.77,1262.7,No,0,Mid-term (13-24m),2,97.13076923076923,0,1,0,97.13
CUST-03169,Female,No,No,Yes,42,Yes,Yes,DSL,No,No,Yes,Yes,No,Yes,Month-To-Month,Yes,Bank transfer,75.19,3156.48,No,0,Established (25-48m),3,75.15428571428572,0,1,0,75.15
CUST-03170,Female,No,Yes,No,27,No,No phone service,Fiber optic,No,No,Yes,No,No,Yes,Month-To-Month,No,Electronic check,78.33,2124.45,No,0,Established (25-48m),2,78.68333333333332,0,1,0,78.68
CUST-03171,Male,Yes,Yes,Yes,18,Yes,No,Fiber optic,Yes,No,Yes,No,Yes,No,Month-To-Month,Yes,Electronic check,94.61,1695.23,No,0,Mid-term (13-24m),3,94.17944444444444,0,1,0,94.18
CUST-03172,Male,No,Yes,Yes,41,Yes,No,No,No internet service,No internet service,No internet service,No internet service,No internet service,No internet service,Two Year,Yes,Electronic check,30.25,1248.3,No,0,Established (25-48m),0,30.446341463414633,0,0,0,30.45
CUST-03173,Male,No,Yes,No,19,Yes,Yes,Fiber optic,Yes,No,No,No,Yes,No,Month-To-Month,No,Mailed check,93.55,1782.85,No,0,Mid-term (13-24m),2,93.83421052631579,0,1,0,93.83
CUST-03174,Female,No,No,No,10,Yes,No,Fiber optic,Yes,No,No,No,No,No,Month-To-Month,Yes,Credit card,86.79,868.56,No,0,New (0-12m),1,86.856,0,0,0,86.86
CUST-03175,Male,Yes,Yes,Yes,53,Yes,No,No,No internet service,No internet service,No internet service,No internet service,No internet service,No internet service,Month-To-Month,Yes,Bank transfer,31.67,1683.76,Yes,0,Loyal (49m+),0,31.769056603773585,0,0,0,31.77
CUST-03176,Female,No,No,Yes,23,Yes,No,DSL,Yes,No,No,No,No,No,Month-To-Month,No,Electronic check,57.62,1330.34,No,0,Mid-term (13-24m),1,57.84086956521739,0,0,0,57.84
CUST-03177,Female,No,No,No,69,Yes,No,DSL,No,Yes,No,Yes,Yes,Yes,Two Year,Yes,Electronic check,72.6,5002.73,No,0,Loyal (49m+),4,72.50333333333333,0,1,0,72.5
CUST-03178,Male,No,Yes,Yes,16,Yes,Yes,Fiber optic,No,No,No,No,No,No,One Year,No,Bank transfer,84.68,1355.53,No,0,Mid-term (13-24m),0,84.720625,0,0,0,84.72
CUST-03179,Male,No,Yes,No,27,Yes,No,DSL,No,No,No,No,No,Yes,Two Year,Yes,Bank transfer,62.12,1676.66,No,0,Established (25-48m),1,62.098518518518524,0,1,0,62.1
CUST-03180,Male,No,No,No,49,Yes,No,No,No internet service,No internet service,No internet service,No internet service,No internet service,No internet service,Two Year,No,Bank transfer,31.34,1535.54,No,0,Loyal (49m+),0,31.337551020408164,0,0,0,31.34
CUST-03181,Male,No,No,Yes,54,Yes,No,Fiber optic,No,No,No,Yes,No,No,Month-To-Month,No,Electronic check,87.29,4707.03,Yes,0,Loyal (49m+),1,87.16722222222222,0,0,0,87.17
CUST-03182,Male,No,No,Yes,72,Yes,Yes,Fiber optic,No,No,No,No,Yes,No,Month-To-Month,Yes,Mailed check,88.92,6399.94,No,0,Loyal (49m+),1,88.88805555555555,0,1,0,88.89
CUST-03183,Male,Yes,No,Yes,9,Yes,Yes,Fiber optic,No,No,No,No,Yes,No,Month-To-Month,Yes,Mailed check,92.34,831.44,No,0,New (0-12m),1,92.38222222222223,0,1,0,92.38
CUST-03184,Female,No,Yes,No,20,Yes,No,No,No internet service,No internet service,No internet service,No internet service,No internet service,No internet service,Month-To-Month,Yes,Credit card,30.16,606.89,No,0,Mid-term (13-24m),0,30.3445,0,0,0,30.34
CUST-03185,F,No,No,No,57,Yes,No,DSL,No,No,Yes,No,No,No,Month-To-Month,Yes,Electronic check,60.56,3450.38,No,0,Loyal (49m+),1,60.53298245614035,0,0,0,60.53
CUST-03186,Female,No,No,Yes,33,Yes,No,Fiber optic,No,No,No,No,No,No,Month-To-Month,No,Electronic check,78.64,2598.06,No,0,Established (25-48m),0,78.72909090909091,0,0,0,78.73
CUST-03187,Male,No,No,Yes,42,Yes,No,DSL,Yes,No,No,No,No,No,One Year,Yes,Bank transfer,59.81,2514.37,Yes,0,Established (25-48m),1,59.86595238095238,0,0,0,59.87
CUST-03188,Female,Yes,No,Yes,10,Yes,No,Fiber optic,Yes,No,No,No,Yes,Yes,Month-To-Month,Yes,Electronic check,96.28,969.06,No,0,New (0-12m),3,96.90599999999999,0,1,0,96.91
CUST-03189,Female,No,Yes,No,32,Yes,Yes,Fiber optic,No,No,Yes,No,Yes,Yes,Month-To-Month,No,Bank transfer,99.26,3174.62,No,0,Established (25-48m),3,99.206875,0,1,0,99.21
CUST-03190,Female,No,Yes,No,57,Yes,Yes,No,No internet service,No internet service,No internet service,No internet service,No internet service,No internet service,One Year,Yes,Electronic check,32.85,1879.9,No,0,Loyal (49m+),0,32.98070175438597,0,0,0,32.98
CUST-03191,Female,No,Yes,No,45,No,No phone service,Fiber optic,Yes,Yes,Yes,No,No,No,Month-To-Month,No,Electronic check,86.69,3891.58,No,0,Established (25-48m),3,86.47955555555555,0,0,0,86.48
CUST-03192,Female,No,No,Yes,60,Yes,No,DSL,No,Yes,No,Yes,No,No,Two Year,Yes,Credit card,62.67,3768.22,No,0,Loyal (49m+),2,62.803666666666665,0,0,0,62.8
CUST-03193,Male,No,No,No,61,Yes,No,No,No internet service,No internet service,No internet service,No internet service,No internet service,No internet service,One Year,Yes,Electronic check,27.98,1715.81,No,0,Loyal (49m+),0,28.128032786885246,0,0,0,28.13
CUST-03194,Male,No,Yes,No,0,Yes,Yes,No,No internet service,No internet service,No internet service,No internet service,No internet service,No internet service,Month-To-Month,Yes,Electronic check,35.69,0.0,No,0,New (0-12m),0,35.69,1,0,0,35.69
CUST-03195,Female,No,Yes,Yes,20,Yes,Yes,DSL,No,Yes,No,No,No,No,One Year,No,Electronic check,65.84,1325.79,No,0,Mid-term (13-24m),1,66.2895,0,0,0,66.29
CUST-03196,Female,No,No,No,61,Yes,No,DSL,No,No,No,No,Yes,No,Month-To-Month,Yes,Credit card,60.25,3682.54,No,0,Loyal (49m+),1,60.36950819672131,0,1,0,60.37
CUST-03197,Female,No,Yes,Yes,63,Yes,Yes,DSL,No,Yes,No,No,No,No,Month-To-Month,Yes,Bank transfer,62.89,3953.21,No,0,Loyal (49m+),1,62.74936507936508,0,0,0,62.75
CUST-03198,Male,No,No,No,72,Yes,No,Fiber optic,No,No,Yes,Yes,No,Yes,Month-To-Month,Yes,Credit card,96.38,6942.39,No,0,Loyal (49m+),3,96.42208333333333,0,1,0,96.42
CUST-03199,Male,Yes,No,Yes,55,Yes,Yes,No,No internet service,No internet service,No internet service,No internet service,No internet service,No internet service,Two Year,No,Credit card,35.49,1960.3,Yes,0,Loyal (49m+),0,35.64181818181818,0,0,0,35.64
CUST-03200,Female,No,No,Yes,0,Yes,Yes,DSL,Yes,No,No,No,No,Yes,Month-To-Month,Yes,Electronic check,70.85,0.0,Yes,0,New (0-12m),2,70.85,1,1,0,70.85
CUST-03201,Male,No,No,No,20,Yes,Yes,Fiber optic,Yes,No,No,No,No,Yes,Month-To-Month,No,Mailed check,92.51,1858.61,No,0,Mid-term (13-24m),2,92.9305,0,1,0,92.93
CUST-03202,Male,No,No,Yes,21,Yes,Yes,Fiber optic,No,Yes,No,No,Yes,Yes,Two Year,Yes,Credit card,97.94,2050.88,No,0,Mid-term (13-24m),3,97.66095238095238,0,1,0,97.66
CUST-03203,Female,No,No,No,53,Yes,Yes,DSL,No,No,Yes,No,Yes,Yes,Month-To-Month,Yes,Mailed check,76.1,4035.93,No,0,Loyal (49m+),3,76.14962264150942,0,1,0,76.15
CUST-03204,Male,No,Yes,Yes,3,Yes,Yes,DSL,Yes,Yes,No,Yes,No,No,Month-To-Month,Yes,Credit card,75.89,225.28,No,0,New (0-12m),3,75.09333333333333,1,0,0,75.09
CUST-03205,Male,Yes,Yes,Yes,64,Yes,No,Fiber optic,No,No,No,No,No,Yes,Month-To-Month,Yes,Bank transfer,83.49,5344.32,Yes,0,Loyal (49m+),1,83.505,0,1,0,83.5
CUST-03206,Female,No,Yes,Yes,50,Yes,No,No,No internet service,No internet service,No internet service,No internet service,No internet service,No internet service,Month-To-Month,No,Bank transfer,30.02,1496.63,No,0,Loyal (49m+),0,29.9326,0,0,0,29.93
CUST-03207,Male,Yes,No,No,62,Yes,No,Fiber optic,Yes,No,Yes,No,No,No,One Year,Yes,Electronic check,89.06,5519.87,No,0,Loyal (49m+),2,89.03016129032258,0,0,0,89.03
CUST-03208,Male,No,Yes,Yes,14,Yes,No,Fiber optic,No,No,No,No,Yes,No,One Year,No,Bank transfer,85.62,1198.75,No,0,Mid-term (13-24m),1,85.625,0,1,0,85.62
CUST-03209,Female,No,No,Yes,35,No,No phone service,DSL,No,No,No,No,No,Yes,Month-To-Month,Yes,Mailed check,51.49,1802.19,No,0,Established (25-48m),1,51.49114285714286,0,1,0,51.49
CUST-03210,Male,Yes,No,No,28,Yes,No,DSL,No,Yes,No,No,Yes,Yes,Two Year,No,Mailed check,68.44,1926.2,Yes,0,Established (25-48m),3,68.79285714285714,0,1,0,68.79
CUST-03211,Male,No,No,Yes,51,Yes,No,DSL,Yes,Yes,Yes,Yes,Yes,Yes,Two Year,Yes,Credit card,85.75,4380.34,No,0,Loyal (49m+),6,85.88901960784314,0,1,0,85.89
CUST-03212,male,Yes,No,Yes,45,No,No phone service,DSL,Yes,No,No,Yes,No,No,One Year,No,Mailed check,54.67,2453.09,No,0,Established (25-48m),2,54.513111111111115,0,0,0,54.51
CUST-03213,Female,No,Yes,Yes,68,Yes,No,Fiber optic,No,No,No,No,Yes,No,Two Year,Yes,Electronic check,83.46,5684.49,No,0,Loyal (49m+),1,83.59544117647059,0,1,0,83.6
CUST-03214,Female,Yes,Yes,Yes,28,Yes,Yes,Fiber optic,No,Yes,No,No,No,No,Two Year,No,Bank transfer,89.48,2506.8,No,0,Established (25-48m),1,89.52857142857144,0,0,0,89.53
CUST-03215,Male,No,Yes,No,46,Yes,No,DSL,No,No,Yes,No,No,Yes,Two Year,Yes,Bank transfer,63.02,2901.12,No,0,Established (25-48m),2,63.06782608695652,0,1,0,63.07
CUST-03216,Female,No,No,Yes,24,Yes,No,Fiber optic,No,No,No,Yes,Yes,No,Two Year,Yes,Credit card,90.79,2174.48,No,0,Mid-term (13-24m),2,90.60333333333334,0,1,0,90.6
CUST-03217,Male,No,Yes,Yes,15,Yes,Yes,DSL,No,Yes,No,No,No,No,Month-To-Month,Yes,Bank transfer,67.49,1008.41,No,0,Mid-term (13-24m),1,67.22733333333333,0,0,0,67.23
CUST-03218,Female,No,Yes,No,40,Yes,No,No,No internet service,No internet service,No internet service,No internet service,No internet service,No internet service,One Year,No,Electronic check,31.17,1239.56,No,0,Established (25-48m),0,30.988999999999997,0,0,0,30.99
CUST-03219,Male,No,Yes,Yes,64,Yes,No,Fiber optic,No,No,No,No,No,No,Month-To-Month,Yes,Electronic check,81.76,5239.23,No,0,Loyal (49m+),0,81.86296875,0,0,0,81.86
CUST-03220,Female,No,No,Yes,68,Yes,Yes,Fiber optic,Yes,Yes,No,No,Yes,No,Month-To-Month,No,Electronic check,98.63,6706.51,No,0,Loyal (49m+),3,98.62514705882353,0,1,0,98.63
CUST-03221,male,No,Yes,No,19,Yes,Yes,Fiber optic,No,Yes,Yes,No,No,No,Month-To-Month,Yes,Electronic check,93.03,1759.52,Yes,0,Mid-term (13-24m),2,92.60631578947368,0,0,0,92.61
CUST-03222,Female,No,No,No,68,Yes,Yes,Fiber optic,No,No,Yes,Yes,No,Yes,Month-To-Month,No,Bank transfer,97.51,6629.57,No,0,Loyal (49m+),3,97.49367647058823,0,1,0,97.49
CUST-03223,Female,No,Yes,No,35,Yes,No,Fiber optic,No,No,No,No,No,Yes,Month-To-Month,No,Electronic check,86.15,3012.06,No,0,Established (25-48m),1,86.05885714285714,0,1,0,86.06
CUST-03224,Male,No,No,No,57,Yes,No,No,No internet service,No internet service,No internet service,No internet service,No internet service,No internet service,One Year,Yes,Electronic check,31.62,1806.14,No,0,Loyal (49m+),0,31.686666666666667,0,0,0,31.69
CUST-03225,Female,No,Yes,Yes,47,Yes,No,Fiber optic,No,No,No,No,No,No,One Year,Yes,Bank transfer,78.45,3680.88,No,0,Established (25-48m),0,78.31659574468085,0,0,0,78.32
CUST-03226,Female,No,Yes,No,1,Yes,No,Fiber optic,No,No,No,No,No,No,Month-To-Month,Yes,Mailed check,79.89,88.6,Yes,0,New (0-12m),0,88.6,1,0,0,88.6
CUST-03227,Male,No,Yes,Yes,28,No,No phone service,Fiber optic,No,No,No,No,No,No,One Year,Yes,Electronic check,70.43,1977.66,Yes,0,Established (25-48m),0,70.63071428571429,0,0,0,70.63
CUST-03228,Female,No,No,No,15,Yes,No,Fiber optic,Yes,Yes,Yes,No,Yes,Yes,One Year,Yes,Electronic check,106.22660000000005,1607.18,Yes,0,Mid-term (13-24m),5,107.14533333333334,0,1,0,107.15
CUST-03229,Male,No,Yes,Yes,34,No,No phone service,No,No internet service,No internet service,No internet service,No internet service,No internet service,No internet service,Two Year,No,Electronic check,22.07,744.14,No,0,Established (25-48m),0,21.886470588235294,0,0,0,21.89
CUST-03230,Female,Yes,Yes,No,61,Yes,No,Fiber optic,No,Yes,No,No,Yes,No,Month-To-Month,No,Mailed check,87.58,5347.73,No,0,Loyal (49m+),2,87.66770491803278,0,1,0,87.67
CUST-03231,Female,No,No,No,3,Yes,No,DSL,No,Yes,No,Yes,No,No,Month-To-Month,Yes,Bank transfer,62.75,180.62,No,0,New (0-12m),2,60.20666666666667,1,0,0,60.21
CUST-03232,Female,No,No,Yes,67,Yes,No,Fiber optic,No,Yes,Yes,No,Yes,Yes,One Year,Yes,Credit card,102.29,6845.18,Yes,0,Loyal (49m+),4,102.1668656716418,0,1,0,102.17
CUST-03233,Male,No,No,No,50,Yes,Yes,No,No internet service,No internet service,No internet service,No internet service,No internet service,No internet service,Month-To-Month,Yes,Electronic check,32.79,1643.1,No,0,Loyal (49m+),0,32.861999999999995,0,0,0,32.86
CUST-03234,Female,No,No,No,32,Yes,No,No,No internet service,No internet service,No internet service,No internet service,No internet service,No internet service,Month-To-Month,Yes,Electronic check,30.41,967.13,Yes,0,Established (25-48m),0,30.2228125,0,0,0,30.22
CUST-03235,Female,No,Yes,No,23,Yes,Yes,Fiber optic,No,No,No,No,Yes,Yes,Month-To-Month,Yes,Bank transfer,92.9,2139.56,No,0,Mid-term (13-24m),2,93.02434782608695,0,1,0,93.02
CUST-03236,Female,No,Yes,Yes,24,Yes,No,DSL,No,No,No,Yes,No,Yes,One Year,No,Electronic check,65.83,1577.03,No,0,Mid-term (13-24m),2,65.70958333333333,0,1,0,65.71
CUST-03237,Male,No,No,No,27,Yes,Yes,Fiber optic,Yes,No,No,No,No,No,Month-To-Month,No,Mailed check,88.42,2379.26,No,0,Established (25-48m),1,88.12074074074074,0,0,0,88.12
CUST-03238,Male,No,Yes,No,6,Yes,No,DSL,No,No,No,No,Yes,No,One Year,Yes,Electronic check,57.67,348.51,No,0,New (0-12m),1,58.085,0,1,0,58.08
CUST-03239,Female,No,No,Yes,35,Yes,No,Fiber optic,No,No,Yes,No,No,Yes,Two Year,Yes,Bank transfer,88.89,3114.08,Yes,0,Established (25-48m),2,88.97371428571428,0,1,0,88.97
CUST-03240,Male,No,Yes,Yes,9,Yes,Yes,Fiber optic,Yes,No,Yes,No,No,No,Two Year,Yes,Credit card,95.16,857.24,No,0,New (0-12m),2,95.24888888888889,0,0,0,95.25
CUST-03241,Female,Yes,No,No,35,No,No phone service,No,No internet service,No internet service,No internet service,No internet service,No internet service,No internet service,Month-To-Month,No,Credit card,20.18,703.28,No,0,Established (25-48m),0,20.093714285714285,0,0,0,20.09
CUST-03242,Female,No,Yes,Yes,17,Yes,Yes,DSL,No,No,No,Yes,No,Yes,Month-To-Month,Yes,Credit card,71.32,1220.72,No,0,Mid-term (13-24m),2,71.80705882352942,0,1,0,71.81
CUST-03243,Female,No,No,Yes,5,Yes,Yes,Fiber optic,Yes,No,Yes,No,Yes,Yes,Month-To-Month,Yes,Electronic check,102.8,517.6,No,0,New (0-12m),4,103.52000000000001,0,1,0,103.52
CUST-03244,Female,Yes,No,Yes,6,Yes,Yes,DSL,No,Yes,No,No,Yes,No,Month-To-Month,No,Bank transfer,67.54,406.33,Yes,0,New (0-12m),2,67.72166666666666,0,1,0,67.72
CUST-03245,Female,No,Yes,No,11,Yes,Yes,Fiber optic,No,Yes,No,No,No,Yes,Month-To-Month,Yes,Mailed check,96.07,1056.39,Yes,0,New (0-12m),2,96.03545454545456,0,1,0,96.04
CUST-03246,Female,No,Yes,No,40,Yes,No,DSL,No,No,No,Yes,Yes,No,Month-To-Month,Yes,Credit card,67.27,2697.66,No,0,Established (25-48m),2,67.44149999999999,0,1,0,67.44
CUST-03247,Female,No,Yes,Yes,62,Yes,No,No,No internet service,No internet service,No internet service,No internet service,No internet service,No internet service,One Year,Yes,Credit card,28.46,1773.75,No,0,Loyal (49m+),0,28.608870967741936,0,0,0,28.61
CUST-03248,Male,Yes,No,No,24,Yes,Yes,Fiber optic,No,No,Yes,No,Yes,No,Two Year,No,Credit card,93.25,2239.14,No,0,Mid-term (13-24m),2,93.2975,0,1,0,93.3
CUST-03249,Male,Yes,Yes,Yes,52,Yes,No,DSL,Yes,Yes,No,No,No,No,Two Year,Yes,Credit card,64.21,3329.91,No,0,Loyal (49m+),2,64.03673076923077,0,0,0,64.04
CUST-03250,F,No,No,No,32,Yes,No,DSL,Yes,Yes,No,No,No,No,Month-To-Month,No,Mailed check,66.01,2112.14,Yes,0,Established (25-48m),2,66.004375,0,0,0,66.0
CUST-03251,Male,No,Yes,Yes,72,Yes,Yes,Fiber optic,No,No,No,No,Yes,No,One Year,No,Bank transfer,91.31,6577.23,No,0,Loyal (49m+),1,91.35041666666666,0,1,0,91.35
CUST-03252,Male,No,Yes,No,5,Yes,No,DSL,No,Yes,No,No,Yes,No,Month-To-Month,No,Credit card,67.18,342.25,No,0,New (0-12m),2,68.45,0,1,0,68.45
CUST-03253,Male,No,No,Yes,61,Yes,No,DSL,No,No,No,No,No,No,One Year,Yes,Mailed check,56.51,3443.32,No,0,Loyal (49m+),0,56.44786885245902,0,0,0,56.45
CUST-03254,Male,No,No,No,65,Yes,Yes,Fiber optic,Yes,No,No,No,No,No,Month-To-Month,No,Credit card,87.64,5700.13,Yes,0,Loyal (49m+),1,87.69430769230769,0,0,0,87.69
CUST-03255,Female,Yes,Yes,No,8,Yes,Yes,Fiber optic,No,Yes,No,Yes,No,No,Two Year,Yes,Credit card,93.53,739.17,No,0,New (0-12m),2,92.39625,0,0,0,92.4
CUST-03256,Female,No,No,Yes,66,Yes,No,DSL,No,No,No,Yes,Yes,No,Two Year,Yes,Mailed check,64.28,4239.51,No,0,Loyal (49m+),2,64.235,0,1,0,64.24
CUST-03257,Female,No,No,No,15,Yes,No,Fiber optic,No,No,No,No,Yes,No,Month-To-Month,Yes,Electronic check,87.23,1304.43,No,0,Mid-term (13-24m),1,86.962,0,1,0,86.96
CUST-03258,Female,No,Yes,No,54,Yes,Yes,Fiber optic,No,Yes,No,Yes,Yes,No,Two Year,No,Electronic check,100.53,5420.33,No,0,Loyal (49m+),3,100.37648148148148,0,1,0,100.38
CUST-03259,Male,No,No,No,39,Yes,Yes,No,No internet service,No internet service,No internet service,No internet service,No internet service,No internet service,One Year,No,Electronic check,37.48,1465.76,No,0,Established (25-48m),0,37.58358974358974,0,0,0,37.58
CUST-03260,Male,No,Yes,No,25,Yes,No,No,No internet service,No internet service,No internet service,No internet service,No internet service,No internet service,Month-To-Month,No,Mailed check,29.09,724.62,No,0,Established (25-48m),0,28.9848,0,0,0,28.98
CUST-03261,Female,No,Yes,No,37,Yes,No,Fiber optic,No,Yes,No,No,Yes,No,One Year,No,Mailed check,92.11,3402.43,No,0,Established (25-48m),2,91.95756756756757,0,1,0,91.96
CUST-03262,Female,Yes,No,No,34,Yes,Yes,No,No internet service,No internet service,No internet service,No internet service,No internet service,No internet service,One Year,No,Bank transfer,35.99,1216.6,No,0,Established (25-48m),0,35.78235294117647,0,0,0,35.78
CUST-03263,Male,Yes,Yes,No,67,Yes,Yes,Fiber optic,Yes,No,Yes,Yes,Yes,Yes,Two Year,No,Mailed check,106.22660000000005,7508.05,No,0,Loyal (49m+),5,112.06044776119403,0,1,0,112.06
CUST-03264,Female,No,No,No,58,Yes,No,DSL,No,No,Yes,No,No,No,Two Year,No,Credit card,62.11,3595.16,No,0,Loyal (49m+),1,61.985517241379306,0,0,0,61.99
CUST-03265,Female,Yes,Yes,Yes,13,Yes,Yes,DSL,No,No,No,No,No,No,One Year,Yes,Electronic check,59.77,784.32,No,0,Mid-term (13-24m),0,60.332307692307694,0,0,0,60.33
CUST-03266,Female,No,No,No,46,No,No phone service,No,No internet service,No internet service,No internet service,No internet service,No internet service,No internet service,Two Year,Yes,Credit card,21.86,1005.95,No,0,Established (25-48m),0,21.868478260869566,0,0,0,21.87
CUST-03267,Female,No,No,Yes,70,Yes,No,No,No internet service,No internet service,No internet service,No internet service,No internet service,No internet service,Two Year,Yes,Electronic check,32.42,2260.02,No,0,Loyal (49m+),0,32.286,0,0,0,32.29
CUST-03268,Male,No,No,No,71,Yes,Yes,No,No internet service,No internet service,No internet service,No internet service,No internet service,No internet service,Month-To-Month,Yes,Bank transfer,35.84,2553.8,Yes,0,Loyal (49m+),0,35.969014084507045,0,0,0,35.97
CUST-03269,Female,No,No,Yes,41,Yes,Yes,Fiber optic,Yes,No,Yes,No,No,No,Month-To-Month,No,Bank transfer,93.8,3846.86,No,0,Established (25-48m),2,93.82585365853659,0,0,0,93.83
CUST-03270,Female,Yes,No,No,50,Yes,Yes,Fiber optic,No,Yes,No,No,Yes,No,One Year,No,Bank transfer,93.85,4688.85,No,0,Loyal (49m+),2,93.777,0,1,0,93.78
CUST-03271,Male,No,Yes,Yes,18,Yes,Yes,DSL,No,Yes,No,No,No,Yes,Two Year,No,Mailed check,71.26,1278.04,No,0,Mid-term (13-24m),2,71.00222222222222,0,1,0,71.0
CUST-03272,Male,No,Yes,Yes,65,Yes,Yes,DSL,No,No,No,No,No,Yes,Month-To-Month,Yes,Electronic check,64.14,4165.44,No,0,Loyal (49m+),1,64.0836923076923,0,1,0,64.08
CUST-03273,Female,No,No,No,46,Yes,Yes,Fiber optic,Yes,Yes,Yes,Yes,Yes,No,Month-To-Month,Yes,Mailed check,106.22660000000005,5034.06,No,0,Established (25-48m),5,109.43608695652175,0,1,0,109.44
CUST-03274,Male,No,Yes,Yes,64,Yes,No,Fiber optic,No,Yes,No,No,No,No,Month-To-Month,Yes,Electronic check,85.13,5443.23,Yes,0,Loyal (49m+),1,85.05046875,0,0,0,85.05
CUST-03275,Female,No,No,No,41,Yes,Yes,DSL,No,Yes,No,No,No,No,Two Year,Yes,Mailed check,67.06,2747.04,Yes,0,Established (25-48m),1,67.0009756097561,0,0,0,67.0
CUST-03276,Female,No,No,No,37,Yes,Yes,Fiber optic,Yes,No,Yes,No,Yes,Yes,Two Year,Yes,Mailed check,106.06,3924.63,No,0,Established (25-48m),4,106.07108108108109,0,1,0,106.07
CUST-03277,Male,No,Yes,Yes,12,Yes,No,Fiber optic,Yes,No,No,No,Yes,No,Month-To-Month,No,Bank transfer,88.95,1071.91,Yes,0,New (0-12m),2,89.32583333333334,0,1,0,89.33
CUST-03278,male,No,Yes,No,43,Yes,No,No,No internet service,No internet service,No internet service,No internet service,No internet service,No internet service,Month-To-Month,Yes,Credit card,28.17,1207.37,No,0,Established (25-48m),0,28.078372093023255,0,0,0,28.08
CUST-03279,Female,No,No,Yes,23,Yes,No,DSL,No,No,Yes,Yes,No,Yes,Two Year,Yes,Credit card,68.95,1578.55,No,0,Mid-term (13-24m),3,68.63260869565217,0,1,0,68.63
CUST-03280,Female,No,No,Yes,29,Yes,Yes,Fiber optic,No,Yes,No,Yes,No,Yes,Month-To-Month,Yes,Mailed check,99.17,2866.34,No,0,Established (25-48m),3,98.8393103448276,0,1,0,98.84
CUST-03281,Female,No,No,No,69,Yes,No,Fiber optic,Yes,No,Yes,No,Yes,No,Two Year,Yes,Electronic check,96.16,6632.48,No,0,Loyal (49m+),3,96.12289855072463,0,1,0,96.12
CUST-03282,Male,No,No,No,37,Yes,No,DSL,No,No,Yes,No,No,No,Month-To-Month,No,Bank transfer,59.63,2212.13,No,0,Established (25-48m),1,59.7872972972973,0,0,0,59.79
CUST-03283,Male,No,No,No,22,Yes,No,Fiber optic,No,No,No,No,Yes,Yes,One Year,No,Mailed check,92.49,2031.36,No,0,Mid-term (13-24m),2,92.33454545454545,0,1,0,92.33
CUST-03284,Female,No,No,No,56,Yes,Yes,DSL,No,Yes,No,No,No,No,Month-To-Month,Yes,Mailed check,62.67,3503.86,No,0,Loyal (49m+),1,62.56892857142857,0,0,0,62.57
CUST-03285,Male,No,Yes,No,22,Yes,No,Fiber optic,No,Yes,No,No,No,No,One Year,No,Mailed check,84.27,1862.17,Yes,0,Mid-term (13-24m),1,84.6440909090909,0,0,0,84.64
CUST-03286,F,Yes,No,Yes,35,Yes,Yes,Fiber optic,No,Yes,No,No,Yes,No,Two Year,Yes,Bank transfer,92.93,3255.8,No,0,Established (25-48m),2,93.02285714285715,0,1,0,93.02
CUST-03287,Female,No,No,Yes,56,Yes,Yes,No,No internet service,No internet service,No internet service,No internet service,No internet service,No internet service,Two Year,No,Credit card,34.28,1929.19,No,0,Loyal (49m+),0,34.44982142857143,0,0,0,34.45
CUST-03288,Female,No,Yes,No,0,Yes,No,Fiber optic,No,Yes,Yes,No,Yes,No,Two Year,Yes,Credit card,94.67,0.0,No,0,New (0-12m),3,94.67,1,1,0,94.67
CUST-03289,Female,Yes,No,No,71,Yes,Yes,DSL,Yes,No,No,No,No,Yes,Month-To-Month,No,Credit card,71.96,5109.98,Yes,0,Loyal (49m+),2,71.97154929577464,0,1,0,71.97
CUST-03290,Female,No,No,No,2,Yes,Yes,No,No internet service,No internet service,No internet service,No internet service,No internet service,No internet service,Month-To-Month,Yes,Credit card,34.63,78.7,No,0,New (0-12m),0,39.35,1,0,0,39.35
CUST-03291,Male,No,Yes,Yes,13,Yes,Yes,No,No internet service,No internet service,No internet service,No internet service,No internet service,No internet service,Month-To-Month,No,Credit card,32.63,426.4,Yes,0,Mid-term (13-24m),0,32.8,0,0,0,32.8
CUST-03292,Female,No,No,Yes,33,Yes,Yes,Fiber optic,No,Yes,No,No,No,Yes,Two Year,No,Electronic check,97.28,3210.53,No,0,Established (25-48m),2,97.28878787878789,0,1,0,97.29
CUST-03293,Male,Yes,Yes,Yes,69,Yes,Yes,DSL,No,No,No,Yes,Yes,No,Month-To-Month,Yes,Credit card,68.23,4702.64,Yes,0,Loyal (49m+),2,68.15420289855074,0,1,0,68.15
CUST-03294,male,Yes,No,No,68,Yes,No,DSL,No,Yes,No,No,No,Yes,Two Year,No,Electronic check,66.37,4510.82,No,0,Loyal (49m+),2,66.33558823529411,0,1,0,66.34
CUST-03295,Female,No,Yes,No,50,Yes,Yes,Fiber optic,No,Yes,No,Yes,No,Yes,Two Year,Yes,Bank transfer,98.5,4926.24,No,0,Loyal (49m+),3,98.5248,0,1,0,98.52
CUST-03296,Female,No,Yes,Yes,28,Yes,Yes,Fiber optic,No,No,No,No,No,No,One Year,No,Electronic check,87.12,2440.65,No,0,Established (25-48m),0,87.16607142857143,0,0,0,87.17
CUST-03297,Female,No,Yes,No,47,Yes,Yes,DSL,No,Yes,No,Yes,No,Yes,Two Year,Yes,Mailed check,73.63,3459.72,No,0,Established (25-48m),3,73.61106382978723,0,1,0,73.61
CUST-03298,Female,Yes,No,No,15,Yes,Yes,Fiber optic,Yes,No,Yes,No,Yes,No,Two Year,No,Electronic check,101.78,1530.49,No,0,Mid-term (13-24m),3,102.03266666666667,0,1,0,102.03
CUST-03299,male,Yes,No,Yes,56,No,No phone service,DSL,Yes,No,No,No,No,No,Month-To-Month,No,Mailed check,49.57,2769.06,No,0,Loyal (49m+),1,49.4475,0,0,0,49.45
CUST-03300,Male,No,Yes,Yes,9,Yes,No,No,No internet service,No internet service,No internet service,No internet service,No internet service,No internet service,One Year,Yes,Mailed check,29.74,275.01,No,0,New (0-12m),0,30.556666666666665,0,0,0,30.56
CUST-03301,Female,No,Yes,No,18,No,No phone service,No,No internet service,No internet service,No internet service,No internet service,No internet service,No internet service,Two Year,Yes,Electronic check,20.65,376.45,No,0,Mid-term (13-24m),0,20.913888888888888,0,0,0,20.91
CUST-03302,Female,No,No,Yes,66,No,No phone service,Fiber optic,No,Yes,Yes,No,No,No,Month-To-Month,Yes,Credit card,79.94,5282.52,No,0,Loyal (49m+),2,80.03818181818183,0,0,0,80.04
CUST-03303,Male,No,No,No,35,Yes,No,DSL,Yes,No,No,Yes,No,No,One Year,No,Credit card,64.18,2237.01,No,0,Established (25-48m),2,63.914571428571435,0,0,0,63.91
CUST-03304,Male,No,No,Yes,3,Yes,Yes,Fiber optic,No,No,No,No,Yes,No,Month-To-Month,No,Bank transfer,88.71,271.77,No,0,New (0-12m),1,90.58999999999999,1,1,0,90.59
CUST-03305,Female,No,No,Yes,32,Yes,Yes,DSL,No,No,Yes,No,No,Yes,Month-To-Month,Yes,Credit card,68.83,2207.35,No,0,Established (25-48m),2,68.9796875,0,1,0,68.98
CUST-03306,male,No,No,No,27,Yes,No,DSL,Yes,No,No,No,Yes,Yes,Two Year,Yes,Bank transfer,71.02,1907.95,No,0,Established (25-48m),3,70.66481481481482,0,1,0,70.66
CUST-03307,Female,No,Yes,No,8,Yes,No,Fiber optic,Yes,No,Yes,No,Yes,Yes,One Year,No,Credit card,98.04,783.34,Yes,0,New (0-12m),4,97.9175,0,1,0,97.92
CUST-03308,Male,Yes,No,Yes,5,No,No phone service,DSL,No,Yes,Yes,No,No,No,Month-To-Month,Yes,Mailed check,55.31,272.64,No,0,New (0-12m),2,54.528,0,0,0,54.53
CUST-03309,Male,No,Yes,No,48,Yes,No,Fiber optic,No,Yes,No,No,No,No,Month-To-Month,No,Mailed check,84.4,4046.31,Yes,0,Established (25-48m),1,84.298125,0,0,0,84.3
CUST-03310,Female,No,No,Yes,21,No,No phone service,DSL,Yes,No,No,No,Yes,Yes,Two Year,Yes,Credit card,59.27,1237.81,Yes,0,Mid-term (13-24m),3,58.94333333333333,0,1,0,58.94
CUST-03311,Male,No,Yes,No,47,Yes,Yes,DSL,No,No,Yes,No,No,No,Two Year,Yes,Electronic check,66.08,3100.83,No,0,Established (25-48m),1,65.97510638297872,0,0,0,65.98
CUST-03312,Male,Yes,Yes,Yes,20,Yes,Yes,DSL,No,No,No,No,No,No,Month-To-Month,No,Electronic check,60.02,1205.64,No,0,Mid-term (13-24m),0,60.282000000000004,0,0,0,60.28
CUST-03313,Male,No,No,Yes,32,Yes,Yes,Fiber optic,No,Yes,Yes,No,Yes,No,Two Year,Yes,Bank transfer,97.89,3140.64,Yes,0,Established (25-48m),3,98.145,0,1,0,98.14
CUST-03314,Male,No,Yes,Yes,55,Yes,No,DSL,No,Yes,No,Yes,No,No,Month-To-Month,No,Electronic check,67.05,3684.77,No,0,Loyal (49m+),2,66.99581818181818,0,0,0,67.0
CUST-03315,Male,No,Yes,No,28,No,No phone service,No,No internet service,No internet service,No internet service,No internet service,No internet service,No internet service,One Year,Yes,Mailed check,21.99,611.43,No,0,Established (25-48m),0,21.836785714285714,0,0,0,21.84
CUST-03316,Male,No,Yes,Yes,52,Yes,No,Fiber optic,No,No,Yes,No,No,No,One Year,Yes,Electronic check,84.63,4396.62,Yes,0,Loyal (49m+),1,84.55038461538462,0,0,0,84.55
CUST-03317,Female,No,Yes,Yes,39,Yes,Yes,Fiber optic,No,No,No,No,No,No,Two Year,No,Credit card,82.57,3220.92,No,0,Established (25-48m),0,82.58769230769231,0,0,0,82.59
CUST-03318,Female,No,No,Yes,17,Yes,No,No,No internet service,No internet service,No internet service,No internet service,No internet service,No internet service,Two Year,Yes,Credit card,27.8,463.51,Yes,0,Mid-term (13-24m),0,27.26529411764706,0,0,0,27.27
CUST-03319,Male,Yes,Yes,Yes,46,Yes,Yes,Fiber optic,No,No,No,No,No,No,Month-To-Month,Yes,Electronic check,84.96,3909.65,Yes,0,Established (25-48m),0,84.99239130434783,0,0,0,84.99
CUST-03320,male,No,No,No,12,Yes,No,Fiber optic,No,Yes,No,No,No,No,Month-To-Month,No,Electronic check,82.91,1003.32,No,0,New (0-12m),1,83.61,0,0,0,83.61
CUST-03321,Female,No,Yes,No,26,Yes,Yes,DSL,Yes,No,No,Yes,No,No,Month-To-Month,No,Electronic check,69.72,1812.57,No,0,Established (25-48m),2,69.71423076923077,0,0,0,69.71
CUST-03322,Female,No,No,Yes,61,Yes,Yes,No,No internet service,No internet service,No internet service,No internet service,No internet service,No internet service,Month-To-Month,No,Bank transfer,33.45,2038.42,No,0,Loyal (49m+),0,33.41672131147541,0,0,0,33.42
CUST-03323,Male,No,No,Yes,44,Yes,No,Fiber optic,No,No,Yes,Yes,Yes,No,One Year,No,Mailed check,96.51,4237.23,No,0,Established (25-48m),3,96.30068181818181,0,1,0,96.3
CUST-03324,Female,No,No,No,2,Yes,Yes,DSL,Yes,No,No,Yes,No,No,Month-To-Month,Yes,Mailed check,69.34,139.63,No,0,New (0-12m),2,69.815,1,0,0,69.82
CUST-03325,Male,No,Yes,Yes,21,Yes,Yes,DSL,Yes,No,No,No,Yes,Yes,Month-To-Month,Yes,Electronic check,74.39,1554.92,Yes,0,Mid-term (13-24m),3,74.04380952380953,0,1,0,74.04
CUST-03326,Female,No,No,No,26,Yes,No,Fiber optic,Yes,No,No,No,Yes,Yes,Month-To-Month,Yes,Mailed check,92.62,2407.35,Yes,0,Established (25-48m),3,92.59038461538461,0,1,0,92.59
CUST-03327,Male,No,No,Yes,54,Yes,No,DSL,No,No,Yes,No,No,Yes,One Year,No,Electronic check,65.77,3547.76,No,0,Loyal (49m+),2,65.69925925925926,0,1,0,65.7
CUST-03328,M,No,Yes,No,66,Yes,Yes,Fiber optic,Yes,No,No,Yes,No,No,Two Year,No,Bank transfer,96.37,6355.64,No,0,Loyal (49m+),2,96.29757575757576,0,0,0,96.3
CUST-03329,Female,No,No,Yes,32,Yes,Yes,DSL,No,Yes,No,Yes,No,No,Month-To-Month,No,Electronic check,68.82,2211.39,No,0,Established (25-48m),2,69.1059375,0,0,0,69.11
CUST-03330,Female,No,Yes,No,1,Yes,Yes,Fiber optic,Yes,Yes,No,Yes,Yes,Yes,Two Year,No,Bank transfer,106.22660000000005,116.33,No,0,New (0-12m),5,116.33,1,1,0,116.33
CUST-03331,Male,Yes,Yes,No,45,Yes,Yes,DSL,Yes,Yes,Yes,No,Yes,No,Month-To-Month,Yes,Mailed check,80.73,3625.24,No,0,Established (25-48m),4,80.56088888888888,0,1,0,80.56
CUST-03332,Female,No,No,No,32,No,No phone service,Fiber optic,No,No,No,No,No,Yes,One Year,Yes,Electronic check,75.65,2417.13,No,0,Established (25-48m),1,75.5353125,0,1,0,75.54
CUST-03333,Female,No,Yes,Yes,57,Yes,No,DSL,No,No,No,No,No,Yes,One Year,Yes,Electronic check,60.99,3480.5,Yes,0,Loyal (49m+),1,61.06140350877193,0,1,0,61.06
CUST-03334,male,No,Yes,No,6,Yes,Yes,Fiber optic,No,No,No,No,No,Yes,Month-To-Month,Yes,Bank transfer,91.42,554.99,No,0,New (0-12m),1,92.49833333333333,0,1,0,92.5
CUST-03335,Male,No,Yes,No,14,Yes,Yes,No,No internet service,No internet service,No internet service,No internet service,No internet service,No internet service,Month-To-Month,Yes,Mailed check,36.29,508.59,No,0,Mid-term (13-24m),0,36.32785714285714,0,0,0,36.33
CUST-03336,Male,No,No,Yes,25,No,No phone service,No,No internet service,No internet service,No internet service,No internet service,No internet service,No internet service,Two Year,Yes,Credit card,20.37,517.26,No,0,Established (25-48m),0,20.6904,0,0,0,20.69
CUST-03337,Female,Yes,Yes,Yes,10,Yes,Yes,DSL,Yes,No,No,No,Yes,Yes,Month-To-Month,No,Electronic check,77.19,769.13,No,0,New (0-12m),3,76.913,0,1,0,76.91
CUST-03338,Female,No,Yes,Yes,37,Yes,No,Fiber optic,No,No,Yes,No,No,No,Month-To-Month,Yes,Electronic check,86.4,3188.32,Yes,0,Established (25-48m),1,86.17081081081082,0,0,0,86.17
CUST-03339,Female,No,Yes,Yes,26,No,No phone service,Fiber optic,No,No,No,No,No,Yes,Month-To-Month,No,Electronic check,76.95,2009.53,No,0,Established (25-48m),1,77.28961538461539,0,1,0,77.29
CUST-03340,Male,No,No,No,6,No,No phone service,No,No internet service,No internet service,No internet service,No internet service,No internet service,No internet service,Two Year,Yes,Electronic check,20.04,118.52,No,0,New (0-12m),0,19.753333333333334,0,0,0,19.75
CUST-03341,Male,No,Yes,Yes,0,Yes,No,Fiber optic,No,No,No,No,Yes,Yes,Month-To-Month,No,Electronic check,91.0,0.0,Yes,0,New (0-12m),2,91.0,1,1,0,91.0
CUST-03342,Female,No,No,Yes,20,Yes,Yes,DSL,No,No,No,Yes,No,No,Two Year,No,Electronic check,66.82,1340.78,Yes,0,Mid-term (13-24m),1,67.039,0,0,0,67.04
CUST-03343,Female,No,Yes,No,29,Yes,Yes,DSL,No,No,No,No,Yes,No,Month-To-Month,No,Mailed check,65.2,1885.84,Yes,0,Established (25-48m),1,65.02896551724137,0,1,0,65.03
CUST-03344,Female,No,No,Yes,7,Yes,Yes,Fiber optic,No,No,No,Yes,No,No,Month-To-Month,Yes,Bank transfer,91.87,634.91,No,0,New (0-12m),1,90.70142857142856,0,0,0,90.7
CUST-03345,Female,Yes,No,Yes,2,Yes,No,DSL,No,Yes,Yes,No,Yes,Yes,Month-To-Month,Yes,Bank transfer,76.13,159.14,No,0,New (0-12m),4,79.57,1,1,0,79.57
CUST-03346,Female,No,No,Yes,54,Yes,No,No,No internet service,No internet service,No internet service,No internet service,No internet service,No internet service,Two Year,Yes,Mailed check,31.27,1683.43,No,0,Loyal (49m+),0,31.17462962962963,0,0,0,31.17
CUST-03347,Female,No,Yes,Yes,14,Yes,No,No,No internet service,No internet service,No internet service,No internet service,No internet service,No internet service,One Year,Yes,Mailed check,32.14,450.83,No,0,Mid-term (13-24m),0,32.20214285714285,0,0,0,32.2
CUST-03348,Male,No,Yes,No,35,Yes,No,Fiber optic,No,Yes,No,Yes,No,Yes,Month-To-Month,Yes,Bank transfer,94.15,3297.5,Yes,0,Established (25-48m),3,94.21428571428571,0,1,0,94.21
CUST-03349,Female,No,Yes,No,5,Yes,Yes,DSL,No,No,Yes,No,No,No,Month-To-Month,Yes,Mailed check,65.47,336.25,No,0,New (0-12m),1,67.25,0,0,0,67.25
CUST-03350,Male,No,No,No,41,Yes,Yes,Fiber optic,No,No,No,Yes,No,No,Month-To-Month,Yes,Bank transfer,88.86,3641.19,No,0,Established (25-48m),1,88.80951219512195,0,0,0,88.81
CUST-03351,Female,No,Yes,No,49,Yes,No,Fiber optic,No,No,Yes,No,No,Yes,Month-To-Month,No,Credit card,90.15,4417.38,Yes,0,Loyal (49m+),2,90.15061224489796,0,1,0,90.15
CUST-03352,Female,Yes,Yes,No,17,Yes,No,Fiber optic,No,Yes,No,No,Yes,No,Month-To-Month,Yes,Credit card,89.72,1521.27,No,0,Mid-term (13-24m),2,89.48647058823529,0,1,0,89.49
CUST-03353,Male,Yes,No,Yes,49,Yes,Yes,DSL,No,No,Yes,No,Yes,Yes,Two Year,No,Mailed check,74.79,3664.04,No,0,Loyal (49m+),3,74.77632653061224,0,1,0,74.78
CUST-03354,Male,Yes,Yes,Yes,29,Yes,Yes,Fiber optic,No,Yes,Yes,No,Yes,Yes,Two Year,Yes,Mailed check,103.54,2992.8,Yes,0,Established (25-48m),4,103.2,0,1,0,103.2
CUST-03355,Male,No,Yes,Yes,38,Yes,Yes,DSL,No,No,No,No,No,No,Month-To-Month,Yes,Bank transfer,60.63,2311.11,No,0,Established (25-48m),0,60.81868421052632,0,0,0,60.82
CUST-03356,Male,No,No,Yes,11,Yes,Yes,DSL,No,No,Yes,No,Yes,No,Two Year,Yes,Electronic check,71.48,777.6,No,0,New (0-12m),2,70.69090909090909,0,1,0,70.69
CUST-03357,Female,No,No,No,58,Yes,Yes,No,No internet service,No internet service,No internet service,No internet service,No internet service,No internet service,Two Year,No,Bank transfer,33.84,1957.64,No,0,Loyal (49m+),0,33.75241379310345,0,0,0,33.75
CUST-03358,Male,No,Yes,No,43,No,No phone service,No,No internet service,No internet service,No internet service,No internet service,No internet service,No internet service,Month-To-Month,No,Mailed check,19.8858,783.54,No,0,Established (25-48m),0,18.22186046511628,0,0,0,18.22
CUST-03359,M,No,No,Yes,3,Yes,Yes,Fiber optic,No,No,No,Yes,No,No,Month-To-Month,No,Credit card,88.78,269.17,Yes,0,New (0-12m),1,89.72333333333334,1,0,0,89.72
CUST-03360,Male,No,Yes,Yes,35,Yes,Yes,No,No internet service,No internet service,No internet service,No internet service,No internet service,No internet service,Two Year,Yes,Electronic check,36.28,1274.84,No,0,Established (25-48m),0,36.424,0,0,0,36.42
CUST-03361,Female,No,Yes,No,47,Yes,No,DSL,No,No,No,No,No,No,One Year,Yes,Electronic check,52.82,2482.64,No,0,Established (25-48m),0,52.82212765957446,0,0,0,52.82
CUST-03362,Female,No,Yes,No,13,Yes,Yes,Fiber optic,Yes,No,No,No,No,Yes,Month-To-Month,Yes,Bank transfer,95.59,1251.24,No,0,Mid-term (13-24m),2,96.24923076923076,0,1,0,96.25
CUST-03363,Female,No,Yes,No,48,Yes,Yes,Fiber optic,No,No,Yes,Yes,No,No,One Year,Yes,Mailed check,96.6,4645.7,No,0,Established (25-48m),2,96.78541666666666,0,0,0,96.79
CUST-03364,Female,No,Yes,Yes,66,No,No phone service,Fiber optic,No,No,Yes,Yes,No,Yes,Month-To-Month,No,Electronic check,86.51,5714.82,No,0,Loyal (49m+),3,86.58818181818181,0,1,0,86.59
CUST-03365,Female,No,No,Yes,8,Yes,No,DSL,No,Yes,No,Yes,Yes,No,Two Year,No,Mailed check,72.44,575.95,Yes,0,New (0-12m),3,71.99375,0,1,0,71.99
CUST-03366,Female,No,No,No,20,Yes,No,No,No internet service,No internet service,No internet service,No internet service,No internet service,No internet service,Month-To-Month,Yes,Electronic check,31.45,619.82,No,0,Mid-term (13-24m),0,30.991000000000003,0,0,0,30.99
CUST-03367,Male,No,Yes,No,71,Yes,No,Fiber optic,No,No,No,No,Yes,Yes,One Year,No,Bank transfer,88.17,6261.06,No,0,Loyal (49m+),2,88.18394366197184,0,1,0,88.18
CUST-03368,Female,No,No,Yes,15,Yes,No,Fiber optic,No,No,No,No,No,Yes,Month-To-Month,Yes,Mailed check,84.24,1253.78,No,0,Mid-term (13-24m),1,83.58533333333334,0,1,0,83.59
CUST-03369,Male,No,No,Yes,15,Yes,No,Fiber optic,Yes,No,No,No,Yes,No,Month-To-Month,Yes,Electronic check,88.58,1334.89,No,0,Mid-term (13-24m),2,88.99266666666668,0,1,0,88.99
CUST-03370,F,No,Yes,Yes,27,Yes,Yes,DSL,No,No,No,No,Yes,No,Month-To-Month,Yes,Mailed check,64.38,1740.02,Yes,0,Established (25-48m),1,64.44518518518518,0,1,0,64.45
CUST-03371,Female,No,No,Yes,50,No,No phone service,DSL,Yes,No,No,No,No,No,Month-To-Month,Yes,Electronic check,50.68,2536.38,No,0,Loyal (49m+),1,50.7276,0,0,0,50.73
CUST-03372,Male,No,No,No,55,Yes,Yes,No,No internet service,No internet service,No internet service,No internet service,No internet service,No internet service,Two Year,No,Bank transfer,33.95,1858.46,No,0,Loyal (49m+),0,33.79018181818182,0,0,0,33.79
CUST-03373,Female,No,Yes,No,56,Yes,Yes,Fiber optic,No,Yes,No,No,No,No,Month-To-Month,Yes,Electronic check,88.14,4937.56,No,0,Loyal (49m+),1,88.1707142857143,0,0,0,88.17
CUST-03374,Male,No,Yes,No,51,No,No phone service,No,No internet service,No internet service,No internet service,No internet service,No internet service,No internet service,Month-To-Month,No,Credit card,21.07,1068.16,No,0,Loyal (49m+),0,20.944313725490197,0,0,0,20.94
CUST-03375,male,No,Yes,Yes,45,Yes,No,DSL,No,Yes,Yes,No,No,No,One Year,Yes,Electronic check,63.09,2837.1,Yes,0,Established (25-48m),2,63.04666666666667,0,0,0,63.05
CUST-03376,Male,No,Yes,Yes,37,Yes,No,No,No internet service,No internet service,No internet service,No internet service,No internet service,No internet service,One Year,Yes,Mailed check,32.24,1189.26,No,0,Established (25-48m),0,32.142162162162165,0,0,0,32.14
CUST-03377,Female,Yes,Yes,Yes,47,No,No phone service,No,No internet service,No internet service,No internet service,No internet service,No internet service,No internet service,Month-To-Month,Yes,Bank transfer,20.59,962.66,No,0,Established (25-48m),0,20.482127659574466,0,0,0,20.48
CUST-03378,Female,No,Yes,No,40,Yes,No,Fiber optic,No,No,Yes,Yes,Yes,No,Month-To-Month,No,Electronic check,96.32,3851.74,No,0,Established (25-48m),3,96.2935,0,1,0,96.29
CUST-03379,Female,No,Yes,No,58,Yes,Yes,Fiber optic,No,No,Yes,No,Yes,No,Two Year,No,Electronic check,96.62,5609.2,No,0,Loyal (49m+),2,96.7103448275862,0,1,0,96.71
CUST-03380,Female,No,No,No,66,Yes,No,Fiber optic,No,Yes,No,No,No,No,Month-To-Month,No,Electronic check,85.72,5652.18,No,0,Loyal (49m+),1,85.63909090909091,0,0,0,85.64
CUST-03381,Male,No,Yes,Yes,65,Yes,Yes,DSL,Yes,Yes,Yes,No,Yes,No,Two Year,Yes,Electronic check,81.01,5265.86,Yes,0,Loyal (49m+),4,81.01323076923076,0,1,0,81.01
CUST-03382,Female,No,No,Yes,26,Yes,No,Fiber optic,No,No,No,Yes,Yes,Yes,Month-To-Month,Yes,Mailed check,96.45,2504.83,No,0,Established (25-48m),3,96.33961538461539,0,1,0,96.34
CUST-03383,Male,No,No,No,31,Yes,No,DSL,No,Yes,No,No,Yes,No,One Year,Yes,Bank transfer,64.77,2010.95,No,0,Established (25-48m),2,64.86935483870968,0,1,0,64.87
CUST-03384,M,Yes,Yes,Yes,55,No,No phone service,No,No internet service,No internet service,No internet service,No internet service,No internet service,No internet service,Month-To-Month,Yes,Electronic check,19.8858,964.39,Yes,0,Loyal (49m+),0,17.534363636363636,0,0,0,17.53
CUST-03385,Male,No,No,No,9,Yes,No,No,No internet service,No internet service,No internet service,No internet service,No internet service,No internet service,Two Year,No,Mailed check,32.33,293.97,No,0,New (0-12m),0,32.663333333333334,0,0,0,32.66
CUST-03386,Female,No,No,No,39,Yes,No,Fiber optic,Yes,No,No,No,No,No,Month-To-Month,Yes,Credit card,83.71,3274.34,No,0,Established (25-48m),1,83.9574358974359,0,0,0,83.96
CUST-03387,F,No,No,No,16,Yes,Yes,DSL,No,No,No,No,No,No,Month-To-Month,Yes,Credit card,58.25,932.14,No,0,Mid-term (13-24m),0,58.25875,0,0,0,58.26
CUST-03388,Male,Yes,Yes,No,57,Yes,Yes,DSL,No,Yes,No,Yes,No,No,Month-To-Month,Yes,Electronic check,72.1,4101.76,No,0,Loyal (49m+),2,71.96070175438597,0,0,0,71.96
CUST-03389,Male,No,No,Yes,5,Yes,No,No,No internet service,No internet service,No internet service,No internet service,No internet service,No internet service,Two Year,Yes,Electronic check,30.21,141.95,No,0,New (0-12m),0,28.389999999999997,0,0,0,28.39
CUST-03390,Female,No,No,Yes,38,Yes,No,No,No internet service,No internet service,No internet service,No internet service,No internet service,No internet service,Two Year,No,Mailed check,28.88,1088.45,No,0,Established (25-48m),0,28.64342105263158,0,0,0,28.64
CUST-03391,Female,No,Yes,Yes,17,No,No phone service,Fiber optic,No,No,No,No,Yes,Yes,Month-To-Month,No,Electronic check,82.16,1393.76,No,0,Mid-term (13-24m),2,81.98588235294118,0,1,0,81.99
CUST-03392,Male,No,No,Yes,72,Yes,No,Fiber optic,No,No,No,Yes,No,No,Month-To-Month,No,Electronic check,86.78,6252.65,No,0,Loyal (49m+),1,86.8423611111111,0,0,0,86.84
CUST-03393,Female,No,No,Yes,71,No,No phone service,Fiber optic,No,No,No,No,Yes,No,Two Year,No,Electronic check,74.78,5316.18,No,0,Loyal (49m+),1,74.87577464788733,0,1,0,74.88
CUST-03394,Female,No,No,Yes,41,Yes,No,No,No internet service,No internet service,No internet service,No internet service,No internet service,No internet service,Two Year,Yes,Electronic check,32.28,1325.36,No,0,Established (25-48m),0,32.32585365853658,0,0,0,32.33
CUST-03395,Male,No,No,No,3,No,No phone service,Fiber optic,No,No,No,No,No,No,One Year,No,Mailed check,67.97,203.51,No,0,New (0-12m),0,67.83666666666666,1,0,0,67.84
CUST-03396,Male,No,No,Yes,19,Yes,No,DSL,No,No,No,No,Yes,No,Two Year,Yes,Mailed check,62.19,1188.54,No,0,Mid-term (13-24m),1,62.554736842105264,0,1,0,62.55
CUST-03397,Female,Yes,Yes,Yes,27,Yes,Yes,Fiber optic,Yes,No,Yes,Yes,No,No,Month-To-Month,No,Electronic check,99.8,2685.73,No,0,Established (25-48m),3,99.47148148148148,0,0,0,99.47
CUST-03398,Male,No,No,Yes,39,Yes,Yes,DSL,Yes,No,Yes,No,No,No,Month-To-Month,No,Mailed check,69.81,2719.06,No,0,Established (25-48m),2,69.71948717948717,0,0,0,69.72
CUST-03399,Female,Yes,Yes,No,64,Yes,No,Fiber optic,No,Yes,Yes,No,Yes,No,Month-To-Month,No,Mailed check,94.77,6056.43,No,0,Loyal (49m+),3,94.63171875,0,1,0,94.63
CUST-03400,Female,No,No,Yes,43,Yes,Yes,Fiber optic,No,Yes,No,No,Yes,Yes,One Year,Yes,Bank transfer,99.65,4293.57,No,0,Established (25-48m),3,99.85046511627907,0,1,0,99.85
CUST-03401,Female,No,Yes,No,22,Yes,No,No,No internet service,No internet service,No internet service,No internet service,No internet service,No internet service,Month-To-Month,No,Credit card,30.19,655.96,No,0,Mid-term (13-24m),0,29.816363636363636,0,0,0,29.82
CUST-03402,Female,No,Yes,Yes,56,Yes,Yes,Fiber optic,Yes,Yes,Yes,No,Yes,Yes,Month-To-Month,No,Credit card,106.22660000000005,6308.07,Yes,0,Loyal (49m+),5,112.64410714285714,0,1,0,112.64
CUST-03403,male,No,Yes,Yes,46,No,No phone service,DSL,No,No,Yes,No,Yes,No,Month-To-Month,No,Mailed check,52.57,2422.84,Yes,0,Established (25-48m),2,52.6704347826087,0,1,0,52.67
CUST-03404,Female,No,No,Yes,12,Yes,Yes,Fiber optic,Yes,Yes,No,No,Yes,Yes,Month-To-Month,Yes,Credit card,105.0,1259.89,Yes,0,New (0-12m),4,104.99083333333334,0,1,0,104.99
CUST-03405,Male,No,No,No,15,Yes,No,No,No internet service,No internet service,No internet service,No internet service,No internet service,No internet service,Month-To-Month,Yes,Electronic check,28.92,430.05,Yes,0,Mid-term (13-24m),0,28.67,0,0,0,28.67
CUST-03406,Male,No,No,No,54,Yes,Yes,Fiber optic,Yes,No,No,No,Yes,No,Month-To-Month,Yes,Mailed check,93.36,5042.18,Yes,0,Loyal (49m+),2,93.37370370370371,0,1,0,93.37
CUST-03407,Female,No,No,Yes,64,No,No phone service,DSL,No,Yes,Yes,No,No,No,Two Year,Yes,Bank transfer,57.13,3659.17,No,0,Loyal (49m+),2,57.17453125,0,0,0,57.17
CUST-03408,Female,No,No,Yes,15,Yes,Yes,DSL,No,No,No,Yes,No,Yes,Month-To-Month,Yes,Mailed check,69.42,1040.93,No,0,Mid-term (13-24m),2,69.39533333333334,0,1,0,69.4
CUST-03409,F,No,Yes,Yes,36,Yes,Yes,DSL,Yes,No,No,No,No,Yes,Month-To-Month,No,Electronic check,70.23,2536.63,No,0,Established (25-48m),2,70.46194444444444,0,1,0,70.46
CUST-03410,Male,No,Yes,No,51,Yes,Yes,DSL,Yes,No,No,No,No,Yes,One Year,Yes,Electronic check,72.15,3672.44,No,0,Loyal (49m+),2,72.0086274509804,0,1,0,72.01
CUST-03411,Female,No,Yes,No,9,Yes,Yes,DSL,No,Yes,No,Yes,No,Yes,Two Year,No,Mailed check,74.9,666.67,No,0,New (0-12m),3,74.07444444444444,0,1,0,74.07
CUST-03412,Male,Yes,No,Yes,37,Yes,No,DSL,No,No,No,No,No,Yes,One Year,Yes,Bank transfer,58.94,2186.37,Yes,0,Established (25-48m),1,59.09108108108108,0,1,0,59.09
CUST-03413,Female,No,No,No,43,Yes,No,No,No internet service,No internet service,No internet service,No internet service,No internet service,No internet service,Month-To-Month,Yes,Credit card,27.98,1204.35,No,0,Established (25-48m),0,28.008139534883718,0,0,0,28.01
CUST-03414,Female,No,Yes,No,53,Yes,Yes,Fiber optic,No,No,Yes,No,No,Yes,Month-To-Month,No,Electronic check,95.49,5059.09,No,0,Loyal (49m+),2,95.4545283018868,0,1,0,95.45
CUST-03415,Male,No,No,No,50,Yes,Yes,Fiber optic,No,No,No,No,Yes,No,Month-To-Month,No,Credit card,92.06,4609.41,No,0,Loyal (49m+),1,92.1882,0,1,0,92.19
CUST-03416,Male,No,No,No,51,Yes,Yes,DSL,No,Yes,Yes,No,Yes,No,Month-To-Month,Yes,Electronic check,72.9,3726.68,No,0,Loyal (49m+),3,73.07215686274509,0,1,0,73.07
CUST-03417,Female,Yes,Yes,Yes,69,Yes,No,No,No internet service,No internet service,No internet service,No internet service,No internet service,No internet service,One Year,Yes,Credit card,29.73,2051.86,Yes,0,Loyal (49m+),0,29.737101449275364,0,0,0,29.74
CUST-03418,Female,No,Yes,Yes,58,Yes,Yes,Fiber optic,No,Yes,No,No,Yes,No,One Year,Yes,Credit card,95.82,5558.93,No,0,Loyal (49m+),2,95.84362068965518,0,1,0,95.84
CUST-03419,Female,No,No,No,12,Yes,Yes,No,No internet service,No internet service,No internet service,No internet service,No internet service,No internet service,One Year,Yes,Electronic check,33.0,387.1,No,0,New (0-12m),0,32.25833333333333,0,0,0,32.26
CUST-03420,Male,No,No,No,40,Yes,Yes,Fiber optic,No,No,No,Yes,Yes,No,Month-To-Month,Yes,Electronic check,92.89,3715.57,No,0,Established (25-48m),2,92.88925,0,1,0,92.89
CUST-03421,Male,No,Yes,No,11,Yes,No,DSL,Yes,No,No,No,No,Yes,One Year,Yes,Electronic check,63.52,689.11,Yes,0,New (0-12m),2,62.64636363636364,0,1,0,62.65
CUST-03422,Male,Yes,No,Yes,49,Yes,Yes,No,No internet service,No internet service,No internet service,No internet service,No internet service,No internet service,Two Year,No,Credit card,33.16,1622.96,No,0,Loyal (49m+),0,33.121632653061226,0,0,0,33.12
CUST-03423,Male,No,Yes,Yes,56,Yes,No,Fiber optic,No,No,No,Yes,No,No,One Year,Yes,Mailed check,84.39,4735.17,No,0,Loyal (49m+),1,84.55660714285715,0,0,0,84.56
CUST-03424,Male,No,Yes,No,49,Yes,Yes,Fiber optic,No,No,Yes,No,No,No,Month-To-Month,Yes,Bank transfer,89.55,4393.2,No,0,Loyal (49m+),1,89.65714285714286,0,0,0,89.66
CUST-03425,Male,No,Yes,No,56,Yes,Yes,Fiber optic,No,No,No,No,No,Yes,Month-To-Month,No,Electronic check,89.76,5031.25,No,0,Loyal (49m+),1,89.84375,0,1,0,89.84
CUST-03426,Female,No,No,No,53,Yes,No,Fiber optic,No,Yes,Yes,No,No,No,Month-To-Month,No,Credit card,89.96,4773.58,No,0,Loyal (49m+),2,90.06754716981132,0,0,0,90.07
CUST-03427,Female,No,Yes,No,65,Yes,Yes,Fiber optic,No,Yes,No,No,Yes,Yes,Month-To-Month,No,Electronic check,97.79,6363.34,No,0,Loyal (49m+),3,97.89753846153846,0,1,0,97.9
CUST-03428,male,No,Yes,Yes,7,Yes,Yes,Fiber optic,Yes,No,No,No,No,No,Two Year,No,Electronic check,90.81,626.52,No,0,New (0-12m),1,89.50285714285714,0,0,0,89.5
CUST-03429,Female,No,No,Yes,62,Yes,Yes,Fiber optic,No,No,No,No,No,Yes,One Year,Yes,Electronic check,91.17,5660.13,No,0,Loyal (49m+),1,91.29241935483871,0,1,0,91.29
CUST-03430,Female,Yes,Yes,Yes,8,Yes,No,Fiber optic,No,No,No,Yes,Yes,Yes,Month-To-Month,Yes,Mailed check,93.19,751.01,Yes,0,New (0-12m),3,93.87625,0,1,0,93.88
CUST-03431,male,No,No,Yes,59,Yes,No,No,No internet service,No internet service,No internet service,No internet service,No internet service,No internet service,Month-To-Month,No,Electronic check,28.63,1692.85,No,0,Loyal (49m+),0,28.69237288135593,0,0,0,28.69
CUST-03432,Female,No,No,Yes,62,Yes,Yes,Fiber optic,No,No,No,No,No,No,Month-To-Month,No,Mailed check,83.9,5199.91,Yes,0,Loyal (49m+),0,83.86951612903225,0,0,0,83.87
CUST-03433,Male,No,No,No,71,Yes,Yes,DSL,No,No,No,No,No,Yes,Two Year,No,Electronic check,64.58,4581.19,No,0,Loyal (49m+),1,64.52380281690141,0,1,0,64.52
CUST-03434,Male,Yes,Yes,No,2,Yes,No,Fiber optic,No,Yes,Yes,No,Yes,Yes,Month-To-Month,Yes,Mailed check,99.51,192.86,No,0,New (0-12m),4,96.43,1,1,0,96.43
CUST-03435,Female,No,Yes,No,72,Yes,No,DSL,No,Yes,No,No,No,No,One Year,Yes,Mailed check,58.53,4210.99,No,0,Loyal (49m+),1,58.485972222222216,0,0,0,58.49
CUST-03436,Male,No,No,Yes,12,Yes,Yes,DSL,No,No,No,No,No,Yes,One Year,No,Electronic check,62.87,762.01,No,0,New (0-12m),1,63.50083333333333,0,1,0,63.5
CUST-03437,Male,No,No,Yes,8,No,No phone service,DSL,No,No,No,No,No,Yes,Month-To-Month,Yes,Electronic check,48.95,382.73,No,0,New (0-12m),1,47.84125,0,1,0,47.84
CUST-03438,Male,No,No,Yes,51,Yes,Yes,DSL,No,Yes,No,No,No,Yes,Month-To-Month,No,Bank transfer,71.4,3645.92,No,0,Loyal (49m+),2,71.48862745098039,0,1,0,71.49
CUST-03439,Male,No,Yes,No,61,Yes,No,DSL,Yes,No,Yes,Yes,Yes,Yes,Month-To-Month,No,Electronic check,77.79,4736.89,Yes,0,Loyal (49m+),5,77.65393442622951,0,1,0,77.65
CUST-03440,Male,No,No,No,7,Yes,No,DSL,No,No,No,Yes,Yes,Yes,Two Year,No,Electronic check,69.33,477.65,Yes,0,New (0-12m),3,68.23571428571428,0,1,0,68.24
CUST-03441,Male,No,No,No,44,No,No phone service,Fiber optic,No,Yes,No,No,No,No,Two Year,Yes,Bank transfer,73.46,3226.23,No,0,Established (25-48m),1,73.3234090909091,0,0,0,73.32
CUST-03442,Male,No,No,No,52,Yes,No,DSL,No,Yes,Yes,Yes,Yes,No,One Year,Yes,Electronic check,76.06,3958.6,Yes,0,Loyal (49m+),4,76.12692307692308,0,1,0,76.13
CUST-03443,Male,No,Yes,Yes,62,Yes,Yes,DSL,No,No,Yes,No,No,No,One Year,Yes,Mailed check,64.16,3984.95,No,0,Loyal (49m+),1,64.27338709677419,0,0,0,64.27
CUST-03444,Female,Yes,No,No,56,Yes,No,No,No internet service,No internet service,No internet service,No internet service,No internet service,No internet service,Month-To-Month,No,Electronic check,29.49,1644.28,No,0,Loyal (49m+),0,29.362142857142857,0,0,0,29.36
CUST-03445,Female,Yes,Yes,Yes,53,Yes,No,No,No internet service,No internet service,No internet service,No internet service,No internet service,No internet service,Month-To-Month,Yes,Electronic check,32.09,1695.45,Yes,0,Loyal (49m+),0,31.989622641509435,0,0,0,31.99
CUST-03446,Female,No,Yes,No,18,Yes,No,DSL,No,Yes,Yes,No,No,No,Two Year,Yes,Bank transfer,65.56,1182.77,No,0,Mid-term (13-24m),2,65.70944444444444,0,0,0,65.71
CUST-03447,Male,No,No,No,66,Yes,Yes,No,No internet service,No internet service,No internet service,No internet service,No internet service,No internet service,Two Year,Yes,Electronic check,36.62,2416.04,No,0,Loyal (49m+),0,36.60666666666667,0,0,0,36.61
CUST-03448,Male,No,No,No,45,Yes,Yes,Fiber optic,Yes,Yes,No,Yes,No,No,One Year,Yes,Mailed check,100.92,4544.07,No,0,Established (25-48m),3,100.97933333333333,0,0,0,100.98
CUST-03449,Female,No,No,No,9,Yes,Yes,DSL,No,No,No,No,No,Yes,One Year,No,Bank transfer,67.3,598.87,Yes,0,New (0-12m),1,66.5411111111111,0,1,0,66.54
CUST-03450,Female,No,Yes,Yes,17,Yes,Yes,Fiber optic,Yes,No,Yes,No,No,Yes,Month-To-Month,No,Electronic check,100.36,1705.31,Yes,0,Mid-term (13-24m),3,100.31235294117647,0,1,0,100.31
CUST-03451,Female,No,Yes,Yes,11,Yes,No,No,No internet service,No internet service,No internet service,No internet service,No internet service,No internet service,Month-To-Month,Yes,Electronic check,28.75,313.06,No,0,New (0-12m),0,28.46,0,0,0,28.46
CUST-03452,Male,No,Yes,Yes,48,No,No phone service,Fiber optic,Yes,No,Yes,Yes,No,No,One Year,No,Credit card,85.97,4125.29,Yes,0,Established (25-48m),3,85.94354166666666,0,0,0,85.94
CUST-03453,Female,No,No,Yes,22,Yes,Yes,DSL,No,No,No,Yes,Yes,No,Two Year,No,Mailed check,71.6,1571.13,No,0,Mid-term (13-24m),2,71.415,0,1,0,71.42
CUST-03454,Female,No,Yes,Yes,61,Yes,Yes,DSL,No,No,No,No,No,Yes,Month-To-Month,No,Electronic check,67.34,4100.6,No,0,Loyal (49m+),1,67.22295081967214,0,1,0,67.22
CUST-03455,Male,No,No,Yes,10,Yes,Yes,DSL,No,Yes,Yes,Yes,Yes,No,Month-To-Month,No,Mailed check,80.59,809.24,No,0,New (0-12m),4,80.924,0,1,0,80.92
CUST-03456,Female,No,No,Yes,72,Yes,No,DSL,Yes,Yes,No,No,Yes,No,Month-To-Month,No,Electronic check,71.61,5159.3,No,0,Loyal (49m+),3,71.65694444444445,0,1,0,71.66
CUST-03457,Male,No,No,No,55,Yes,No,DSL,No,No,Yes,No,No,Yes,Month-To-Month,Yes,Electronic check,66.05,3628.04,Yes,0,Loyal (49m+),2,65.96436363636363,0,1,0,65.96
CUST-03458,Male,No,Yes,Yes,54,Yes,No,Fiber optic,No,No,No,Yes,Yes,No,Month-To-Month,Yes,Credit card,91.38,4936.06,No,0,Loyal (49m+),2,91.40851851851852,0,1,0,91.41
CUST-03459,Male,No,Yes,No,24,Yes,No,Fiber optic,No,No,No,No,No,Yes,Two Year,No,Electronic check,85.49,2060.99,No,0,Mid-term (13-24m),1,85.87458333333332,0,1,0,85.87
CUST-03460,Female,No,Yes,Yes,8,Yes,Yes,Fiber optic,No,No,Yes,No,No,No,Two Year,Yes,Electronic check,88.96,712.42,No,0,New (0-12m),1,89.0525,0,0,0,89.05
CUST-03461,Female,No,No,No,11,Yes,Yes,DSL,No,No,No,No,No,Yes,Two Year,Yes,Mailed check,62.94,688.62,No,0,New (0-12m),1,62.60181818181818,0,1,0,62.6
CUST-03462,Male,Yes,Yes,Yes,10,Yes,No,DSL,No,Yes,No,Yes,No,Yes,One Year,Yes,Credit card,71.1,707.17,No,0,New (0-12m),3,70.717,0,1,0,70.72
CUST-03463,Female,No,Yes,No,37,Yes,No,Fiber optic,No,No,No,No,No,No,Month-To-Month,Yes,Electronic check,81.65,3027.67,No,0,Established (25-48m),0,81.82891891891892,0,0,0,81.83
CUST-03464,Female,No,No,Yes,27,Yes,Yes,No,No internet service,No internet service,No internet service,No internet service,No internet service,No internet service,Two Year,Yes,Electronic check,36.36,981.49,No,0,Established (25-48m),0,36.35148148148148,0,0,0,36.35
CUST-03465,Female,No,No,Yes,7,Yes,Yes,Fiber optic,Yes,No,Yes,No,No,Yes,Month-To-Month,No,Mailed check,97.7,679.17,No,0,New (0-12m),3,97.02428571428571,0,1,0,97.02
CUST-03466,Female,Yes,Yes,No,46,Yes,Yes,Fiber optic,Yes,No,Yes,No,No,No,Two Year,Yes,Mailed check,92.77,4270.04,Yes,0,Established (25-48m),2,92.82695652173913,0,0,0,92.83
CUST-03467,Male,Yes,No,Yes,35,Yes,No,DSL,No,No,Yes,Yes,Yes,No,Two Year,Yes,Mailed check,68.02,2388.0,No,0,Established (25-48m),3,68.22857142857143,0,1,0,68.23
CUST-03468,Female,No,Yes,No,49,Yes,Yes,DSL,Yes,No,No,No,No,No,Month-To-Month,No,Credit card,66.62,3268.93,No,0,Loyal (49m+),1,66.71285714285715,0,0,0,66.71
CUST-03469,M,Yes,No,Yes,8,Yes,No,Fiber optic,No,Yes,Yes,No,No,No,Month-To-Month,No,Electronic check,90.55,716.13,No,0,New (0-12m),2,89.51625,0,0,0,89.52
CUST-03470,Male,No,No,No,59,Yes,Yes,Fiber optic,No,No,No,No,No,No,Month-To-Month,Yes,Electronic check,85.45,5038.38,No,0,Loyal (49m+),0,85.39627118644069,0,0,0,85.4
CUST-03471,Female,No,Yes,No,71,Yes,No,DSL,No,Yes,Yes,Yes,No,Yes,Month-To-Month,Yes,Electronic check,73.57,5229.72,No,0,Loyal (49m+),4,73.65802816901409,0,1,0,73.66
CUST-03472,Male,No,No,Yes,66,No,No phone service,DSL,No,Yes,Yes,No,No,No,Month-To-Month,No,Bank transfer,52.88,3488.45,No,0,Loyal (49m+),2,52.85530303030303,0,0,0,52.86
CUST-03473,Female,No,No,No,52,Yes,Yes,Fiber optic,No,No,Yes,No,No,Yes,Two Year,No,Electronic check,96.48,5026.93,No,0,Loyal (49m+),2,96.67173076923078,0,1,0,96.67
CUST-03474,Female,Yes,No,No,16,Yes,Yes,DSL,No,Yes,Yes,Yes,Yes,No,Two Year,Yes,Credit card,81.64,1303.08,Yes,0,Mid-term (13-24m),4,81.4425,0,1,0,81.44
CUST-03475,Male,No,Yes,Yes,52,Yes,Yes,No,No internet service,No internet service,No internet service,No internet service,No internet service,No internet service,Month-To-Month,No,Credit card,33.76,1763.67,No,0,Loyal (49m+),0,33.91673076923077,0,0,0,33.92
CUST-03476,M,Yes,No,Yes,27,Yes,Yes,DSL,No,Yes,No,No,No,Yes,Month-To-Month,No,Electronic check,71.63,1933.2,No,0,Established (25-48m),2,71.60000000000001,0,1,0,71.6
CUST-03477,Male,No,No,No,62,Yes,Yes,No,No internet service,No internet service,No internet service,No internet service,No internet service,No internet service,One Year,No,Credit card,34.06,2120.44,Yes,0,Loyal (49m+),0,34.200645161290325,0,0,0,34.2
CUST-03478,Male,No,Yes,Yes,14,Yes,No,Fiber optic,No,No,No,No,No,No,Month-To-Month,Yes,Electronic check,81.56,1140.27,No,0,Mid-term (13-24m),0,81.44785714285715,0,0,0,81.45
CUST-03479,Female,No,Yes,No,18,Yes,Yes,Fiber optic,Yes,No,No,No,Yes,Yes,Month-To-Month,Yes,Mailed check,97.84,1760.49,Yes,0,Mid-term (13-24m),3,97.805,0,1,0,97.8
CUST-03480,Female,No,No,Yes,69,Yes,No,Fiber optic,Yes,No,Yes,No,No,No,One Year,Yes,Bank transfer,89.22,6157.0,No,0,Loyal (49m+),2,89.23188405797102,0,0,0,89.23
CUST-03481,Female,No,No,Yes,46,Yes,Yes,Fiber optic,No,No,Yes,No,No,Yes,Month-To-Month,Yes,Electronic check,96.35,4422.9,No,0,Established (25-48m),2,96.14999999999999,0,1,0,96.15
CUST-03482,Male,No,No,No,70,Yes,Yes,Fiber optic,No,Yes,No,No,Yes,No,Month-To-Month,Yes,Bank transfer,93.94,6567.48,No,0,Loyal (49m+),2,93.82114285714285,0,1,0,93.82
CUST-03483,Male,Yes,Yes,Yes,47,Yes,Yes,DSL,No,No,No,No,No,No,Month-To-Month,Yes,Mailed check,57.7,2718.99,No,0,Established (25-48m),0,57.85085106382978,0,0,0,57.85
CUST-03484,Male,No,No,No,72,Yes,Yes,DSL,No,No,Yes,No,No,No,Month-To-Month,No,Credit card,63.25,4549.3,Yes,0,Loyal (49m+),1,63.18472222222223,0,0,0,63.18
CUST-03485,Female,No,Yes,Yes,19,Yes,No,Fiber optic,No,No,No,No,No,No,Month-To-Month,Yes,Bank transfer,82.31,1566.44,No,0,Mid-term (13-24m),0,82.44421052631579,0,0,0,82.44
CUST-03486,Male,No,Yes,No,36,No,No phone service,DSL,No,Yes,No,No,No,No,Month-To-Month,Yes,Electronic check,50.5,1813.2,No,0,Established (25-48m),1,50.36666666666667,0,0,0,50.37
CUST-03487,Female,No,No,Yes,1,Yes,Yes,DSL,Yes,No,No,Yes,Yes,No,Month-To-Month,No,Credit card,73.38,70.42,Yes,0,New (0-12m),3,70.42,1,1,0,70.42
CUST-03488,F,Yes,No,No,63,Yes,Yes,No,No internet service,No internet service,No internet service,No internet service,No internet service,No internet service,Two Year,Yes,Credit card,35.74,2253.71,No,0,Loyal (49m+),0,35.7731746031746,0,0,0,35.77
CUST-03489,Female,No,Yes,Yes,35,No,No phone service,No,No internet service,No internet service,No internet service,No internet service,No internet service,No internet service,One Year,Yes,Mailed check,20.62,718.47,No,0,Established (25-48m),0,20.527714285714286,0,0,0,20.53
CUST-03490,Female,No,No,No,4,Yes,No,No,No internet service,No internet service,No internet service,No internet service,No internet service,No internet service,One Year,No,Bank transfer,29.54,122.68,No,0,New (0-12m),0,30.67,0,0,0,30.67
CUST-03491,Male,No,No,Yes,63,Yes,Yes,Fiber optic,No,Yes,No,No,No,No,Month-To-Month,No,Credit card,90.83,5722.62,Yes,0,Loyal (49m+),1,90.8352380952381,0,0,0,90.84
CUST-03492,Male,No,Yes,Yes,6,Yes,Yes,DSL,No,No,No,No,No,No,Month-To-Month,No,Credit card,58.06,353.49,No,0,New (0-12m),0,58.915,0,0,0,58.92
CUST-03493,Female,No,No,No,69,Yes,Yes,DSL,Yes,No,Yes,No,Yes,No,Month-To-Month,Yes,Electronic check,74.11,5107.87,No,0,Loyal (49m+),3,74.02710144927536,0,1,0,74.03
CUST-03494,Female,No,Yes,Yes,21,No,No phone service,No,No internet service,No internet service,No internet service,No internet service,No internet service,No internet service,Two Year,No,Bank transfer,19.8858,374.39,Yes,0,Mid-term (13-24m),0,17.828095238095237,0,0,0,17.83
CUST-03495,Male,No,No,No,45,Yes,No,No,No internet service,No internet service,No internet service,No internet service,No internet service,No internet service,Month-To-Month,Yes,Credit card,32.07,1439.42,Yes,0,Established (25-48m),0,31.987111111111112,0,0,0,31.99
CUST-03496,Male,No,Yes,Yes,39,Yes,No,Fiber optic,No,No,No,No,No,Yes,One Year,No,Electronic check,86.96,3388.5,No,0,Established (25-48m),1,86.88461538461539,0,1,0,86.88
CUST-03497,Female,No,Yes,No,60,Yes,No,Fiber optic,No,No,No,Yes,No,Yes,Month-To-Month,Yes,Bank transfer,88.52,5304.93,Yes,0,Loyal (49m+),2,88.41550000000001,0,1,0,88.42
CUST-03498,Male,No,No,Yes,45,Yes,No,No,No internet service,No internet service,No internet service,No internet service,No internet service,No internet service,Two Year,No,Mailed check,31.04,1389.37,Yes,0,Established (25-48m),0,30.874888888888886,0,0,0,30.87
CUST-03499,Female,No,Yes,No,27,Yes,No,Fiber optic,Yes,No,Yes,No,Yes,No,Two Year,Yes,Electronic check,96.57,2615.02,No,0,Established (25-48m),3,96.85259259259259,0,1,0,96.85
CUST-03500,Female,No,Yes,No,34,Yes,No,No,No internet service,No internet service,No internet service,No internet service,No internet service,No internet service,Month-To-Month,No,Electronic check,29.54,1013.29,No,0,Established (25-48m),0,29.802647058823528,0,0,0,29.8
CUST-03501,Male,No,No,No,0,No,No phone service,DSL,Yes,Yes,Yes,No,No,No,One Year,No,Bank transfer,61.58,0.0,No,0,New (0-12m),3,61.58,1,0,0,61.58
CUST-03502,Male,No,No,No,28,Yes,Yes,Fiber optic,Yes,No,No,No,Yes,No,Month-To-Month,Yes,Electronic check,94.96,2664.15,No,0,Established (25-48m),2,95.14821428571429,0,1,0,95.15
CUST-03503,Male,Yes,No,Yes,8,Yes,Yes,Fiber optic,No,Yes,No,No,No,No,One Year,Yes,Mailed check,91.49,737.99,No,0,New (0-12m),1,92.24875,0,0,0,92.25
CUST-03504,male,No,Yes,No,8,Yes,No,Fiber optic,No,No,Yes,No,No,Yes,Month-To-Month,No,Mailed check,91.29,723.16,Yes,0,New (0-12m),2,90.395,0,1,0,90.4
CUST-03505,Male,No,Yes,No,21,Yes,Yes,No,No internet service,No internet service,No internet service,No internet service,No internet service,No internet service,Month-To-Month,Yes,Mailed check,35.31,750.29,Yes,0,Mid-term (13-24m),0,35.728095238095236,0,0,0,35.73
CUST-03506,Female,Yes,Yes,Yes,62,Yes,No,No,No internet service,No internet service,No internet service,No internet service,No internet service,No internet service,Month-To-Month,Yes,Electronic check,30.04,1868.64,Yes,0,Loyal (49m+),0,30.13935483870968,0,0,0,30.14
CUST-03507,Female,No,No,Yes,65,Yes,Yes,DSL,No,Yes,Yes,Yes,No,No,Month-To-Month,No,Bank transfer,73.96,4813.19,No,0,Loyal (49m+),3,74.04907692307691,0,0,0,74.05
CUST-03508,Male,No,Yes,Yes,57,Yes,No,DSL,No,No,Yes,No,No,Yes,Two Year,No,Bank transfer,64.56,3688.41,No,0,Loyal (49m+),2,64.70894736842105,0,1,0,64.71
CUST-03509,male,No,Yes,Yes,69,Yes,Yes,Fiber optic,Yes,Yes,Yes,No,Yes,Yes,Month-To-Month,Yes,Electronic check,106.22660000000005,7549.8,No,0,Loyal (49m+),5,109.41739130434783,0,1,0,109.42
CUST-03510,Male,No,No,Yes,54,Yes,Yes,DSL,Yes,No,No,Yes,Yes,Yes,Month-To-Month,Yes,Mailed check,78.02,4220.81,No,0,Loyal (49m+),4,78.16314814814815,0,1,0,78.16
CUST-03511,Female,No,Yes,Yes,12,Yes,No,DSL,No,Yes,No,Yes,No,Yes,Month-To-Month,Yes,Bank transfer,70.12,851.4,No,0,New (0-12m),3,70.95,0,1,0,70.95
CUST-03512,Male,No,No,No,18,Yes,Yes,Fiber optic,No,Yes,No,Yes,Yes,No,Month-To-Month,Yes,Electronic check,100.4,1801.83,No,0,Mid-term (13-24m),3,100.10166666666666,0,1,0,100.1
CUST-03513,Male,Yes,No,No,32,Yes,No,Fiber optic,No,No,No,No,No,Yes,Two Year,Yes,Credit card,87.35,2787.63,No,0,Established (25-48m),1,87.1134375,0,1,0,87.11
CUST-03514,Female,No,No,No,64,Yes,Yes,No,No internet service,No internet service,No internet service,No internet service,No internet service,No internet service,Month-To-Month,No,Mailed check,33.91,2162.42,No,0,Loyal (49m+),0,33.7878125,0,0,0,33.79
CUST-03515,Female,No,Yes,Yes,59,Yes,Yes,DSL,No,No,No,Yes,No,No,One Year,No,Electronic check,64.5,3803.05,No,0,Loyal (49m+),1,64.45847457627119,0,0,0,64.46
CUST-03516,Male,No,Yes,Yes,11,Yes,Yes,DSL,No,Yes,No,No,Yes,No,Month-To-Month,Yes,Electronic check,70.26,779.04,No,0,New (0-12m),2,70.82181818181817,0,1,0,70.82
CUST-03517,Male,No,Yes,No,42,Yes,Yes,DSL,Yes,Yes,No,Yes,No,No,Month-To-Month,No,Mailed check,76.77,3229.36,No,0,Established (25-48m),3,76.88952380952381,0,0,0,76.89
CUST-03518,Male,No,No,No,16,Yes,Yes,Fiber optic,No,Yes,No,No,No,Yes,Month-To-Month,Yes,Electronic check,93.79,1494.59,No,0,Mid-term (13-24m),2,93.411875,0,1,0,93.41
CUST-03519,Female,No,No,Yes,67,Yes,No,Fiber optic,Yes,Yes,No,No,Yes,Yes,Two Year,Yes,Electronic check,98.67,6611.58,No,0,Loyal (49m+),4,98.68029850746268,0,1,0,98.68
CUST-03520,Male,No,No,No,28,Yes,No,DSL,No,No,No,Yes,Yes,Yes,Two Year,Yes,Electronic check,70.16,1961.71,Yes,0,Established (25-48m),3,70.06107142857142,0,1,0,70.06
CUST-03521,Male,No,Yes,Yes,54,Yes,No,DSL,Yes,No,No,Yes,Yes,Yes,Month-To-Month,Yes,Mailed check,73.14,3956.2,No,0,Loyal (49m+),4,73.26296296296296,0,1,0,73.26
CUST-03522,Male,Yes,Yes,Yes,6,Yes,Yes,DSL,No,No,Yes,Yes,Yes,Yes,Two Year,Yes,Electronic check,80.98,491.96,No,0,New (0-12m),4,81.99333333333333,0,1,0,81.99
CUST-03523,Female,Yes,Yes,No,43,Yes,No,Fiber optic,No,Yes,Yes,No,Yes,No,Two Year,No,Credit card,96.8,4168.6,No,0,Established (25-48m),3,96.94418604651163,0,1,0,96.94
CUST-03524,Female,No,Yes,Yes,4,Yes,No,DSL,No,Yes,Yes,Yes,No,No,Month-To-Month,No,Mailed check,67.65,271.11,Yes,0,New (0-12m),3,67.7775,0,0,0,67.78
CUST-03525,male,No,Yes,Yes,59,Yes,Yes,DSL,No,Yes,No,Yes,No,No,Month-To-Month,No,Bank transfer,68.47,4045.88,Yes,0,Loyal (49m+),2,68.57423728813559,0,0,0,68.57
CUST-03526,Male,No,No,Yes,5,Yes,Yes,DSL,No,Yes,Yes,No,No,No,Month-To-Month,Yes,Bank transfer,70.4,356.67,No,0,New (0-12m),2,71.334,0,0,0,71.33
CUST-03527,Female,Yes,Yes,Yes,6,Yes,Yes,No,No internet service,No internet service,No internet service,No internet service,No internet service,No internet service,Month-To-Month,Yes,Mailed check,36.64,220.34,Yes,0,New (0-12m),0,36.723333333333336,0,0,0,36.72
CUST-03528,Female,No,No,No,45,Yes,No,DSL,No,No,Yes,No,Yes,Yes,One Year,No,Bank transfer,69.95,3153.21,No,0,Established (25-48m),3,70.07133333333333,0,1,0,70.07
CUST-03529,Female,No,No,Yes,56,Yes,No,DSL,Yes,Yes,No,No,Yes,Yes,Month-To-Month,Yes,Mailed check,76.42,4277.06,No,0,Loyal (49m+),4,76.37607142857144,0,1,0,76.38
CUST-03530,Female,No,Yes,Yes,53,Yes,Yes,DSL,Yes,No,Yes,Yes,No,No,Month-To-Month,No,Mailed check,74.61,3959.93,No,0,Loyal (49m+),3,74.71566037735849,0,0,0,74.72
CUST-03531,Female,No,No,No,45,Yes,No,Fiber optic,Yes,No,No,Yes,Yes,No,Month-To-Month,No,Mailed check,94.44,4252.27,Yes,0,Established (25-48m),3,94.4948888888889,0,1,0,94.49
CUST-03532,Female,No,Yes,Yes,9,Yes,No,Fiber optic,No,Yes,No,No,Yes,No,Month-To-Month,No,Credit card,88.41,802.93,No,0,New (0-12m),2,89.21444444444444,0,1,0,89.21
CUST-03533,Female,No,Yes,Yes,3,Yes,No,Fiber optic,No,No,No,Yes,No,No,One Year,Yes,Mailed check,83.26,257.63,No,0,New (0-12m),1,85.87666666666667,1,0,0,85.88
CUST-03534,Female,No,No,No,66,Yes,No,Fiber optic,No,No,No,No,No,No,One Year,No,Mailed check,81.23,5358.95,No,0,Loyal (49m+),0,81.19621212121211,0,0,0,81.2
CUST-03535,Female,No,Yes,No,24,No,No phone service,No,No internet service,No internet service,No internet service,No internet service,No internet service,No internet service,Month-To-Month,No,Electronic check,19.8858,436.16,Yes,0,Mid-term (13-24m),0,18.173333333333336,0,0,0,18.17
CUST-03536,Male,No,Yes,Yes,60,Yes,Yes,Fiber optic,No,Yes,No,No,Yes,Yes,Month-To-Month,Yes,Mailed check,99.54,5968.0,No,0,Loyal (49m+),3,99.46666666666667,0,1,0,99.47
CUST-03537,Male,No,No,Yes,37,Yes,Yes,DSL,No,No,No,No,No,No,Month-To-Month,No,Electronic check,60.23,2225.03,No,0,Established (25-48m),0,60.13594594594595,0,0,0,60.14
CUST-03538,Male,Yes,No,No,31,Yes,No,DSL,No,Yes,No,No,Yes,No,Two Year,Yes,Credit card,63.82,1969.43,No,0,Established (25-48m),2,63.53,0,1,0,63.53
CUST-03539,Female,No,No,Yes,22,Yes,Yes,Fiber optic,No,No,No,No,Yes,No,Month-To-Month,Yes,Mailed check,91.66,2025.14,No,0,Mid-term (13-24m),1,92.05181818181819,0,1,0,92.05
CUST-03540,Male,Yes,No,Yes,36,Yes,Yes,Fiber optic,Yes,No,No,No,No,No,Month-To-Month,No,Electronic check,89.52,3215.2,No,0,Established (25-48m),1,89.3111111111111,0,0,0,89.31
CUST-03541,Female,No,No,Yes,2,Yes,No,No,No internet service,No internet service,No internet service,No internet service,No internet service,No internet service,Month-To-Month,Yes,Electronic check,29.38,66.32,No,0,New (0-12m),0,33.16,1,0,0,33.16
CUST-03542,male,No,No,No,12,Yes,Yes,No,No internet service,No internet service,No internet service,No internet service,No internet service,No internet service,Month-To-Month,Yes,Electronic check,33.39,400.43,No,0,New (0-12m),0,33.369166666666665,0,0,0,33.37
CUST-03543,Male,No,Yes,Yes,33,Yes,No,Fiber optic,No,Yes,Yes,No,No,Yes,Month-To-Month,Yes,Electronic check,93.6,3096.81,No,0,Established (25-48m),3,93.84272727272727,0,1,0,93.84
CUST-03544,Female,No,Yes,No,64,Yes,Yes,DSL,No,No,No,Yes,No,No,One Year,Yes,Credit card,63.96,4102.09,No,0,Loyal (49m+),1,64.09515625,0,0,0,64.1
CUST-03545,Male,No,Yes,No,7,Yes,No,DSL,No,Yes,Yes,No,No,No,Two Year,Yes,Credit card,64.25,456.17,No,0,New (0-12m),2,65.16714285714286,0,0,0,65.17
CUST-03546,Male,No,No,No,8,Yes,Yes,No,No internet service,No internet service,No internet service,No internet service,No internet service,No internet service,Month-To-Month,No,Credit card,36.01,286.22,Yes,0,New (0-12m),0,35.7775,0,0,0,35.78
CUST-03547,Male,No,Yes,No,27,Yes,Yes,Fiber optic,No,No,Yes,No,Yes,No,One Year,Yes,Bank transfer,97.48,2630.21,No,0,Established (25-48m),2,97.41518518518518,0,1,0,97.42
CUST-03548,Female,No,No,Yes,17,Yes,Yes,Fiber optic,No,No,No,No,No,No,One Year,No,Bank transfer,85.03,1454.84,No,0,Mid-term (13-24m),0,85.57882352941176,0,0,0,85.58
CUST-03549,Male,No,Yes,No,41,Yes,No,Fiber optic,Yes,No,Yes,No,No,No,Month-To-Month,No,Credit card,91.03,3728.97,Yes,0,Established (25-48m),2,90.95048780487804,0,0,0,90.95
CUST-03550,Female,Yes,No,Yes,40,Yes,No,Fiber optic,Yes,Yes,Yes,No,No,Yes,Month-To-Month,Yes,Credit card,98.72,3947.02,No,0,Established (25-48m),4,98.6755,0,1,0,98.68
CUST-03551,Male,No,Yes,No,69,Yes,Yes,Fiber optic,No,No,No,No,Yes,No,Month-To-Month,Yes,Credit card,92.24,6360.38,Yes,0,Loyal (49m+),1,92.17942028985507,0,1,0,92.18
CUST-03552,M,Yes,No,No,32,Yes,No,DSL,Yes,No,No,Yes,Yes,Yes,Two Year,Yes,Credit card,76.55,2449.87,No,0,Established (25-48m),4,76.5584375,0,1,0,76.56
CUST-03553,M,No,No,Yes,53,Yes,No,Fiber optic,No,No,No,No,No,Yes,Two Year,No,Bank transfer,85.93,4556.5,No,0,Loyal (49m+),1,85.97169811320755,0,1,0,85.97
CUST-03554,Female,No,No,No,35,Yes,No,DSL,No,No,No,No,No,No,Month-To-Month,Yes,Electronic check,54.07,1895.71,No,0,Established (25-48m),0,54.16314285714286,0,0,0,54.16
CUST-03555,Female,No,No,No,55,No,No phone service,Fiber optic,Yes,No,No,No,Yes,No,Month-To-Month,No,Mailed check,77.91,4278.22,No,0,Loyal (49m+),2,77.78581818181819,0,1,0,77.79
CUST-03556,Female,No,Yes,Yes,16,Yes,Yes,DSL,No,No,No,No,No,No,Two Year,No,Bank transfer,62.34,994.37,No,0,Mid-term (13-24m),0,62.148125,0,0,0,62.15
CUST-03557,male,No,Yes,No,9,Yes,Yes,Fiber optic,No,No,Yes,Yes,Yes,No,Month-To-Month,No,Mailed check,101.13,920.09,No,0,New (0-12m),3,102.23222222222222,0,1,0,102.23
CUST-03558,Male,No,No,No,43,Yes,No,No,No internet service,No internet service,No internet service,No internet service,No internet service,No internet service,Two Year,No,Credit card,28.18,1203.17,Yes,0,Established (25-48m),0,27.980697674418607,0,0,0,27.98
CUST-03559,Female,No,No,No,1,Yes,Yes,Fiber optic,No,No,No,No,No,No,Month-To-Month,No,Credit card,85.26,82.7,Yes,0,New (0-12m),0,82.7,1,0,0,82.7
CUST-03560,Female,No,No,Yes,13,Yes,Yes,DSL,No,Yes,No,Yes,No,No,Two Year,Yes,Mailed check,70.56,911.52,Yes,0,Mid-term (13-24m),2,70.11692307692307,0,0,0,70.12
CUST-03561,Female,No,Yes,No,40,Yes,Yes,DSL,No,No,Yes,Yes,Yes,No,Two Year,No,Electronic check,74.72,2984.43,No,0,Established (25-48m),3,74.61075,0,1,0,74.61
CUST-03562,Female,No,No,Yes,1,Yes,Yes,DSL,No,No,Yes,Yes,No,No,Month-To-Month,Yes,Mailed check,69.86,69.2,Yes,0,New (0-12m),2,69.2,1,0,0,69.2
CUST-03563,Female,No,No,Yes,18,Yes,Yes,No,No internet service,No internet service,No internet service,No internet service,No internet service,No internet service,One Year,Yes,Electronic check,35.23,643.87,No,0,Mid-term (13-24m),0,35.77055555555555,0,0,0,35.77
CUST-03564,Female,No,Yes,Yes,0,Yes,Yes,Fiber optic,No,No,No,No,Yes,No,Month-To-Month,Yes,Electronic check,91.51,0.0,Yes,0,New (0-12m),1,91.51,1,1,0,91.51
CUST-03565,Male,No,No,No,1,Yes,No,Fiber optic,Yes,Yes,No,Yes,No,No,Month-To-Month,Yes,Electronic check,96.56,91.37,Yes,0,New (0-12m),3,91.37,1,0,0,91.37
CUST-03566,Female,No,No,No,26,Yes,Yes,DSL,Yes,No,No,Yes,Yes,No,One Year,Yes,Electronic check,77.3,2002.55,No,0,Established (25-48m),3,77.02115384615385,0,1,0,77.02
CUST-03567,Male,No,Yes,No,1,Yes,Yes,Fiber optic,No,No,No,No,Yes,No,Month-To-Month,Yes,Electronic check,88.36,90.48,No,0,New (0-12m),1,90.48,1,1,0,90.48
CUST-03568,Male,No,No,No,50,Yes,Yes,Fiber optic,Yes,Yes,No,No,Yes,No,Month-To-Month,Yes,Mailed check,98.05,4910.03,No,0,Loyal (49m+),3,98.2006,0,1,0,98.2
CUST-03569,Female,No,No,Yes,9,Yes,No,DSL,Yes,No,No,Yes,Yes,No,Month-To-Month,Yes,Bank transfer,70.55,628.96,No,0,New (0-12m),3,69.88444444444445,0,1,0,69.88
CUST-03570,Female,No,Yes,No,18,Yes,Yes,DSL,No,Yes,Yes,No,Yes,Yes,One Year,No,Electronic check,81.02,1452.26,Yes,0,Mid-term (13-24m),4,80.68111111111111,0,1,0,80.68
CUST-03571,Male,Yes,No,No,12,Yes,No,DSL,No,No,Yes,Yes,Yes,Yes,Month-To-Month,Yes,Credit card,74.2,894.08,No,0,New (0-12m),4,74.50666666666667,0,1,0,74.51
CUST-03572,Female,No,Yes,No,47,Yes,No,DSL,Yes,Yes,No,No,No,No,Two Year,Yes,Mailed check,67.42,3164.68,No,0,Established (25-48m),2,67.3336170212766,0,0,0,67.33
CUST-03573,M,No,No,Yes,55,Yes,No,Fiber optic,No,No,No,No,Yes,No,Month-To-Month,No,Electronic check,86.71,4759.88,No,0,Loyal (49m+),1,86.54327272727274,0,1,0,86.54
CUST-03574,Male,No,No,No,71,Yes,Yes,DSL,Yes,No,No,No,No,No,Month-To-Month,Yes,Mailed check,64.97,4608.92,Yes,0,Loyal (49m+),1,64.9143661971831,0,0,0,64.91
CUST-03575,Male,No,No,No,55,Yes,No,DSL,No,Yes,Yes,No,Yes,Yes,Month-To-Month,No,Credit card,76.12,4180.81,No,0,Loyal (49m+),4,76.01472727272728,0,1,0,76.01
CUST-03576,Male,No,No,No,49,Yes,Yes,Fiber optic,No,No,No,No,No,Yes,Month-To-Month,No,Mailed check,89.77,4395.28,Yes,0,Loyal (49m+),1,89.69959183673468,0,1,0,89.7
CUST-03577,Female,No,No,No,44,Yes,Yes,Fiber optic,No,No,No,No,Yes,No,Month-To-Month,Yes,Bank transfer,88.5,3900.29,No,0,Established (25-48m),1,88.64295454545454,0,1,0,88.64
CUST-03578,Male,No,Yes,No,58,Yes,No,DSL,No,No,Yes,Yes,No,No,Month-To-Month,No,Credit card,63.3,3674.87,No,0,Loyal (49m+),2,63.3598275862069,0,0,0,63.36
CUST-03579,Female,No,No,No,38,Yes,No,Fiber optic,Yes,No,Yes,No,Yes,No,Month-To-Month,No,Bank transfer,93.95,3565.69,No,0,Established (25-48m),3,93.83394736842105,0,1,0,93.83
CUST-03580,Male,No,No,Yes,20,Yes,Yes,DSL,Yes,No,Yes,No,No,Yes,Month-To-Month,Yes,Electronic check,76.98,1537.77,No,0,Mid-term (13-24m),3,76.8885,0,1,0,76.89
CUST-03581,Male,No,Yes,Yes,54,Yes,Yes,Fiber optic,No,No,No,No,Yes,No,Two Year,No,Bank transfer,89.38,4820.8,No,0,Loyal (49m+),1,89.27407407407408,0,1,0,89.27
CUST-03582,Male,Yes,Yes,Yes,56,Yes,No,No,No internet service,No internet service,No internet service,No internet service,No internet service,No internet service,One Year,No,Credit card,32.03,1794.75,No,0,Loyal (49m+),0,32.049107142857146,0,0,0,32.05
CUST-03583,Female,No,No,Yes,40,Yes,Yes,No,No internet service,No internet service,No internet service,No internet service,No internet service,No internet service,Month-To-Month,No,Bank transfer,36.49,1454.13,No,0,Established (25-48m),0,36.35325,0,0,0,36.35
CUST-03584,Female,No,Yes,No,69,No,No phone service,Fiber optic,No,Yes,Yes,No,No,Yes,One Year,No,Electronic check,85.53,5910.12,No,0,Loyal (49m+),3,85.65391304347825,0,1,0,85.65
CUST-03585,Male,No,No,No,48,Yes,No,Fiber optic,Yes,Yes,No,No,Yes,Yes,Two Year,Yes,Mailed check,101.99,4890.92,No,0,Established (25-48m),4,101.89416666666666,0,1,0,101.89
CUST-03586,Male,No,Yes,No,43,Yes,Yes,Fiber optic,No,Yes,No,No,Yes,Yes,Month-To-Month,No,Electronic check,98.45,4237.59,No,0,Established (25-48m),3,98.54860465116279,0,1,0,98.55
CUST-03587,Male,No,Yes,Yes,34,Yes,Yes,No,No internet service,No internet service,No internet service,No internet service,No internet service,No internet service,Month-To-Month,No,Bank transfer,32.88,1115.8,No,0,Established (25-48m),0,32.817647058823525,0,0,0,32.82
CUST-03588,Female,No,No,Yes,4,Yes,Yes,No,No internet service,No internet service,No internet service,No internet service,No internet service,No internet service,Month-To-Month,No,Mailed check,36.25,152.87,No,0,New (0-12m),0,38.2175,0,0,0,38.22
CUST-03589,Male,No,Yes,Yes,70,Yes,Yes,Fiber optic,No,Yes,No,No,No,No,One Year,Yes,Credit card,92.03,6438.41,No,0,Loyal (49m+),1,91.97728571428571,0,0,0,91.98
CUST-03590,Female,No,No,Yes,50,Yes,No,Fiber optic,No,No,Yes,No,No,Yes,Month-To-Month,Yes,Credit card,89.42,4461.32,Yes,0,Loyal (49m+),2,89.2264,0,1,0,89.23
CUST-03591,Male,No,Yes,No,56,Yes,Yes,DSL,No,No,Yes,No,No,No,Month-To-Month,No,Credit card,62.52,3493.24,Yes,0,Loyal (49m+),1,62.37928571428571,0,0,0,62.38
CUST-03592,Male,No,Yes,No,57,Yes,No,Fiber optic,No,No,No,Yes,No,Yes,One Year,No,Credit card,91.33,5197.17,No,0,Loyal (49m+),2,91.17842105263158,0,1,0,91.18
CUST-03593,Male,No,Yes,Yes,35,Yes,No,Fiber optic,No,No,No,Yes,No,No,Month-To-Month,No,Electronic check,84.32,2947.4,Yes,0,Established (25-48m),1,84.21142857142857,0,0,0,84.21
CUST-03594,Male,No,No,Yes,9,Yes,Yes,No,No internet service,No internet service,No internet service,No internet service,No internet service,No internet service,Month-To-Month,No,Credit card,35.43,322.32,Yes,0,New (0-12m),0,35.81333333333333,0,0,0,35.81
CUST-03595,Male,No,No,No,49,Yes,Yes,No,No internet service,No internet service,No internet service,No internet service,No internet service,No internet service,Month-To-Month,Yes,Electronic check,33.55,1644.27,No,0,Loyal (49m+),0,33.5565306122449,0,0,0,33.56
CUST-03596,Male,No,Yes,No,36,Yes,Yes,Fiber optic,No,No,Yes,Yes,No,No,One Year,No,Electronic check,95.91,3447.74,Yes,0,Established (25-48m),2,95.77055555555555,0,0,0,95.77
CUST-03597,Female,No,No,No,19,Yes,Yes,No,No internet service,No internet service,No internet service,No internet service,No internet service,No internet service,Month-To-Month,Yes,Bank transfer,35.16,678.02,No,0,Mid-term (13-24m),0,35.68526315789474,0,0,0,35.69
CUST-03598,Male,Yes,No,Yes,12,Yes,No,No,No internet service,No internet service,No internet service,No internet service,No internet service,No internet service,Month-To-Month,Yes,Mailed check,27.64,322.99,Yes,0,New (0-12m),0,26.915833333333335,0,0,0,26.92
CUST-03599,Female,No,No,No,18,Yes,Yes,No,No internet service,No internet service,No internet service,No internet service,No internet service,No internet service,Month-To-Month,Yes,Credit card,32.53,588.0,Yes,0,Mid-term (13-24m),0,32.666666666666664,0,0,0,32.67
CUST-03600,Male,Yes,Yes,Yes,55,Yes,No,Fiber optic,No,Yes,No,No,No,No,Two Year,No,Mailed check,84.69,4663.98,No,0,Loyal (49m+),1,84.79963636363635,0,0,0,84.8
CUST-03601,Male,No,No,Yes,44,Yes,Yes,Fiber optic,No,No,Yes,No,No,Yes,Two Year,No,Credit card,93.32,4115.24,Yes,0,Established (25-48m),2,93.5281818181818,0,1,0,93.53
CUST-03602,Female,No,Yes,No,59,Yes,Yes,Fiber optic,No,No,No,No,Yes,Yes,Month-To-Month,Yes,Electronic check,97.03,5721.86,No,0,Loyal (49m+),2,96.9806779661017,0,1,0,96.98
CUST-03603,Male,No,Yes,No,67,No,No phone service,DSL,Yes,No,Yes,No,No,No,Month-To-Month,Yes,Credit card,53.02,3553.74,No,0,Loyal (49m+),2,53.040895522388055,0,0,0,53.04
CUST-03604,Female,Yes,Yes,No,56,Yes,No,DSL,No,Yes,No,Yes,Yes,Yes,Month-To-Month,No,Bank transfer,76.08,4255.51,No,0,Loyal (49m+),4,75.99125000000001,0,1,0,75.99
CUST-03605,F,No,Yes,Yes,53,Yes,No,DSL,No,Yes,No,No,Yes,No,Month-To-Month,Yes,Bank transfer,64.25,3395.92,No,0,Loyal (49m+),2,64.07396226415095,0,1,0,64.07
CUST-03606,Male,No,Yes,No,36,Yes,No,No,No internet service,No internet service,No internet service,No internet service,No internet service,No internet service,Two Year,Yes,Electronic check,32.17,1158.47,No,0,Established (25-48m),0,32.179722222222225,0,0,0,32.18
CUST-03607,Female,No,No,No,36,No,No phone service,Fiber optic,Yes,No,No,No,No,No,Month-To-Month,Yes,Bank transfer,73.16,2635.57,No,0,Established (25-48m),1,73.21027777777778,0,0,0,73.21
CUST-03608,M,No,No,Yes,13,No,No phone service,No,No internet service,No internet service,No internet service,No internet service,No internet service,No internet service,Two Year,No,Mailed check,21.39,273.58,No,0,Mid-term (13-24m),0,21.044615384615383,0,0,0,21.04
CUST-03609,Male,No,Yes,No,43,Yes,No,Fiber optic,No,No,Yes,Yes,No,No,Month-To-Month,No,Bank transfer,92.3,3963.55,No,0,Established (25-48m),2,92.17558139534884,0,0,0,92.18
CUST-03610,Female,Yes,No,No,41,Yes,No,DSL,Yes,No,Yes,Yes,No,No,Month-To-Month,Yes,Mailed check,72.28,2959.1,No,0,Established (25-48m),3,72.17317073170732,0,0,0,72.17
CUST-03611,Male,Yes,No,Yes,0,Yes,Yes,DSL,Yes,No,No,No,Yes,No,Two Year,Yes,Electronic check,68.78,0.0,No,0,New (0-12m),2,68.78,1,1,0,68.78
CUST-03612,Male,No,No,Yes,22,Yes,Yes,DSL,No,Yes,No,No,Yes,No,Two Year,Yes,Electronic check,68.98,1521.17,No,0,Mid-term (13-24m),2,69.1440909090909,0,1,0,69.14
CUST-03613,Male,Yes,No,Yes,63,Yes,No,No,No internet service,No internet service,No internet service,No internet service,No internet service,No internet service,Two Year,Yes,Mailed check,28.25,1784.16,Yes,0,Loyal (49m+),0,28.32,0,0,0,28.32
CUST-03614,Male,No,No,Yes,27,Yes,Yes,Fiber optic,Yes,No,No,Yes,Yes,Yes,Month-To-Month,Yes,Credit card,104.36,2813.26,Yes,0,Established (25-48m),4,104.19481481481482,0,1,0,104.19
CUST-03615,Female,No,No,Yes,3,Yes,Yes,Fiber optic,No,No,No,No,No,No,Month-To-Month,No,Mailed check,85.91,264.86,No,0,New (0-12m),0,88.28666666666668,1,0,0,88.29
CUST-03616,Male,No,No,No,40,Yes,Yes,Fiber optic,No,No,No,No,No,No,Two Year,No,Credit card,82.55,3301.71,No,0,Established (25-48m),0,82.54275,0,0,0,82.54
CUST-03617,Male,No,Yes,No,59,Yes,Yes,No,No internet service,No internet service,No internet service,No internet service,No internet service,No internet service,One Year,No,Mailed check,35.75,2110.21,No,0,Loyal (49m+),0,35.766271186440676,0,0,0,35.77
CUST-03618,Female,Yes,Yes,Yes,17,Yes,Yes,DSL,No,No,Yes,No,No,Yes,Month-To-Month,No,Credit card,67.59,1143.6,Yes,0,Mid-term (13-24m),2,67.27058823529411,0,1,0,67.27
CUST-03619,Male,No,Yes,No,62,Yes,Yes,No,No internet service,No internet service,No internet service,No internet service,No internet service,No internet service,Month-To-Month,Yes,Mailed check,35.84,2219.74,Yes,0,Loyal (49m+),0,35.802258064516124,0,0,0,35.8
CUST-03620,Male,No,No,No,60,Yes,No,Fiber optic,No,No,Yes,No,No,No,Two Year,Yes,Electronic check,86.7,5193.03,No,0,Loyal (49m+),1,86.5505,0,0,0,86.55
CUST-03621,Female,No,No,Yes,48,Yes,No,No,No internet service,No internet service,No internet service,No internet service,No internet service,No internet service,Two Year,No,Bank transfer,29.3,1407.95,No,0,Established (25-48m),0,29.332291666666666,0,0,0,29.33
CUST-03622,Female,No,Yes,Yes,46,Yes,Yes,Fiber optic,No,No,No,No,No,No,One Year,Yes,Bank transfer,84.53,3893.36,No,0,Established (25-48m),0,84.63826086956522,0,0,0,84.64
CUST-03623,Female,No,No,Yes,38,Yes,No,DSL,No,No,No,Yes,Yes,No,One Year,No,Mailed check,66.14,2514.19,No,0,Established (25-48m),2,66.1628947368421,0,1,0,66.16
CUST-03624,Female,Yes,No,No,5,Yes,No,Fiber optic,No,No,Yes,No,Yes,Yes,Month-To-Month,Yes,Electronic check,96.55,479.28,Yes,0,New (0-12m),3,95.856,0,1,0,95.86
CUST-03625,Female,No,Yes,Yes,52,Yes,Yes,DSL,No,No,No,No,No,Yes,One Year,No,Electronic check,67.5,3516.69,No,0,Loyal (49m+),1,67.62865384615385,0,1,0,67.63
CUST-03626,Female,No,Yes,No,24,No,No phone service,No,No internet service,No internet service,No internet service,No internet service,No internet service,No internet service,Month-To-Month,Yes,Mailed check,20.2,475.95,No,0,Mid-term (13-24m),0,19.83125,0,0,0,19.83
CUST-03627,Female,No,Yes,No,64,Yes,Yes,Fiber optic,Yes,No,Yes,Yes,No,No,Month-To-Month,Yes,Bank transfer,101.77,6508.25,Yes,0,Loyal (49m+),3,101.69140625,0,0,0,101.69
CUST-03628,Male,No,No,No,4,Yes,Yes,DSL,Yes,Yes,No,No,No,No,Two Year,No,Mailed check,67.78,262.12,No,0,New (0-12m),2,65.53,0,0,0,65.53
CUST-03629,Female,No,No,No,64,No,No phone service,DSL,No,Yes,Yes,No,No,No,Two Year,Yes,Mailed check,53.04,3392.42,No,0,Loyal (49m+),2,53.0065625,0,0,0,53.01
CUST-03630,Female,No,No,Yes,7,Yes,Yes,No,No internet service,No internet service,No internet service,No internet service,No internet service,No internet service,Month-To-Month,Yes,Mailed check,36.85,252.96,No,0,New (0-12m),0,36.137142857142855,0,0,0,36.14
CUST-03632,Male,No,Yes,Yes,42,No,No phone service,Fiber optic,No,Yes,Yes,No,No,No,One Year,Yes,Bank transfer,78.63,3294.03,No,0,Established (25-48m),2,78.42928571428573,0,0,0,78.43
CUST-03633,Male,No,No,No,72,Yes,No,Fiber optic,No,No,No,No,No,No,One Year,No,Bank transfer,79.53,5716.83,Yes,0,Loyal (49m+),0,79.40041666666667,0,0,0,79.4
CUST-03634,Female,No,Yes,Yes,4,No,No phone service,No,No internet service,No internet service,No internet service,No internet service,No internet service,No internet service,Month-To-Month,Yes,Electronic check,20.13,81.58,No,0,New (0-12m),0,20.395,0,0,0,20.4
CUST-03635,Female,No,Yes,Yes,3,Yes,Yes,DSL,No,Yes,No,Yes,No,Yes,Month-To-Month,No,Electronic check,74.12,227.29,No,0,New (0-12m),3,75.76333333333334,1,1,0,75.76
CUST-03636,Female,No,No,Yes,0,Yes,Yes,DSL,No,Yes,Yes,No,No,Yes,Two Year,Yes,Electronic check,73.49,0.0,Yes,0,New (0-12m),3,73.49,1,1,0,73.49
CUST-03637,Male,No,Yes,No,55,Yes,Yes,Fiber optic,No,No,No,No,No,Yes,Month-To-Month,Yes,Credit card,87.69,4818.58,No,0,Loyal (49m+),1,87.61054545454546,0,1,0,87.61
CUST-03638,Male,Yes,Yes,No,44,Yes,No,No,No internet service,No internet service,No internet service,No internet service,No internet service,No internet service,Month-To-Month,Yes,Mailed check,31.34,1378.93,No,0,Established (25-48m),0,31.339318181818182,0,0,0,31.34
CUST-03639,Female,No,Yes,No,64,Yes,Yes,Fiber optic,Yes,No,No,Yes,Yes,No,Month-To-Month,No,Mailed check,102.02,6526.05,No,0,Loyal (49m+),3,101.96953125,0,1,0,101.97
CUST-03640,Male,No,No,Yes,2,Yes,No,DSL,No,Yes,Yes,No,No,Yes,Month-To-Month,Yes,Mailed check,67.59,131.1,No,0,New (0-12m),3,65.55,1,1,0,65.55
CUST-03641,Female,No,No,No,21,Yes,No,Fiber optic,No,No,No,Yes,Yes,No,Month-To-Month,Yes,Credit card,89.25,1873.19,No,0,Mid-term (13-24m),2,89.19952380952381,0,1,0,89.2
CUST-03642,Male,No,Yes,No,71,No,No phone service,Fiber optic,Yes,No,No,No,No,Yes,Month-To-Month,No,Bank transfer,81.96,5821.44,No,0,Loyal (49m+),2,81.99211267605634,0,1,0,81.99
CUST-03643,Male,No,No,No,55,Yes,Yes,Fiber optic,No,Yes,No,No,Yes,No,Month-To-Month,Yes,Electronic check,92.6,5094.57,No,0,Loyal (49m+),2,92.62854545454545,0,1,0,92.63
CUST-03644,Female,Yes,No,Yes,17,Yes,No,No,No internet service,No internet service,No internet service,No internet service,No internet service,No internet service,Month-To-Month,No,Mailed check,31.16,521.88,No,0,Mid-term (13-24m),0,30.698823529411765,0,0,0,30.7
CUST-03645,Female,No,No,No,24,Yes,Yes,Fiber optic,Yes,No,No,Yes,No,No,Two Year,No,Bank transfer,93.72,2243.65,No,0,Mid-term (13-24m),2,93.48541666666667,0,0,0,93.49
CUST-03646,Female,No,Yes,No,47,Yes,No,DSL,Yes,No,Yes,Yes,Yes,Yes,Two Year,Yes,Mailed check,81.37,3814.53,No,0,Established (25-48m),5,81.16021276595745,0,1,0,81.16
CUST-03647,Female,No,No,Yes,30,Yes,Yes,No,No internet service,No internet service,No internet service,No internet service,No internet service,No internet service,Two Year,Yes,Electronic check,35.9,1075.76,No,0,Established (25-48m),0,35.858666666666664,0,0,0,35.86
CUST-03648,Male,No,Yes,Yes,29,No,No phone service,DSL,Yes,No,No,No,No,No,Two Year,Yes,Credit card,52.21,1519.49,No,0,Established (25-48m),1,52.396206896551725,0,0,0,52.4
CUST-03649,male,No,Yes,Yes,65,Yes,Yes,No,No internet service,No internet service,No internet service,No internet service,No internet service,No internet service,Two Year,No,Credit card,34.03,2210.24,No,0,Loyal (49m+),0,34.003692307692305,0,0,0,34.0
CUST-03650,Male,Yes,No,Yes,9,Yes,No,Fiber optic,No,Yes,No,No,No,Yes,Month-To-Month,Yes,Credit card,88.26,804.33,No,0,New (0-12m),2,89.37,0,1,0,89.37
CUST-03651,Female,No,Yes,Yes,70,Yes,Yes,Fiber optic,No,Yes,Yes,No,Yes,No,Two Year,Yes,Electronic check,99.98,7003.61,No,0,Loyal (49m+),3,100.05157142857142,0,1,0,100.05
CUST-03652,Male,No,No,Yes,58,Yes,No,No,No internet service,No internet service,No internet service,No internet service,No internet service,No internet service,Two Year,Yes,Electronic check,32.42,1877.86,No,0,Loyal (49m+),0,32.37689655172414,0,0,0,32.38
CUST-03653,Female,No,No,No,50,Yes,Yes,Fiber optic,No,Yes,Yes,Yes,No,Yes,Month-To-Month,Yes,Mailed check,102.7,5144.46,No,0,Loyal (49m+),4,102.8892,0,1,0,102.89
CUST-03654,Male,No,Yes,No,8,Yes,No,Fiber optic,Yes,No,No,No,Yes,Yes,One Year,Yes,Credit card,93.39,749.93,No,0,New (0-12m),3,93.74125,0,1,0,93.74
CUST-03655,Female,No,Yes,Yes,53,Yes,Yes,No,No internet service,No internet service,No internet service,No internet service,No internet service,No internet service,Month-To-Month,Yes,Bank transfer,36.79,1958.26,No,0,Loyal (49m+),0,36.94830188679245,0,0,0,36.95
CUST-03656,Female,No,No,No,61,Yes,No,DSL,No,No,Yes,No,No,No,Two Year,Yes,Credit card,60.93,3708.48,No,0,Loyal (49m+),1,60.794754098360656,0,0,0,60.79
CUST-03657,Male,No,No,Yes,8,Yes,Yes,DSL,Yes,No,No,Yes,No,No,One Year,Yes,Credit card,69.62,558.11,No,0,New (0-12m),2,69.76375,0,0,0,69.76
CUST-03658,Female,No,No,No,8,No,No phone service,Fiber optic,No,Yes,No,No,No,Yes,Two Year,Yes,Bank transfer,79.97,647.93,Yes,0,New (0-12m),2,80.99125,0,1,0,80.99
CUST-03659,Female,No,No,Yes,23,Yes,No,DSL,Yes,No,No,Yes,No,No,Month-To-Month,Yes,Electronic check,63.78,1469.96,Yes,0,Mid-term (13-24m),2,63.91130434782609,0,0,0,63.91
CUST-03660,Male,No,Yes,Yes,38,Yes,No,DSL,No,No,Yes,No,Yes,Yes,Month-To-Month,Yes,Electronic check,72.31,2757.54,Yes,0,Established (25-48m),3,72.56684210526316,0,1,0,72.57
CUST-03661,Female,No,Yes,No,7,Yes,No,No,No internet service,No internet service,No internet service,No internet service,No internet service,No internet service,Two Year,Yes,Mailed check,29.22,214.46,No,0,New (0-12m),0,30.63714285714286,0,0,0,30.64
CUST-03662,Female,No,Yes,No,24,Yes,No,Fiber optic,No,Yes,No,No,Yes,Yes,Month-To-Month,No,Electronic check,94.4,2271.44,No,0,Mid-term (13-24m),3,94.64333333333333,0,1,0,94.64
CUST-03663,Female,No,No,No,65,Yes,No,No,No internet service,No internet service,No internet service,No internet service,No internet service,No internet service,Month-To-Month,Yes,Electronic check,29.85,1935.83,No,0,Loyal (49m+),0,29.782,0,0,0,29.78
CUST-03664,Male,No,Yes,No,9,Yes,Yes,No,No internet service,No internet service,No internet service,No internet service,No internet service,No internet service,One Year,No,Bank transfer,33.57,309.2,No,0,New (0-12m),0,34.355555555555554,0,0,0,34.36
CUST-03665,Male,No,Yes,No,23,Yes,Yes,DSL,No,No,Yes,Yes,No,No,Two Year,Yes,Electronic check,68.48,1579.11,No,0,Mid-term (13-24m),2,68.65695652173913,0,0,0,68.66
CUST-03666,Female,No,Yes,No,58,Yes,Yes,No,No internet service,No internet service,No internet service,No internet service,No internet service,No internet service,Month-To-Month,No,Bank transfer,35.5,2051.13,No,0,Loyal (49m+),0,35.36431034482759,0,0,0,35.36
CUST-03667,Male,No,Yes,No,30,Yes,No,No,No internet service,No internet service,No internet service,No internet service,No internet service,No internet service,Month-To-Month,Yes,Credit card,31.37,938.85,No,0,Established (25-48m),0,31.295,0,0,0,31.3
CUST-03668,male,Yes,No,No,10,Yes,Yes,DSL,Yes,No,No,No,No,No,Month-To-Month,No,Electronic check,66.26,670.09,No,0,New (0-12m),1,67.009,0,0,0,67.01
CUST-03669,Female,No,Yes,Yes,5,Yes,No,No,No internet service,No internet service,No internet service,No internet service,No internet service,No internet service,Month-To-Month,No,Electronic check,30.33,155.81,No,0,New (0-12m),0,31.162,0,0,0,31.16
CUST-03670,Female,No,Yes,No,69,Yes,No,Fiber optic,No,Yes,Yes,No,Yes,No,Month-To-Month,Yes,Electronic check,95.69,6601.16,No,0,Loyal (49m+),3,95.66898550724638,0,1,0,95.67
CUST-03671,Female,No,Yes,No,31,Yes,Yes,No,No internet service,No internet service,No internet service,No internet service,No internet service,No internet service,Two Year,Yes,Electronic check,35.32,1097.18,Yes,0,Established (25-48m),0,35.39290322580646,0,0,0,35.39
CUST-03672,Female,No,Yes,Yes,38,Yes,Yes,No,No internet service,No internet service,No internet service,No internet service,No internet service,No internet service,One Year,No,Mailed check,36.87,1409.8,Yes,0,Established (25-48m),0,37.1,0,0,0,37.1
CUST-03673,Male,No,No,Yes,47,Yes,Yes,Fiber optic,No,No,No,No,Yes,No,Two Year,No,Bank transfer,89.44,4205.63,Yes,0,Established (25-48m),1,89.48148936170213,0,1,0,89.48
CUST-03674,Female,No,No,Yes,12,Yes,No,Fiber optic,No,No,Yes,No,No,No,Month-To-Month,Yes,Bank transfer,83.12,991.99,Yes,0,New (0-12m),1,82.66583333333334,0,0,0,82.67
CUST-03675,Male,No,Yes,Yes,58,Yes,Yes,DSL,No,No,Yes,No,No,No,One Year,Yes,Mailed check,64.68,3754.83,Yes,0,Loyal (49m+),1,64.73844827586207,0,0,0,64.74
CUST-03676,Male,No,No,No,66,Yes,No,Fiber optic,No,No,Yes,No,Yes,Yes,Two Year,Yes,Mailed check,96.85,6387.42,No,0,Loyal (49m+),3,96.77909090909091,0,1,0,96.78
CUST-03677,Female,No,No,No,55,Yes,No,DSL,No,Yes,No,No,Yes,Yes,One Year,Yes,Bank transfer,72.0,3962.38,Yes,0,Loyal (49m+),3,72.04327272727274,0,1,0,72.04
CUST-03678,Female,No,No,Yes,40,Yes,No,No,No internet service,No internet service,No internet service,No internet service,No internet service,No internet service,Month-To-Month,Yes,Electronic check,30.45,1220.89,No,0,Established (25-48m),0,30.522250000000003,0,0,0,30.52
CUST-03679,Male,No,No,Yes,55,Yes,Yes,Fiber optic,No,No,No,No,No,No,Two Year,Yes,Electronic check,82.81,4551.78,No,0,Loyal (49m+),0,82.75963636363636,0,0,0,82.76
CUST-03680,Male,No,Yes,No,34,Yes,Yes,No,No internet service,No internet service,No internet service,No internet service,No internet service,No internet service,Month-To-Month,Yes,Electronic check,36.11,1232.55,No,0,Established (25-48m),0,36.25147058823529,0,0,0,36.25
CUST-03681,Male,No,No,No,37,Yes,Yes,Fiber optic,Yes,No,No,No,Yes,Yes,Two Year,Yes,Electronic check,100.77,3724.35,No,0,Established (25-48m),3,100.65810810810811,0,1,0,100.66
CUST-03682,Female,No,No,No,66,Yes,Yes,DSL,Yes,Yes,No,No,No,Yes,Month-To-Month,No,Credit card,74.76,4924.45,No,0,Loyal (49m+),3,74.61287878787878,0,1,0,74.61
CUST-03683,Male,No,Yes,No,33,Yes,No,Fiber optic,No,No,Yes,No,No,No,One Year,No,Electronic check,83.32,2746.57,No,0,Established (25-48m),1,83.22939393939394,0,0,0,83.23
CUST-03684,Female,Yes,Yes,Yes,69,Yes,No,DSL,No,Yes,No,No,Yes,No,Two Year,Yes,Electronic check,65.53,4528.82,No,0,Loyal (49m+),2,65.63507246376811,0,1,0,65.64
CUST-03685,Female,No,Yes,No,10,Yes,No,DSL,No,No,No,No,No,Yes,Month-To-Month,No,Mailed check,59.91,600.64,No,0,New (0-12m),1,60.064,0,1,0,60.06
CUST-03686,Female,No,Yes,Yes,26,Yes,No,Fiber optic,Yes,No,Yes,No,Yes,No,Month-To-Month,Yes,Credit card,92.8,2419.79,No,0,Established (25-48m),3,93.06884615384615,0,1,0,93.07
CUST-03687,Male,No,No,Yes,47,Yes,Yes,No,No internet service,No internet service,No internet service,No internet service,No internet service,No internet service,Month-To-Month,Yes,Credit card,34.49,1613.6,No,0,Established (25-48m),0,34.33191489361702,0,0,0,34.33
CUST-03688,Female,No,Yes,Yes,23,Yes,Yes,Fiber optic,No,No,No,Yes,No,Yes,Month-To-Month,No,Electronic check,97.19,2229.23,No,0,Mid-term (13-24m),2,96.92304347826087,0,1,0,96.92
CUST-03689,F,No,No,No,17,Yes,No,DSL,Yes,No,No,No,No,No,Month-To-Month,No,Credit card,59.56,1005.81,No,0,Mid-term (13-24m),1,59.16529411764706,0,0,0,59.17
CUST-03690,Female,No,No,Yes,26,Yes,Yes,No,No internet service,No internet service,No internet service,No internet service,No internet service,No internet service,One Year,No,Mailed check,34.65,906.6,No,0,Established (25-48m),0,34.86923076923077,0,0,0,34.87
CUST-03691,Female,No,Yes,No,53,Yes,No,DSL,No,Yes,No,No,Yes,No,Month-To-Month,Yes,Electronic check,65.29,3462.61,No,0,Loyal (49m+),2,65.3322641509434,0,1,0,65.33
CUST-03692,Female,No,Yes,Yes,54,Yes,No,DSL,Yes,No,Yes,Yes,No,Yes,Month-To-Month,Yes,Electronic check,73.99,3992.19,Yes,0,Loyal (49m+),4,73.92944444444444,0,1,0,73.93
CUST-03693,Male,No,No,No,20,Yes,Yes,No,No internet service,No internet service,No internet service,No internet service,No internet service,No internet service,Month-To-Month,No,Mailed check,32.87,663.01,No,0,Mid-term (13-24m),0,33.1505,0,0,0,33.15
CUST-03694,Female,Yes,No,Yes,58,No,No phone service,DSL,No,No,Yes,No,No,No,Month-To-Month,Yes,Mailed check,50.51,2928.29,Yes,0,Loyal (49m+),1,50.487758620689654,0,0,0,50.49
CUST-03695,Female,No,Yes,Yes,33,Yes,Yes,DSL,No,No,No,Yes,Yes,No,One Year,Yes,Electronic check,69.98,2311.65,No,0,Established (25-48m),2,70.05,0,1,0,70.05
CUST-03696,Male,No,Yes,No,57,Yes,Yes,Fiber optic,No,No,No,No,No,No,One Year,Yes,Credit card,85.92,4904.53,Yes,0,Loyal (49m+),0,86.04438596491228,0,0,0,86.04
CUST-03697,Female,No,Yes,No,47,No,No phone service,DSL,No,Yes,No,Yes,Yes,Yes,Two Year,Yes,Bank transfer,64.88,3047.86,No,0,Established (25-48m),4,64.84808510638298,0,1,0,64.85
CUST-03698,Male,No,No,Yes,53,Yes,Yes,DSL,No,No,No,No,Yes,No,Month-To-Month,Yes,Credit card,63.74,3383.27,Yes,0,Loyal (49m+),1,63.835283018867926,0,1,0,63.84
CUST-03699,Female,No,No,Yes,17,Yes,Yes,Fiber optic,No,Yes,No,Yes,No,Yes,Month-To-Month,Yes,Mailed check,99.42,1691.45,No,0,Mid-term (13-24m),3,99.49705882352941,0,1,0,99.5
CUST-03700,Male,No,Yes,No,2,Yes,No,No,No internet service,No internet service,No internet service,No internet service,No internet service,No internet service,Month-To-Month,Yes,Bank transfer,27.57,63.29,Yes,0,New (0-12m),0,31.645,1,0,0,31.64
CUST-03701,Male,No,No,Yes,23,Yes,Yes,Fiber optic,No,Yes,Yes,No,No,Yes,Month-To-Month,Yes,Mailed check,98.28,2259.55,No,0,Mid-term (13-24m),3,98.2413043478261,0,1,0,98.24
CUST-03702,Female,No,Yes,No,0,Yes,Yes,DSL,No,No,No,Yes,Yes,Yes,One Year,Yes,Bank transfer,76.43,0.0,Yes,0,New (0-12m),3,76.43,1,1,0,76.43
CUST-03703,Female,Yes,No,No,5,Yes,Yes,No,No internet service,No internet service,No internet service,No internet service,No internet service,No internet service,Two Year,Yes,Credit card,37.16,181.19,No,0,New (0-12m),0,36.238,0,0,0,36.24
CUST-03704,Female,No,No,Yes,18,Yes,Yes,No,No internet service,No internet service,No internet service,No internet service,No internet service,No internet service,Month-To-Month,No,Bank transfer,34.33,611.76,Yes,0,Mid-term (13-24m),0,33.986666666666665,0,0,0,33.99
CUST-03705,Male,No,Yes,No,42,Yes,Yes,DSL,No,No,No,No,No,Yes,Month-To-Month,Yes,Electronic check,67.14,2817.01,No,0,Established (25-48m),1,67.07166666666667,0,1,0,67.07
CUST-03706,Male,Yes,Yes,Yes,7,No,No phone service,Fiber optic,No,No,Yes,No,No,No,One Year,No,Electronic check,75.68,528.45,No,0,New (0-12m),1,75.49285714285715,0,0,0,75.49
CUST-03707,Male,No,Yes,No,68,Yes,No,Fiber optic,No,No,No,No,No,Yes,One Year,Yes,Credit card,83.9,5697.91,No,0,Loyal (49m+),1,83.79279411764706,0,1,0,83.79
CUST-03708,Female,No,No,No,51,Yes,Yes,Fiber optic,Yes,No,Yes,Yes,Yes,Yes,Month-To-Month,Yes,Electronic check,106.22660000000005,5640.21,No,0,Loyal (49m+),5,110.59235294117647,0,1,0,110.59
CUST-03709,Male,No,No,Yes,72,Yes,No,No,No internet service,No internet service,No internet service,No internet service,No internet service,No internet service,One Year,Yes,Credit card,31.54,2279.64,No,0,Loyal (49m+),0,31.661666666666665,0,0,0,31.66
CUST-03710,Male,No,Yes,No,46,Yes,No,No,No internet service,No internet service,No internet service,No internet service,No internet service,No internet service,Two Year,Yes,Mailed check,31.43,1444.02,No,0,Established (25-48m),0,31.391739130434782,0,0,0,31.39
CUST-03711,Female,No,No,Yes,27,No,No phone service,Fiber optic,Yes,No,Yes,No,No,Yes,Month-To-Month,Yes,Mailed check,86.93,2355.61,No,0,Established (25-48m),3,87.24481481481482,0,1,0,87.24
CUST-03712,Male,No,Yes,No,45,Yes,No,DSL,Yes,No,No,Yes,No,Yes,Month-To-Month,Yes,Bank transfer,71.44,3213.24,No,0,Established (25-48m),3,71.40533333333333,0,1,0,71.41
CUST-03713,Male,No,No,No,3,Yes,No,DSL,Yes,No,Yes,No,Yes,Yes,Month-To-Month,No,Electronic check,75.98,222.34,No,0,New (0-12m),4,74.11333333333333,1,1,0,74.11
CUST-03714,Female,No,Yes,No,7,Yes,No,Fiber optic,Yes,Yes,No,No,No,No,One Year,Yes,Mailed check,89.42,633.12,No,0,New (0-12m),2,90.44571428571429,0,0,0,90.45
CUST-03715,Male,No,No,No,60,Yes,Yes,Fiber optic,No,No,Yes,Yes,No,Yes,Month-To-Month,No,Electronic check,98.4,5912.03,Yes,0,Loyal (49m+),3,98.53383333333333,0,1,0,98.53
CUST-03716,Female,No,No,Yes,16,Yes,Yes,No,No internet service,No internet service,No internet service,No internet service,No internet service,No internet service,Two Year,No,Bank transfer,33.06,531.73,No,0,Mid-term (13-24m),0,33.233125,0,0,0,33.23
CUST-03717,Female,No,No,No,33,Yes,No,DSL,Yes,No,Yes,No,No,No,One Year,Yes,Electronic check,66.56,2204.93,Yes,0,Established (25-48m),2,66.8160606060606,0,0,0,66.82
CUST-03718,Female,No,No,No,19,Yes,No,Fiber optic,No,Yes,No,No,Yes,No,Month-To-Month,No,Electronic check,91.33,1732.24,Yes,0,Mid-term (13-24m),2,91.17052631578947,0,1,0,91.17
CUST-03719,Female,No,Yes,No,33,Yes,No,DSL,Yes,No,No,No,No,No,Month-To-Month,No,Credit card,61.97,2041.38,Yes,0,Established (25-48m),1,61.86000000000001,0,0,0,61.86
CUST-03720,Female,No,No,No,42,Yes,Yes,No,No internet service,No internet service,No internet service,No internet service,No internet service,No internet service,One Year,No,Mailed check,32.85,1386.8,No,0,Established (25-48m),0,33.01904761904762,0,0,0,33.02
CUST-03721,Male,No,Yes,Yes,9,Yes,Yes,No,No internet service,No internet service,No internet service,No internet service,No internet service,No internet service,Month-To-Month,Yes,Electronic check,35.68,316.74,No,0,New (0-12m),0,35.193333333333335,0,0,0,35.19
CUST-03722,Male,No,Yes,Yes,29,Yes,No,No,No internet service,No internet service,No internet service,No internet service,No internet service,No internet service,Two Year,No,Mailed check,31.1,909.22,No,0,Established (25-48m),0,31.352413793103448,0,0,0,31.35
CUST-03723,Female,No,Yes,Yes,24,Yes,No,DSL,No,No,No,No,No,No,Month-To-Month,No,Mailed check,54.56,1304.21,No,0,Mid-term (13-24m),0,54.342083333333335,0,0,0,54.34
CUST-03724,Female,No,Yes,No,56,Yes,No,DSL,Yes,No,No,No,No,Yes,Month-To-Month,No,Mailed check,65.16,3652.86,No,0,Loyal (49m+),2,65.22964285714286,0,1,0,65.23
CUST-03725,Male,No,No,No,62,Yes,No,Fiber optic,No,No,No,Yes,No,No,One Year,Yes,Credit card,84.98,5275.13,No,0,Loyal (49m+),1,85.08274193548387,0,0,0,85.08
CUST-03726,Female,No,Yes,No,70,No,No phone service,Fiber optic,Yes,No,Yes,No,No,No,Month-To-Month,No,Bank transfer,79.67,5584.26,Yes,0,Loyal (49m+),2,79.77514285714285,0,0,0,79.78
CUST-03727,Female,No,No,Yes,46,No,No phone service,DSL,Yes,Yes,Yes,No,Yes,Yes,One Year,No,Electronic check,68.95,3181.0,No,0,Established (25-48m),5,69.15217391304348,0,1,0,69.15
CUST-03728,Female,Yes,No,Yes,2,Yes,Yes,No,No internet service,No internet service,No internet service,No internet service,No internet service,No internet service,Month-To-Month,No,Mailed check,37.45,70.91,Yes,0,New (0-12m),0,35.455,1,0,0,35.46
CUST-03729,Male,No,No,No,45,Yes,Yes,No,No internet service,No internet service,No internet service,No internet service,No internet service,No internet service,One Year,Yes,Electronic check,36.92,1662.28,No,0,Established (25-48m),0,36.93955555555556,0,0,0,36.94
CUST-03730,Male,No,No,No,35,No,No phone service,DSL,No,No,Yes,Yes,Yes,No,Month-To-Month,No,Electronic check,61.43,2159.18,No,0,Established (25-48m),3,61.69085714285714,0,1,0,61.69
CUST-03731,Female,No,Yes,No,25,Yes,No,Fiber optic,No,Yes,Yes,No,Yes,No,Month-To-Month,Yes,Credit card,96.71,2407.96,No,0,Established (25-48m),3,96.3184,0,1,0,96.32
CUST-03732,Female,Yes,No,Yes,9,Yes,Yes,Fiber optic,Yes,No,Yes,Yes,No,No,One Year,Yes,Mailed check,101.69,917.52,No,0,New (0-12m),3,101.94666666666666,0,0,0,101.95
CUST-03733,Male,No,Yes,No,33,Yes,Yes,DSL,Yes,No,Yes,No,No,Yes,Month-To-Month,No,Credit card,72.87,2397.7,No,0,Established (25-48m),3,72.65757575757576,0,1,0,72.66
CUST-03734,F,No,No,No,7,Yes,No,DSL,No,No,No,No,Yes,No,Month-To-Month,No,Electronic check,60.37,421.39,No,0,New (0-12m),1,60.19857142857143,0,1,0,60.2
CUST-03735,Female,No,No,Yes,54,Yes,No,Fiber optic,No,No,No,No,No,No,Month-To-Month,No,Electronic check,79.85,4303.58,Yes,0,Loyal (49m+),0,79.69592592592592,0,0,0,79.7
CUST-03736,Female,No,Yes,Yes,9,Yes,No,No,No internet service,No internet service,No internet service,No internet service,No internet service,No internet service,Month-To-Month,Yes,Mailed check,28.49,253.14,Yes,0,New (0-12m),0,28.126666666666665,0,0,0,28.13
CUST-03737,Male,No,No,No,56,Yes,No,No,No internet service,No internet service,No internet service,No internet service,No internet service,No internet service,Two Year,Yes,Mailed check,28.81,1617.19,No,0,Loyal (49m+),0,28.87839285714286,0,0,0,28.88
CUST-03738,Male,No,No,Yes,44,Yes,No,DSL,Yes,No,No,No,Yes,Yes,Month-To-Month,No,Bank transfer,68.21,3007.47,Yes,0,Established (25-48m),3,68.3515909090909,0,1,0,68.35
CUST-03739,Male,Yes,No,No,49,Yes,Yes,No,No internet service,No internet service,No internet service,No internet service,No internet service,No internet service,One Year,Yes,Mailed check,34.87,1709.86,No,0,Loyal (49m+),0,34.895102040816326,0,0,0,34.9
CUST-03740,Female,Yes,No,No,63,No,No phone service,Fiber optic,No,No,Yes,No,Yes,Yes,Month-To-Month,No,Mailed check,83.78,5276.86,No,0,Loyal (49m+),3,83.75968253968253,0,1,0,83.76
CUST-03741,Male,Yes,No,No,1,Yes,No,DSL,Yes,No,Yes,No,No,No,Month-To-Month,Yes,Bank transfer,63.56,60.41,No,0,New (0-12m),2,60.41,1,0,0,60.41
CUST-03742,Female,No,Yes,No,44,Yes,No,Fiber optic,No,No,Yes,No,No,Yes,Two Year,Yes,Bank transfer,90.24,3978.7,No,0,Established (25-48m),2,90.425,0,1,0,90.42
CUST-03743,Male,No,No,Yes,61,Yes,Yes,No,No internet service,No internet service,No internet service,No internet service,No internet service,No internet service,Month-To-Month,Yes,Electronic check,33.56,2041.11,No,0,Loyal (49m+),0,33.460819672131144,0,0,0,33.46
CUST-03744,Male,No,No,Yes,13,Yes,Yes,DSL,Yes,No,No,Yes,No,Yes,Two Year,Yes,Mailed check,75.45,984.53,Yes,0,Mid-term (13-24m),3,75.73307692307692,0,1,0,75.73
CUST-03745,Male,No,Yes,Yes,14,Yes,Yes,DSL,No,Yes,Yes,No,No,No,Month-To-Month,Yes,Credit card,68.28,948.74,No,0,Mid-term (13-24m),2,67.76714285714286,0,0,0,67.77
CUST-03746,Male,No,No,No,13,Yes,No,Fiber optic,No,Yes,No,No,No,Yes,Month-To-Month,Yes,Mailed check,91.03,1191.38,No,0,Mid-term (13-24m),2,91.64461538461539,0,1,0,91.64
CUST-03747,Female,No,Yes,No,30,No,No phone service,DSL,No,Yes,No,Yes,Yes,No,One Year,Yes,Bank transfer,59.02,1766.31,No,0,Established (25-48m),3,58.876999999999995,0,1,0,58.88
CUST-03748,Female,No,No,No,28,Yes,No,No,No internet service,No internet service,No internet service,No internet service,No internet service,No internet service,Month-To-Month,No,Credit card,31.32,874.39,No,0,Established (25-48m),0,31.228214285714284,0,0,0,31.23
CUST-03749,Male,No,No,No,26,Yes,No,Fiber optic,No,No,Yes,No,No,No,Two Year,No,Electronic check,86.48,2242.14,No,0,Established (25-48m),1,86.23615384615384,0,0,0,86.24
CUST-03750,Female,No,Yes,Yes,8,Yes,Yes,No,No internet service,No internet service,No internet service,No internet service,No internet service,No internet service,Month-To-Month,Yes,Mailed check,37.43,308.12,No,0,New (0-12m),0,38.515,0,0,0,38.52
CUST-03751,Male,No,No,No,19,Yes,Yes,DSL,No,No,No,No,No,Yes,Two Year,No,Credit card,62.58,1196.77,No,0,Mid-term (13-24m),1,62.9878947368421,0,1,0,62.99
CUST-03752,Male,No,No,Yes,57,Yes,No,No,No internet service,No internet service,No internet service,No internet service,No internet service,No internet service,Month-To-Month,Yes,Mailed check,31.55,1797.82,No,0,Loyal (49m+),0,31.540701754385964,0,0,0,31.54
CUST-03753,Male,No,Yes,Yes,48,Yes,Yes,Fiber optic,No,Yes,No,No,No,No,One Year,Yes,Credit card,89.91,4306.28,Yes,0,Established (25-48m),1,89.71416666666666,0,0,0,89.71
CUST-03754,Male,No,Yes,Yes,56,Yes,No,DSL,No,No,Yes,No,No,Yes,Two Year,Yes,Electronic check,63.11,3542.25,No,0,Loyal (49m+),2,63.254464285714285,0,1,0,63.25
CUST-03755,Female,No,No,Yes,15,Yes,Yes,No,No internet service,No internet service,No internet service,No internet service,No internet service,No internet service,Month-To-Month,No,Bank transfer,36.29,553.6,Yes,0,Mid-term (13-24m),0,36.906666666666666,0,0,0,36.91
CUST-03756,Male,No,Yes,No,7,No,No phone service,Fiber optic,No,No,Yes,No,No,Yes,Month-To-Month,Yes,Credit card,77.83,536.21,No,0,New (0-12m),2,76.60142857142857,0,1,0,76.6
CUST-03757,male,No,No,Yes,66,Yes,No,DSL,Yes,Yes,No,Yes,Yes,No,Two Year,Yes,Mailed check,76.84,5073.61,No,0,Loyal (49m+),4,76.87287878787879,0,1,0,76.87
CUST-03758,F,No,Yes,No,18,Yes,Yes,DSL,No,Yes,Yes,No,No,Yes,Month-To-Month,Yes,Mailed check,75.66,1371.0,No,0,Mid-term (13-24m),3,76.16666666666667,0,1,0,76.17
CUST-03759,Male,No,No,Yes,66,Yes,Yes,DSL,No,No,Yes,Yes,No,No,One Year,No,Electronic check,68.44,4520.97,Yes,0,Loyal (49m+),2,68.49954545454545,0,0,0,68.5
CUST-03760,Male,No,Yes,No,35,Yes,Yes,No,No internet service,No internet service,No internet service,No internet service,No internet service,No internet service,Two Year,No,Electronic check,35.9,1256.82,No,0,Established (25-48m),0,35.909142857142854,0,0,0,35.91
CUST-03761,Male,No,Yes,No,59,Yes,Yes,No,No internet service,No internet service,No internet service,No internet service,No internet service,No internet service,One Year,Yes,Mailed check,33.34,1963.9,No,0,Loyal (49m+),0,33.286440677966105,0,0,0,33.29
CUST-03762,Female,Yes,Yes,Yes,35,Yes,Yes,DSL,No,No,No,No,No,No,Month-To-Month,Yes,Credit card,60.33,2116.35,No,0,Established (25-48m),0,60.46714285714285,0,0,0,60.47
CUST-03763,Male,No,Yes,No,10,Yes,No,Fiber optic,No,No,No,No,Yes,No,Month-To-Month,No,Credit card,82.52,834.95,No,0,New (0-12m),1,83.495,0,1,0,83.5
CUST-03764,Female,Yes,Yes,No,50,Yes,No,DSL,Yes,No,No,No,Yes,Yes,Month-To-Month,Yes,Bank transfer,72.19,3612.28,No,0,Loyal (49m+),3,72.24560000000001,0,1,0,72.25
CUST-03765,Male,No,Yes,Yes,54,Yes,No,Fiber optic,No,No,Yes,No,No,Yes,Month-To-Month,Yes,Credit card,87.82,4742.37,Yes,0,Loyal (49m+),2,87.82166666666666,0,1,0,87.82
CUST-03766,Male,No,Yes,No,53,Yes,Yes,DSL,Yes,No,No,No,Yes,No,Month-To-Month,Yes,Bank transfer,71.25,3769.61,No,0,Loyal (49m+),2,71.12471698113208,0,1,0,71.12
CUST-03767,Female,Yes,Yes,Yes,16,Yes,No,DSL,No,No,Yes,No,Yes,No,Two Year,No,Bank transfer,66.03,1063.7,Yes,0,Mid-term (13-24m),2,66.48125,0,1,0,66.48
CUST-03768,Male,No,Yes,No,61,Yes,Yes,Fiber optic,Yes,Yes,Yes,No,No,No,Month-To-Month,No,Bank transfer,100.76,6144.04,No,0,Loyal (49m+),3,100.72196721311475,0,0,0,100.72
CUST-03769,Male,No,No,Yes,41,Yes,Yes,No,No internet service,No internet service,No internet service,No internet service,No internet service,No internet service,Two Year,Yes,Mailed check,32.7,1346.09,No,0,Established (25-48m),0,32.83146341463414,0,0,0,32.83
CUST-03770,Female,No,Yes,Yes,23,Yes,Yes,Fiber optic,No,No,No,No,Yes,No,Two Year,Yes,Electronic check,90.78,2084.9,No,0,Mid-term (13-24m),1,90.64782608695653,0,1,0,90.65
CUST-03771,Female,No,No,Yes,16,Yes,No,No,No internet service,No internet service,No internet service,No internet service,No internet service,No internet service,Two Year,No,Electronic check,30.56,481.38,No,0,Mid-term (13-24m),0,30.08625,0,0,0,30.09
CUST-03772,Female,Yes,Yes,Yes,47,Yes,No,No,No internet service,No internet service,No internet service,No internet service,No internet service,No internet service,Month-To-Month,Yes,Credit card,30.66,1444.39,No,0,Established (25-48m),0,30.731702127659577,0,0,0,30.73
CUST-03773,Female,No,No,Yes,69,Yes,Yes,Fiber optic,No,No,Yes,No,Yes,Yes,One Year,Yes,Electronic check,100.19,6914.02,No,0,Loyal (49m+),3,100.2031884057971,0,1,0,100.2
CUST-03774,Female,No,No,No,6,Yes,No,DSL,No,No,No,No,No,Yes,Month-To-Month,Yes,Electronic check,59.15,347.92,Yes,0,New (0-12m),1,57.98666666666667,0,1,0,57.99
CUST-03775,Male,No,Yes,No,13,Yes,No,Fiber optic,No,Yes,Yes,Yes,No,No,Month-To-Month,No,Mailed check,93.67,1224.3,No,0,Mid-term (13-24m),3,94.17692307692307,0,0,0,94.18
CUST-03776,Female,No,Yes,Yes,10,Yes,Yes,DSL,No,No,No,No,No,Yes,One Year,Yes,Credit card,64.78,643.85,No,0,New (0-12m),1,64.385,0,1,0,64.39
CUST-03777,Male,No,No,No,11,Yes,Yes,DSL,No,No,Yes,No,No,No,Two Year,No,Bank transfer,64.42,707.48,No,0,New (0-12m),1,64.31636363636363,0,0,0,64.32
CUST-03778,Male,No,No,No,4,Yes,No,Fiber optic,Yes,Yes,Yes,Yes,Yes,No,Month-To-Month,Yes,Mailed check,105.94,423.69,No,0,New (0-12m),5,105.9225,0,1,0,105.92
CUST-03779,Male,No,Yes,No,4,Yes,No,No,No internet service,No internet service,No internet service,No internet service,No internet service,No internet service,Month-To-Month,Yes,Bank transfer,28.85,110.33,Yes,0,New (0-12m),0,27.5825,0,0,0,27.58
CUST-03780,Female,No,Yes,Yes,19,Yes,Yes,Fiber optic,No,No,Yes,No,Yes,No,Month-To-Month,Yes,Credit card,96.46,1832.78,Yes,0,Mid-term (13-24m),2,96.4621052631579,0,1,0,96.46
CUST-03781,Female,No,Yes,Yes,53,Yes,No,Fiber optic,No,Yes,Yes,No,No,Yes,Two Year,No,Mailed check,97.4,5153.56,Yes,0,Loyal (49m+),3,97.23698113207548,0,1,0,97.24
CUST-03782,Male,No,No,No,54,No,No phone service,Fiber optic,No,No,Yes,No,Yes,No,Two Year,Yes,Mailed check,80.99,4367.2,No,0,Loyal (49m+),2,80.87407407407407,0,1,0,80.87
CUST-03783,Female,No,Yes,Yes,57,No,No phone service,Fiber optic,No,No,No,No,Yes,Yes,Month-To-Month,Yes,Mailed check,80.06,4558.93,Yes,0,Loyal (49m+),2,79.98122807017545,0,1,0,79.98
CUST-03784,Female,No,Yes,Yes,29,Yes,Yes,Fiber optic,Yes,No,Yes,Yes,No,No,Month-To-Month,Yes,Electronic check,98.36,2849.63,No,0,Established (25-48m),3,98.26310344827587,0,0,0,98.26
CUST-03785,Female,No,Yes,No,23,Yes,Yes,Fiber optic,No,Yes,No,Yes,Yes,Yes,Two Year,No,Credit card,106.22660000000005,2465.41,No,0,Mid-term (13-24m),4,107.19173913043478,0,1,0,107.19
CUST-03786,Female,No,Yes,Yes,72,Yes,Yes,Fiber optic,No,No,No,No,Yes,No,Month-To-Month,No,Bank transfer,88.86,6397.34,Yes,0,Loyal (49m+),1,88.85194444444444,0,1,0,88.85
CUST-03787,Male,Yes,Yes,Yes,2,Yes,No,No,No internet service,No internet service,No internet service,No internet service,No internet service,No internet service,One Year,Yes,Bank transfer,30.34,63.86,No,0,New (0-12m),0,31.93,1,0,0,31.93
CUST-03788,Male,No,No,Yes,47,Yes,Yes,Fiber optic,No,Yes,Yes,No,No,No,Month-To-Month,Yes,Mailed check,94.71,4448.28,Yes,0,Established (25-48m),2,94.64425531914893,0,0,0,94.64
CUST-03789,Female,Yes,No,Yes,70,No,No phone service,DSL,Yes,Yes,No,No,Yes,Yes,Month-To-Month,Yes,Credit card,63.5,4435.75,No,0,Loyal (49m+),4,63.36785714285714,0,1,0,63.37
CUST-03790,Male,No,Yes,Yes,21,Yes,No,Fiber optic,No,Yes,Yes,Yes,No,No,Month-To-Month,Yes,Electronic check,96.4,2027.07,No,0,Mid-term (13-24m),3,96.52714285714285,0,0,0,96.53
CUST-03791,Female,No,Yes,No,13,Yes,No,Fiber optic,Yes,Yes,No,No,Yes,No,Two Year,No,Electronic check,93.09,1217.77,Yes,0,Mid-term (13-24m),3,93.67461538461538,0,1,0,93.67
CUST-03792,Female,No,No,Yes,47,Yes,No,No,No internet service,No internet service,No internet service,No internet service,No internet service,No internet service,Month-To-Month,Yes,Electronic check,29.65,1386.04,No,0,Established (25-48m),0,29.490212765957445,0,0,0,29.49
CUST-03793,Male,Yes,Yes,Yes,28,Yes,No,DSL,Yes,No,Yes,No,Yes,Yes,Month-To-Month,Yes,Bank transfer,73.56,2053.38,No,0,Established (25-48m),4,73.33500000000001,0,1,0,73.34
CUST-03794,Male,No,No,No,49,No,No phone service,Fiber optic,No,No,No,No,No,No,Month-To-Month,Yes,Bank transfer,70.25,3432.84,No,0,Loyal (49m+),0,70.05795918367347,0,0,0,70.06
CUST-03795,Male,Yes,Yes,No,9,Yes,Yes,Fiber optic,No,Yes,No,No,Yes,No,One Year,Yes,Mailed check,96.8,865.57,No,0,New (0-12m),2,96.17444444444445,0,1,0,96.17
CUST-03796,Female,Yes,No,Yes,70,Yes,No,Fiber optic,No,No,No,No,No,No,Two Year,Yes,Bank transfer,81.95,5732.41,No,0,Loyal (49m+),0,81.89157142857142,0,0,0,81.89
CUST-03797,Male,No,No,No,26,Yes,Yes,Fiber optic,No,No,No,No,Yes,No,Two Year,Yes,Electronic check,90.15,2343.02,No,0,Established (25-48m),1,90.11615384615385,0,1,0,90.12
CUST-03798,Female,No,Yes,Yes,27,Yes,Yes,Fiber optic,No,No,Yes,No,No,No,Month-To-Month,No,Electronic check,88.71,2399.16,No,0,Established (25-48m),1,88.85777777777777,0,0,0,88.86
CUST-03799,Male,No,No,No,8,Yes,No,No,No internet service,No internet service,No internet service,No internet service,No internet service,No internet service,Two Year,Yes,Electronic check,29.42,234.02,No,0,New (0-12m),0,29.2525,0,0,0,29.25
CUST-03800,Male,No,Yes,Yes,70,Yes,No,DSL,No,No,No,No,No,No,Month-To-Month,Yes,Mailed check,55.94,3913.1,No,0,Loyal (49m+),0,55.90142857142857,0,0,0,55.9
CUST-03801,Female,No,No,No,25,Yes,No,DSL,No,Yes,Yes,No,Yes,Yes,Month-To-Month,Yes,Credit card,73.94,1852.18,No,0,Established (25-48m),4,74.0872,0,1,0,74.09
CUST-03802,Female,No,Yes,Yes,7,No,No phone service,Fiber optic,No,Yes,No,No,Yes,Yes,Two Year,No,Bank transfer,83.27,585.79,No,0,New (0-12m),3,83.6842857142857,0,1,0,83.68
CUST-03803,male,No,Yes,No,1,Yes,Yes,DSL,No,Yes,No,No,No,Yes,Month-To-Month,Yes,Electronic check,68.89,67.37,No,0,New (0-12m),2,67.37,1,1,0,67.37
CUST-03804,Female,No,Yes,Yes,56,Yes,Yes,Fiber optic,No,No,Yes,No,No,No,Month-To-Month,Yes,Electronic check,88.11,4930.93,Yes,0,Loyal (49m+),1,88.05232142857143,0,0,0,88.05
CUST-03805,Female,No,No,Yes,51,Yes,Yes,DSL,No,Yes,Yes,No,No,Yes,Month-To-Month,Yes,Credit card,73.88,3765.48,No,0,Loyal (49m+),3,73.83294117647058,0,1,0,73.83
CUST-03806,Female,No,Yes,Yes,57,Yes,Yes,DSL,Yes,No,No,No,No,No,Month-To-Month,Yes,Electronic check,62.72,3573.14,Yes,0,Loyal (49m+),1,62.68666666666667,0,0,0,62.69
CUST-03807,Female,No,Yes,No,2,Yes,Yes,DSL,No,No,Yes,No,Yes,Yes,Month-To-Month,No,Mailed check,72.81,137.42,No,0,New (0-12m),3,68.71,1,1,0,68.71
CUST-03808,F,No,Yes,No,7,Yes,No,No,No internet service,No internet service,No internet service,No internet service,No internet service,No internet service,Month-To-Month,No,Electronic check,31.79,216.17,No,0,New (0-12m),0,30.881428571428568,0,0,0,30.88
CUST-03809,male,No,No,Yes,58,Yes,No,No,No internet service,No internet service,No internet service,No internet service,No internet service,No internet service,Two Year,No,Mailed check,28.39,1649.75,No,0,Loyal (49m+),0,28.44396551724138,0,0,0,28.44
CUST-03810,Female,No,Yes,Yes,1,Yes,No,No,No internet service,No internet service,No internet service,No internet service,No internet service,No internet service,Two Year,Yes,Mailed check,31.72,40.35,No,0,New (0-12m),0,40.35,1,0,0,40.35
CUST-03811,male,No,No,Yes,61,Yes,No,Fiber optic,No,No,No,No,Yes,No,Month-To-Month,Yes,Electronic check,87.48,5327.97,No,0,Loyal (49m+),1,87.34377049180328,0,1,0,87.34
CUST-03812,Male,No,No,Yes,48,Yes,Yes,Fiber optic,No,No,No,No,No,Yes,Month-To-Month,Yes,Mailed check,89.45,4286.02,No,0,Established (25-48m),1,89.29208333333334,0,1,0,89.29
CUST-03813,Female,No,No,No,19,Yes,No,DSL,No,Yes,Yes,Yes,No,No,Month-To-Month,Yes,Mailed check,69.74,1317.03,No,0,Mid-term (13-24m),3,69.31736842105263,0,0,0,69.32
CUST-03814,Male,No,Yes,No,28,Yes,No,DSL,No,Yes,No,No,Yes,Yes,Month-To-Month,Yes,Electronic check,68.93,1925.15,No,0,Established (25-48m),3,68.75535714285715,0,1,0,68.76
CUST-03815,M,No,Yes,No,16,Yes,No,No,No internet service,No internet service,No internet service,No internet service,No internet service,No internet service,One Year,No,Bank transfer,28.1,455.45,No,0,Mid-term (13-24m),0,28.465625,0,0,0,28.47
CUST-03816,Female,Yes,No,Yes,21,Yes,No,Fiber optic,No,Yes,No,No,Yes,Yes,Two Year,Yes,Credit card,95.68,2016.0,No,0,Mid-term (13-24m),3,96.0,0,1,0,96.0
CUST-03817,Male,No,Yes,Yes,5,No,No phone service,No,No internet service,No internet service,No internet service,No internet service,No internet service,No internet service,Two Year,Yes,Electronic check,21.74,116.54,Yes,0,New (0-12m),0,23.308,0,0,0,23.31
CUST-03818,Female,No,Yes,No,61,Yes,Yes,Fiber optic,No,Yes,Yes,Yes,No,No,Month-To-Month,Yes,Electronic check,100.85,6157.53,No,0,Loyal (49m+),3,100.94311475409836,0,0,0,100.94
CUST-03819,Male,No,No,No,30,Yes,Yes,Fiber optic,No,Yes,No,No,No,No,Month-To-Month,No,Electronic check,88.05,2640.68,No,0,Established (25-48m),1,88.02266666666667,0,0,0,88.02
CUST-03820,Male,No,No,No,61,Yes,No,DSL,No,No,No,Yes,No,Yes,Month-To-Month,Yes,Mailed check,65.53,3998.7,Yes,0,Loyal (49m+),2,65.55245901639344,0,1,0,65.55
CUST-03821,Male,No,Yes,No,11,Yes,No,No,No internet service,No internet service,No internet service,No internet service,No internet service,No internet service,Month-To-Month,Yes,Credit card,30.7,341.4,Yes,0,New (0-12m),0,31.036363636363635,0,0,0,31.04
CUST-03822,Female,No,No,Yes,11,No,No phone service,Fiber optic,No,No,No,Yes,No,No,Month-To-Month,No,Electronic check,75.95,830.4,No,0,New (0-12m),1,75.49090909090908,0,0,0,75.49
CUST-03823,Female,No,Yes,Yes,62,No,No phone service,DSL,Yes,Yes,No,No,No,No,Two Year,No,Mailed check,52.85,3277.6,No,0,Loyal (49m+),2,52.86451612903225,0,0,0,52.86
CUST-03824,Male,No,No,No,15,Yes,No,DSL,No,No,No,Yes,Yes,No,One Year,Yes,Electronic check,65.99,990.14,No,0,Mid-term (13-24m),2,66.00933333333333,0,1,0,66.01
CUST-03825,male,No,Yes,No,24,Yes,Yes,Fiber optic,No,No,Yes,No,No,No,Month-To-Month,Yes,Mailed check,90.52,2177.82,No,0,Mid-term (13-24m),1,90.7425,0,0,0,90.74
CUST-03826,Female,No,Yes,Yes,21,No,No phone service,DSL,No,No,No,Yes,Yes,Yes,One Year,Yes,Electronic check,61.84,1293.32,No,0,Mid-term (13-24m),3,61.586666666666666,0,1,0,61.59
CUST-03827,Female,Yes,No,No,17,Yes,No,DSL,No,No,Yes,No,No,No,Month-To-Month,No,Credit card,58.33,1000.01,Yes,0,Mid-term (13-24m),1,58.82411764705882,0,0,0,58.82
CUST-03828,Male,No,Yes,No,44,Yes,No,Fiber optic,No,No,No,No,No,Yes,Two Year,No,Bank transfer,82.81,3641.38,Yes,0,Established (25-48m),1,82.75863636363637,0,1,0,82.76
CUST-03829,Male,No,Yes,No,67,Yes,No,DSL,Yes,No,No,No,No,No,One Year,Yes,Electronic check,61.56,4124.4,No,0,Loyal (49m+),1,61.558208955223876,0,0,0,61.56
CUST-03830,Female,No,No,No,11,Yes,No,Fiber optic,Yes,No,No,No,Yes,No,Month-To-Month,No,Credit card,88.01,964.81,No,0,New (0-12m),2,87.71,0,1,0,87.71
CUST-03831,Female,No,Yes,No,48,Yes,No,DSL,No,No,No,No,No,Yes,One Year,Yes,Electronic check,59.4,2843.51,No,0,Established (25-48m),1,59.23979166666667,0,1,0,59.24
CUST-03832,Female,No,Yes,Yes,32,No,No phone service,Fiber optic,No,No,No,No,No,Yes,One Year,No,Electronic check,76.84,2452.43,No,0,Established (25-48m),1,76.6384375,0,1,0,76.64
CUST-03833,Female,No,Yes,Yes,62,Yes,No,Fiber optic,No,No,Yes,No,Yes,No,Month-To-Month,Yes,Credit card,88.89,5520.99,Yes,0,Loyal (49m+),2,89.04822580645161,0,1,0,89.05
CUST-03834,Female,No,No,No,17,Yes,No,DSL,Yes,No,No,No,Yes,Yes,Month-To-Month,Yes,Electronic check,69.71,1182.07,No,0,Mid-term (13-24m),3,69.5335294117647,0,1,0,69.53
CUST-03835,Male,No,No,No,53,Yes,No,Fiber optic,No,No,No,No,No,No,Month-To-Month,No,Credit card,80.57,4262.52,No,0,Loyal (49m+),0,80.42490566037736,0,0,0,80.42
CUST-03836,Female,No,No,Yes,26,Yes,Yes,Fiber optic,No,Yes,No,Yes,No,No,Month-To-Month,Yes,Bank transfer,95.7,2487.1,Yes,0,Established (25-48m),2,95.6576923076923,0,0,0,95.66
CUST-03837,M,No,No,No,24,Yes,Yes,Fiber optic,No,No,No,Yes,No,No,Month-To-Month,No,Credit card,90.47,2164.03,Yes,0,Mid-term (13-24m),1,90.16791666666667,0,0,0,90.17
CUST-03838,Female,No,No,Yes,33,Yes,Yes,Fiber optic,No,No,No,No,No,No,One Year,Yes,Bank transfer,82.8,2734.7,No,0,Established (25-48m),0,82.86969696969696,0,0,0,82.87
CUST-03839,male,No,Yes,No,59,Yes,Yes,No,No internet service,No internet service,No internet service,No internet service,No internet service,No internet service,Month-To-Month,Yes,Electronic check,36.39,2137.49,No,0,Loyal (49m+),0,36.22864406779661,0,0,0,36.23
CUST-03840,Female,No,Yes,No,53,Yes,No,Fiber optic,No,No,No,Yes,Yes,Yes,One Year,No,Credit card,96.47,5114.12,No,0,Loyal (49m+),3,96.49283018867925,0,1,0,96.49
CUST-03841,Female,No,Yes,No,4,Yes,Yes,DSL,No,No,No,No,Yes,Yes,Two Year,Yes,Electronic check,68.02,275.82,No,0,New (0-12m),2,68.955,0,1,0,68.96
CUST-03842,Male,No,No,No,35,Yes,Yes,Fiber optic,Yes,Yes,No,Yes,No,Yes,One Year,Yes,Bank transfer,106.2,3708.61,No,0,Established (25-48m),4,105.96028571428572,0,1,0,105.96
CUST-03843,Male,No,Yes,Yes,53,Yes,Yes,Fiber optic,No,No,No,No,No,Yes,One Year,Yes,Mailed check,90.02,4764.02,No,0,Loyal (49m+),1,89.88716981132076,0,1,0,89.89
CUST-03844,Female,No,No,Yes,35,Yes,Yes,No,No internet service,No internet service,No internet service,No internet service,No internet service,No internet service,Two Year,No,Bank transfer,32.56,1145.09,No,0,Established (25-48m),0,32.716857142857144,0,0,0,32.72
CUST-03845,Female,No,Yes,Yes,68,Yes,Yes,DSL,No,Yes,Yes,No,No,No,One Year,No,Bank transfer,70.97,4824.38,No,0,Loyal (49m+),2,70.94676470588236,0,0,0,70.95
CUST-03846,Female,No,No,No,38,Yes,No,DSL,Yes,No,No,No,No,No,Month-To-Month,Yes,Credit card,59.8,2264.24,Yes,0,Established (25-48m),1,59.58526315789473,0,0,0,59.59
CUST-03847,Female,No,Yes,No,69,Yes,Yes,No,No internet service,No internet service,No internet service,No internet service,No internet service,No internet service,Month-To-Month,Yes,Credit card,33.13,2293.22,No,0,Loyal (49m+),0,33.23507246376811,0,0,0,33.24
CUST-03848,Female,Yes,Yes,No,3,Yes,No,Fiber optic,No,No,No,Yes,No,No,One Year,Yes,Credit card,83.38,254.88,No,0,New (0-12m),1,84.96,1,0,0,84.96
CUST-03849,Male,No,No,No,64,Yes,No,Fiber optic,No,No,No,Yes,No,Yes,One Year,Yes,Mailed check,91.29,5836.3,Yes,0,Loyal (49m+),2,91.1921875,0,1,0,91.19
CUST-03850,Male,No,Yes,Yes,39,No,No phone service,Fiber optic,No,No,No,No,No,No,Two Year,No,Credit card,72.23,2813.91,No,0,Established (25-48m),0,72.15153846153846,0,0,0,72.15
CUST-03851,Female,No,Yes,No,36,Yes,No,DSL,No,No,Yes,Yes,No,No,One Year,No,Bank transfer,63.32,2280.88,No,0,Established (25-48m),2,63.357777777777784,0,0,0,63.36
CUST-03852,Male,No,No,Yes,66,Yes,Yes,Fiber optic,No,Yes,No,Yes,No,Yes,Two Year,Yes,Credit card,99.51,6558.09,No,0,Loyal (49m+),3,99.36500000000001,0,1,0,99.36
CUST-03853,Male,No,Yes,Yes,30,Yes,No,No,No internet service,No internet service,No internet service,No internet service,No internet service,No internet service,Month-To-Month,Yes,Credit card,29.1,872.8,No,0,Established (25-48m),0,29.09333333333333,0,0,0,29.09
CUST-03854,Male,No,Yes,No,46,Yes,No,No,No internet service,No internet service,No internet service,No internet service,No internet service,No internet service,One Year,No,Electronic check,30.43,1396.59,No,0,Established (25-48m),0,30.360652173913042,0,0,0,30.36
CUST-03855,M,Yes,No,No,26,Yes,No,DSL,No,No,No,No,Yes,No,Two Year,Yes,Mailed check,58.48,1529.0,No,0,Established (25-48m),1,58.80769230769231,0,1,0,58.81
CUST-03856,F,Yes,No,Yes,50,Yes,Yes,Fiber optic,No,No,No,No,No,No,Month-To-Month,No,Credit card,85.4,4264.52,Yes,0,Loyal (49m+),0,85.2904,0,0,0,85.29
CUST-03857,Female,No,No,No,19,No,No phone service,DSL,No,No,Yes,Yes,No,Yes,Month-To-Month,Yes,Electronic check,61.66,1169.51,No,0,Mid-term (13-24m),3,61.55315789473684,0,1,0,61.55
CUST-03858,male,No,No,Yes,12,Yes,Yes,No,No internet service,No internet service,No internet service,No internet service,No internet service,No internet service,Month-To-Month,No,Mailed check,35.71,421.77,No,0,New (0-12m),0,35.1475,0,0,0,35.15
CUST-03859,Female,Yes,No,No,62,No,No phone service,Fiber optic,No,No,No,Yes,No,No,Two Year,No,Credit card,73.47,4547.71,No,0,Loyal (49m+),1,73.35016129032257,0,0,0,73.35
CUST-03860,Male,No,Yes,No,43,No,No phone service,Fiber optic,Yes,Yes,No,No,Yes,No,Month-To-Month,No,Electronic check,86.24,3703.92,No,0,Established (25-48m),3,86.13767441860465,0,1,0,86.14
CUST-03861,Female,No,No,Yes,23,Yes,No,Fiber optic,No,Yes,No,Yes,No,Yes,One Year,Yes,Credit card,94.8,2186.73,No,0,Mid-term (13-24m),3,95.07521739130435,0,1,0,95.08
CUST-03862,Female,No,No,Yes,2,Yes,No,No,No internet service,No internet service,No internet service,No internet service,No internet service,No internet service,Month-To-Month,Yes,Credit card,28.06,53.67,No,0,New (0-12m),0,26.835,1,0,0,26.84
CUST-03863,Male,No,Yes,Yes,9,Yes,No,No,No internet service,No internet service,No internet service,No internet service,No internet service,No internet service,Month-To-Month,Yes,Electronic check,29.14,255.99,No,0,New (0-12m),0,28.443333333333335,0,0,0,28.44
CUST-03864,Female,No,Yes,No,64,Yes,Yes,DSL,No,No,Yes,No,No,No,Two Year,No,Bank transfer,63.71,4067.78,Yes,0,Loyal (49m+),1,63.5590625,0,0,0,63.56
CUST-03865,Female,No,Yes,No,48,Yes,No,Fiber optic,No,Yes,Yes,No,No,No,Month-To-Month,Yes,Electronic check,91.72,4403.52,Yes,0,Established (25-48m),2,91.74000000000001,0,0,0,91.74
CUST-03866,Female,No,Yes,No,57,Yes,Yes,Fiber optic,No,No,No,Yes,No,Yes,Month-To-Month,No,Bank transfer,93.63,5336.81,No,0,Loyal (49m+),2,93.6282456140351,0,1,0,93.63
CUST-03867,Female,No,Yes,Yes,1,Yes,Yes,DSL,No,No,No,No,No,No,Month-To-Month,No,Mailed check,60.06,54.27,No,0,New (0-12m),0,54.27,1,0,0,54.27
CUST-03868,Female,No,No,Yes,65,Yes,Yes,No,No internet service,No internet service,No internet service,No internet service,No internet service,No internet service,One Year,Yes,Credit card,35.76,2321.67,No,0,Loyal (49m+),0,35.718,0,0,0,35.72
CUST-03869,Female,No,Yes,No,30,Yes,Yes,DSL,No,Yes,No,Yes,No,No,Month-To-Month,No,Electronic check,67.78,2029.17,No,0,Established (25-48m),2,67.639,0,0,0,67.64
CUST-03870,Female,No,No,Yes,67,Yes,No,DSL,Yes,No,No,No,No,Yes,Month-To-Month,No,Bank transfer,63.2,4238.63,No,0,Loyal (49m+),2,63.26313432835821,0,1,0,63.26
CUST-03871,Female,No,Yes,No,36,Yes,Yes,DSL,Yes,No,Yes,No,No,Yes,Two Year,Yes,Bank transfer,76.44,2749.19,Yes,0,Established (25-48m),3,76.36638888888889,0,1,0,76.37
CUST-03872,Male,No,No,Yes,72,No,No phone service,Fiber optic,No,No,No,No,Yes,No,Month-To-Month,Yes,Electronic check,74.22,5343.23,No,0,Loyal (49m+),1,74.21152777777777,0,1,0,74.21
CUST-03873,Male,Yes,Yes,No,23,Yes,No,No,No internet service,No internet service,No internet service,No internet service,No internet service,No internet service,Month-To-Month,No,Credit card,31.01,723.02,No,0,Mid-term (13-24m),0,31.43565217391304,0,0,0,31.44
CUST-03874,Female,Yes,No,No,43,Yes,No,Fiber optic,No,Yes,No,Yes,No,No,Month-To-Month,No,Credit card,91.3,3933.81,No,0,Established (25-48m),2,91.4839534883721,0,0,0,91.48
CUST-03875,Female,No,No,No,40,No,No phone service,DSL,No,Yes,No,Yes,No,Yes,Month-To-Month,No,Bank transfer,60.71,2431.56,No,0,Established (25-48m),3,60.789,0,1,0,60.79
CUST-03876,Male,No,No,Yes,50,Yes,No,DSL,No,No,No,No,No,No,Month-To-Month,No,Bank transfer,55.41,2770.15,No,0,Loyal (49m+),0,55.403,0,0,0,55.4
CUST-03877,Male,No,No,No,41,Yes,Yes,No,No internet service,No internet service,No internet service,No internet service,No internet service,No internet service,One Year,Yes,Electronic check,34.98,1431.22,Yes,0,Established (25-48m),0,34.90780487804878,0,0,0,34.91
CUST-03878,Male,No,No,No,39,Yes,Yes,DSL,Yes,Yes,Yes,No,No,No,Two Year,No,Mailed check,74.46,2912.8,No,0,Established (25-48m),3,74.68717948717949,0,0,0,74.69
CUST-03879,Female,Yes,No,No,47,Yes,Yes,No,No internet service,No internet service,No internet service,No internet service,No internet service,No internet service,Month-To-Month,Yes,Electronic check,33.25,1571.0,No,0,Established (25-48m),0,33.42553191489362,0,0,0,33.43
CUST-03880,Male,Yes,No,No,3,No,No phone service,No,No internet service,No internet service,No internet service,No internet service,No internet service,No internet service,One Year,Yes,Mailed check,22.36,60.38,No,0,New (0-12m),0,20.12666666666667,1,0,0,20.13
CUST-03881,Female,No,No,No,59,Yes,Yes,Fiber optic,No,No,No,No,Yes,Yes,Month-To-Month,Yes,Mailed check,95.71,5641.93,No,0,Loyal (49m+),2,95.62593220338984,0,1,0,95.63
CUST-03882,Female,No,No,No,38,Yes,Yes,No,No internet service,No internet service,No internet service,No internet service,No internet service,No internet service,One Year,Yes,Bank transfer,33.47,1269.67,No,0,Established (25-48m),0,33.41236842105263,0,0,0,33.41
CUST-03883,Male,No,No,No,4,Yes,No,DSL,No,No,No,No,Yes,No,Month-To-Month,Yes,Electronic check,61.68,245.87,No,0,New (0-12m),1,61.4675,0,1,0,61.47
CUST-03884,Female,No,Yes,Yes,5,Yes,No,No,No internet service,No internet service,No internet service,No internet service,No internet service,No internet service,Month-To-Month,Yes,Electronic check,31.61,158.89,No,0,New (0-12m),0,31.778,0,0,0,31.78
CUST-03885,Female,No,No,Yes,13,Yes,Yes,DSL,No,Yes,No,Yes,Yes,Yes,Month-To-Month,Yes,Bank transfer,81.26,1047.15,No,0,Mid-term (13-24m),4,80.55000000000001,0,1,0,80.55
CUST-03886,Female,No,No,Yes,69,Yes,Yes,Fiber optic,Yes,No,No,Yes,Yes,No,Month-To-Month,Yes,Electronic check,98.08,6758.88,No,0,Loyal (49m+),3,97.95478260869565,0,1,0,97.95
CUST-03887,Female,No,Yes,Yes,11,Yes,Yes,Fiber optic,No,Yes,No,No,No,No,Two Year,No,Mailed check,87.59,962.88,No,0,New (0-12m),1,87.53454545454545,0,0,0,87.53
CUST-03888,Male,No,No,No,61,Yes,Yes,Fiber optic,Yes,No,No,Yes,Yes,Yes,One Year,Yes,Electronic check,106.04,6476.8,No,0,Loyal (49m+),4,106.17704918032787,0,1,0,106.18
CUST-03889,Male,No,No,No,26,Yes,Yes,DSL,Yes,No,Yes,Yes,No,No,Month-To-Month,Yes,Mailed check,73.52,1916.37,No,0,Established (25-48m),3,73.70653846153846,0,0,0,73.71
CUST-03890,Female,No,Yes,No,53,Yes,No,Fiber optic,No,Yes,Yes,No,No,No,Two Year,No,Credit card,91.7,4860.96,No,0,Loyal (49m+),2,91.71622641509434,0,0,0,91.72
CUST-03891,Female,No,Yes,Yes,11,Yes,No,Fiber optic,No,No,No,No,No,No,Month-To-Month,Yes,Credit card,80.86,880.03,No,0,New (0-12m),0,80.00272727272727,0,0,0,80.0
CUST-03892,Male,No,No,Yes,7,Yes,No,No,No internet service,No internet service,No internet service,No internet service,No internet service,No internet service,One Year,Yes,Electronic check,29.37,196.96,No,0,New (0-12m),0,28.13714285714286,0,0,0,28.14
CUST-03893,Female,No,Yes,No,15,Yes,Yes,Fiber optic,No,Yes,No,Yes,Yes,No,Month-To-Month,No,Mailed check,99.94,1501.7,No,0,Mid-term (13-24m),3,100.11333333333333,0,1,0,100.11
CUST-03894,Male,No,No,Yes,51,Yes,Yes,Fiber optic,No,Yes,No,No,Yes,Yes,Month-To-Month,Yes,Credit card,100.01,5094.34,No,0,Loyal (49m+),3,99.88901960784314,0,1,0,99.89
CUST-03895,Female,Yes,No,Yes,25,Yes,No,No,No internet service,No internet service,No internet service,No internet service,No internet service,No internet service,Month-To-Month,Yes,Credit card,29.39,736.27,No,0,Established (25-48m),0,29.4508,0,0,0,29.45
CUST-03896,F,No,No,No,7,Yes,Yes,No,No internet service,No internet service,No internet service,No internet service,No internet service,No internet service,Month-To-Month,No,Electronic check,33.4,232.87,Yes,0,New (0-12m),0,33.26714285714286,0,0,0,33.27
CUST-03897,Male,No,Yes,No,44,Yes,Yes,Fiber optic,Yes,No,Yes,No,Yes,Yes,Month-To-Month,No,Credit card,106.22660000000005,4722.37,Yes,0,Established (25-48m),4,107.32659090909091,0,1,0,107.33
CUST-03898,Male,No,No,No,18,Yes,Yes,No,No internet service,No internet service,No internet service,No internet service,No internet service,No internet service,One Year,No,Electronic check,36.25,651.81,No,0,Mid-term (13-24m),0,36.211666666666666,0,0,0,36.21
CUST-03899,Male,No,No,Yes,16,Yes,Yes,Fiber optic,No,No,Yes,No,Yes,Yes,One Year,Yes,Mailed check,98.28,1580.22,No,0,Mid-term (13-24m),3,98.76375,0,1,0,98.76
CUST-03900,Male,Yes,Yes,No,64,Yes,No,Fiber optic,No,No,No,No,Yes,Yes,One Year,No,Electronic check,87.67,5605.37,Yes,0,Loyal (49m+),2,87.58390625,0,1,0,87.58
CUST-03901,Female,No,No,No,28,No,No phone service,No,No internet service,No internet service,No internet service,No internet service,No internet service,No internet service,Two Year,No,Credit card,19.8858,547.3,No,0,Established (25-48m),0,19.54642857142857,0,0,0,19.55
CUST-03902,Male,Yes,No,No,13,Yes,No,Fiber optic,No,Yes,No,No,No,Yes,Two Year,Yes,Bank transfer,90.27,1168.09,No,0,Mid-term (13-24m),2,89.85307692307691,0,1,0,89.85
CUST-03903,Female,No,No,Yes,16,Yes,Yes,DSL,No,No,No,No,No,Yes,One Year,Yes,Electronic check,67.19,1074.17,Yes,0,Mid-term (13-24m),1,67.135625,0,1,0,67.14
CUST-03904,male,Yes,No,Yes,12,Yes,No,DSL,No,No,No,Yes,No,Yes,One Year,No,Bank transfer,63.16,762.38,Yes,0,New (0-12m),2,63.531666666666666,0,1,0,63.53
CUST-03905,Male,No,No,No,62,Yes,No,Fiber optic,No,No,Yes,No,No,No,Month-To-Month,Yes,Electronic check,84.7,5256.89,Yes,0,Loyal (49m+),1,84.78854838709678,0,0,0,84.79
CUST-03906,Female,Yes,No,No,32,Yes,Yes,No,No internet service,No internet service,No internet service,No internet service,No internet service,No internet service,Two Year,Yes,Electronic check,33.39,1064.68,No,0,Established (25-48m),0,33.27125,0,0,0,33.27
CUST-03907,Male,No,Yes,Yes,28,Yes,No,DSL,Yes,No,No,No,No,Yes,Two Year,Yes,Mailed check,62.85,1750.13,No,0,Established (25-48m),2,62.50464285714286,0,1,0,62.5
CUST-03908,Male,No,No,Yes,36,Yes,No,Fiber optic,No,Yes,Yes,No,Yes,Yes,Month-To-Month,Yes,Bank transfer,100.51,3620.88,No,0,Established (25-48m),4,100.58,0,1,0,100.58
CUST-03909,Male,No,No,No,45,Yes,No,Fiber optic,Yes,No,No,Yes,No,No,Month-To-Month,Yes,Electronic check,88.02,3957.34,No,0,Established (25-48m),2,87.94088888888889,0,0,0,87.94
CUST-03910,male,Yes,Yes,Yes,23,Yes,No,DSL,No,No,Yes,No,Yes,Yes,Two Year,Yes,Mailed check,71.1,1635.72,No,0,Mid-term (13-24m),3,71.11826086956522,0,1,0,71.12
CUST-03911,Female,No,No,No,13,Yes,No,DSL,Yes,Yes,No,No,No,Yes,Month-To-Month,Yes,Mailed check,70.27,904.8,No,0,Mid-term (13-24m),3,69.6,0,1,0,69.6
CUST-03912,Female,No,No,No,4,Yes,Yes,No,No internet service,No internet service,No internet service,No internet service,No internet service,No internet service,Month-To-Month,No,Bank transfer,33.66,132.46,No,0,New (0-12m),0,33.115,0,0,0,33.12
CUST-03913,Male,Yes,Yes,Yes,52,Yes,No,DSL,No,Yes,No,No,No,Yes,Month-To-Month,Yes,Electronic check,66.47,3459.06,No,0,Loyal (49m+),2,66.52038461538461,0,1,0,66.52
CUST-03914,Male,No,Yes,No,29,Yes,Yes,DSL,No,No,No,No,No,No,Month-To-Month,Yes,Electronic check,61.0,1760.66,No,0,Established (25-48m),0,60.71241379310345,0,0,0,60.71
CUST-03915,Male,No,Yes,No,59,Yes,No,DSL,No,No,No,No,No,No,Month-To-Month,No,Electronic check,55.63,3281.63,No,0,Loyal (49m+),0,55.62084745762712,0,0,0,55.62
CUST-03916,Female,No,Yes,Yes,72,Yes,No,DSL,Yes,Yes,No,No,No,No,Month-To-Month,No,Mailed check,63.57,4575.78,No,0,Loyal (49m+),2,63.552499999999995,0,0,0,63.55
CUST-03917,Female,No,Yes,No,27,Yes,Yes,DSL,No,Yes,Yes,No,No,No,Month-To-Month,Yes,Bank transfer,71.03,1914.05,No,0,Established (25-48m),2,70.89074074074074,0,0,0,70.89
CUST-03918,Female,Yes,Yes,Yes,25,Yes,No,Fiber optic,No,No,No,No,No,No,Two Year,Yes,Credit card,80.2,2014.71,No,0,Established (25-48m),0,80.58840000000001,0,0,0,80.59
CUST-03919,Female,No,Yes,No,17,Yes,No,Fiber optic,Yes,No,Yes,Yes,Yes,No,Month-To-Month,Yes,Electronic check,100.17,1712.38,Yes,0,Mid-term (13-24m),4,100.72823529411765,0,1,0,100.73
CUST-03920,Male,No,No,No,35,Yes,No,Fiber optic,No,Yes,No,Yes,Yes,Yes,Month-To-Month,No,Bank transfer,98.1,3433.29,Yes,0,Established (25-48m),4,98.094,0,1,0,98.09
CUST-03921,Male,Yes,No,Yes,7,Yes,Yes,DSL,No,Yes,No,Yes,No,No,Month-To-Month,Yes,Electronic check,68.18,471.03,Yes,0,New (0-12m),2,67.28999999999999,0,0,0,67.29
CUST-03922,Male,No,No,Yes,17,Yes,Yes,Fiber optic,Yes,Yes,No,No,Yes,Yes,Month-To-Month,Yes,Electronic check,102.66,1744.54,No,0,Mid-term (13-24m),4,102.62,0,1,0,102.62
CUST-03923,Female,No,Yes,Yes,57,Yes,No,DSL,No,No,No,No,Yes,Yes,Two Year,No,Mailed check,63.73,3639.57,No,0,Loyal (49m+),2,63.852105263157895,0,1,0,63.85
CUST-03924,Male,No,No,Yes,31,Yes,Yes,No,No internet service,No internet service,No internet service,No internet service,No internet service,No internet service,Month-To-Month,Yes,Bank transfer,34.97,1080.97,No,0,Established (25-48m),0,34.87,0,0,0,34.87
CUST-03925,Female,No,Yes,No,48,Yes,No,DSL,No,No,Yes,No,No,Yes,Month-To-Month,No,Credit card,64.29,3082.74,No,0,Established (25-48m),2,64.22375,0,1,0,64.22
CUST-03926,Female,No,No,Yes,47,Yes,Yes,No,No internet service,No internet service,No internet service,No internet service,No internet service,No internet service,Month-To-Month,No,Bank transfer,36.06,1701.0,No,0,Established (25-48m),0,36.191489361702125,0,0,0,36.19
CUST-03927,Male,Yes,No,No,70,Yes,Yes,Fiber optic,No,No,Yes,Yes,Yes,No,One Year,Yes,Electronic check,99.54,6970.36,Yes,0,Loyal (49m+),3,99.57657142857143,0,1,0,99.58
CUST-03928,Male,No,No,Yes,64,Yes,Yes,Fiber optic,No,No,No,No,No,Yes,Month-To-Month,Yes,Bank transfer,87.97,5628.19,No,0,Loyal (49m+),1,87.94046875,0,1,0,87.94
CUST-03929,Male,No,No,No,32,Yes,No,Fiber optic,No,Yes,No,No,Yes,No,Month-To-Month,Yes,Credit card,91.12,2916.21,No,0,Established (25-48m),2,91.1315625,0,1,0,91.13
CUST-03930,Female,No,Yes,Yes,49,Yes,Yes,Fiber optic,No,Yes,No,No,No,Yes,Month-To-Month,No,Mailed check,93.42,4579.47,No,0,Loyal (49m+),2,93.45857142857143,0,1,0,93.46
CUST-03931,Female,No,Yes,No,3,Yes,No,Fiber optic,No,Yes,No,No,No,No,Two Year,No,Credit card,84.08,245.46,No,0,New (0-12m),1,81.82000000000001,1,0,0,81.82
CUST-03932,Male,Yes,No,No,35,No,No phone service,Fiber optic,No,No,No,Yes,No,Yes,Month-To-Month,No,Electronic check,80.0,2799.54,No,0,Established (25-48m),2,79.98685714285715,0,1,0,79.99
CUST-03933,Male,Yes,Yes,Yes,27,Yes,No,No,No internet service,No internet service,No internet service,No internet service,No internet service,No internet service,Month-To-Month,Yes,Credit card,30.27,817.75,No,0,Established (25-48m),0,30.287037037037038,0,0,0,30.29
CUST-03934,Female,No,Yes,No,2,Yes,No,Fiber optic,No,Yes,Yes,Yes,Yes,No,Month-To-Month,No,Electronic check,98.97,207.85,No,0,New (0-12m),4,103.925,1,1,0,103.92
CUST-03935,Male,No,No,No,5,Yes,Yes,DSL,Yes,No,No,No,No,No,Month-To-Month,Yes,Bank transfer,64.8,319.05,No,0,New (0-12m),1,63.81,0,0,0,63.81
CUST-03936,Female,No,Yes,No,44,Yes,Yes,No,No internet service,No internet service,No internet service,No internet service,No internet service,No internet service,One Year,Yes,Bank transfer,32.83,1439.48,Yes,0,Established (25-48m),0,32.71545454545455,0,0,0,32.72
CUST-03937,Female,No,Yes,Yes,22,Yes,No,Fiber optic,No,No,Yes,No,No,No,Month-To-Month,Yes,Electronic check,83.3,1837.82,No,0,Mid-term (13-24m),1,83.53727272727272,0,0,0,83.54
CUST-03938,Male,No,Yes,Yes,6,Yes,No,Fiber optic,No,Yes,No,No,Yes,No,Two Year,No,Credit card,90.5,539.7,Yes,0,New (0-12m),2,89.95,0,1,0,89.95
CUST-03939,Male,No,Yes,No,60,Yes,Yes,No,No internet service,No internet service,No internet service,No internet service,No internet service,No internet service,Month-To-Month,No,Electronic check,32.52,1942.32,No,0,Loyal (49m+),0,32.372,0,0,0,32.37
CUST-03940,Male,No,No,Yes,64,Yes,Yes,No,No internet service,No internet service,No internet service,No internet service,No internet service,No internet service,Month-To-Month,Yes,Electronic check,33.42,2148.04,Yes,0,Loyal (49m+),0,33.563125,0,0,0,33.56
CUST-03941,Male,No,No,Yes,5,Yes,No,DSL,Yes,No,No,No,Yes,No,Month-To-Month,No,Credit card,65.64,319.03,No,0,New (0-12m),2,63.806,0,1,0,63.81
CUST-03942,Female,No,Yes,No,23,Yes,No,DSL,Yes,No,No,No,No,No,Two Year,Yes,Electronic check,58.66,1357.57,No,0,Mid-term (13-24m),1,59.02478260869565,0,0,0,59.02
CUST-03943,Female,No,No,No,36,No,No phone service,DSL,No,No,No,No,No,Yes,Month-To-Month,Yes,Mailed check,51.59,1863.5,No,0,Established (25-48m),1,51.763888888888886,0,1,0,51.76
CUST-03944,Female,No,No,Yes,44,Yes,No,Fiber optic,No,No,Yes,Yes,Yes,Yes,Month-To-Month,Yes,Bank transfer,99.46,4378.46,No,0,Established (25-48m),4,99.51045454545455,0,1,0,99.51
CUST-03945,Male,No,No,Yes,50,Yes,Yes,Fiber optic,No,Yes,Yes,No,Yes,Yes,Two Year,No,Bank transfer,106.07,5311.13,No,0,Loyal (49m+),4,106.2226,0,1,0,106.22
CUST-03946,Female,No,Yes,Yes,44,No,No phone service,Fiber optic,No,No,No,No,Yes,No,Month-To-Month,Yes,Credit card,76.93,3378.84,No,0,Established (25-48m),1,76.79181818181819,0,1,0,76.79
CUST-03947,Male,Yes,Yes,No,62,Yes,Yes,Fiber optic,No,No,Yes,No,Yes,Yes,Two Year,Yes,Bank transfer,99.74,6177.63,Yes,0,Loyal (49m+),3,99.6391935483871,0,1,0,99.64
CUST-03948,Male,No,No,Yes,28,Yes,Yes,DSL,Yes,Yes,Yes,Yes,Yes,No,Month-To-Month,No,Credit card,85.88,2403.52,No,0,Established (25-48m),5,85.84,0,1,0,85.84
CUST-03949,Male,No,No,Yes,24,Yes,Yes,DSL,Yes,No,Yes,No,No,Yes,Month-To-Month,No,Credit card,76.72,1851.21,No,0,Mid-term (13-24m),3,77.13375,0,1,0,77.13
CUST-03950,Male,No,Yes,Yes,9,Yes,Yes,No,No internet service,No internet service,No internet service,No internet service,No internet service,No internet service,One Year,No,Mailed check,33.73,293.75,No,0,New (0-12m),0,32.638888888888886,0,0,0,32.64
CUST-03951,Male,No,No,No,34,Yes,No,No,No internet service,No internet service,No internet service,No internet service,No internet service,No internet service,Month-To-Month,Yes,Electronic check,31.93,1078.46,No,0,Established (25-48m),0,31.71941176470588,0,0,0,31.72
CUST-03952,M,Yes,Yes,No,54,Yes,Yes,DSL,Yes,No,No,No,No,No,One Year,No,Bank transfer,66.8,3611.58,No,0,Loyal (49m+),1,66.88111111111111,0,0,0,66.88
CUST-03953,Female,No,No,No,24,Yes,No,DSL,Yes,No,No,No,Yes,No,Month-To-Month,Yes,Electronic check,62.8,1502.37,No,0,Mid-term (13-24m),2,62.598749999999995,0,1,0,62.6
CUST-03954,Male,No,Yes,Yes,44,Yes,Yes,Fiber optic,Yes,No,No,Yes,Yes,No,Month-To-Month,No,Electronic check,99.86,4394.93,Yes,0,Established (25-48m),3,99.88477272727273,0,1,0,99.88
CUST-03955,Female,Yes,Yes,Yes,11,Yes,Yes,DSL,No,Yes,No,Yes,No,Yes,Two Year,Yes,Bank transfer,73.06,807.94,Yes,0,New (0-12m),3,73.44909090909091,0,1,0,73.45
CUST-03956,Female,No,Yes,No,3,Yes,No,DSL,No,No,No,No,No,No,One Year,No,Credit card,56.93,177.6,No,0,New (0-12m),0,59.199999999999996,1,0,0,59.2
CUST-03957,Male,No,Yes,Yes,66,Yes,Yes,Fiber optic,Yes,Yes,No,No,No,No,Month-To-Month,Yes,Mailed check,93.7,6185.34,Yes,0,Loyal (49m+),2,93.71727272727273,0,0,0,93.72
CUST-03958,Male,No,No,Yes,16,No,No phone service,DSL,Yes,No,No,Yes,No,No,Month-To-Month,Yes,Electronic check,54.35,861.62,No,0,Mid-term (13-24m),2,53.85125,0,0,0,53.85
CUST-03959,Male,No,Yes,Yes,72,Yes,No,Fiber optic,No,Yes,Yes,No,No,No,Month-To-Month,No,Mailed check,92.19,6641.56,No,0,Loyal (49m+),2,92.24388888888889,0,0,0,92.24
CUST-03960,Female,No,No,No,64,No,No phone service,No,No internet service,No internet service,No internet service,No internet service,No internet service,No internet service,One Year,Yes,Mailed check,20.31,1299.86,No,0,Loyal (49m+),0,20.3103125,0,0,0,20.31
CUST-03961,Male,No,Yes,Yes,52,Yes,Yes,No,No internet service,No internet service,No internet service,No internet service,No internet service,No internet service,Two Year,Yes,Mailed check,37.14,1935.16,No,0,Loyal (49m+),0,37.214615384615385,0,0,0,37.21
CUST-03962,Female,No,Yes,Yes,56,Yes,No,Fiber optic,Yes,No,No,No,No,No,Month-To-Month,Yes,Electronic check,84.81,4740.5,Yes,0,Loyal (49m+),1,84.65178571428571,0,0,0,84.65
CUST-03963,male,Yes,No,No,27,Yes,No,Fiber optic,Yes,No,No,Yes,Yes,Yes,Month-To-Month,No,Electronic check,102.41,2755.14,No,0,Established (25-48m),4,102.04222222222222,0,1,0,102.04
CUST-03964,Male,No,No,Yes,15,Yes,No,Fiber optic,No,No,No,No,Yes,No,Month-To-Month,Yes,Mailed check,87.28,1317.34,No,0,Mid-term (13-24m),1,87.82266666666666,0,1,0,87.82
CUST-03965,Female,No,No,No,20,Yes,No,DSL,Yes,Yes,No,Yes,Yes,Yes,Month-To-Month,No,Credit card,77.6,1553.37,No,0,Mid-term (13-24m),5,77.6685,0,1,0,77.67
CUST-03966,Female,No,Yes,Yes,41,Yes,No,Fiber optic,No,No,No,No,No,No,Two Year,No,Bank transfer,79.53,3254.3,No,0,Established (25-48m),0,79.37317073170732,0,0,0,79.37
CUST-03967,Male,No,Yes,No,53,Yes,Yes,DSL,No,Yes,No,No,Yes,Yes,Month-To-Month,No,Electronic check,77.25,4098.34,No,0,Loyal (49m+),3,77.32716981132076,0,1,0,77.33
CUST-03968,Female,No,No,No,31,Yes,Yes,DSL,Yes,No,No,Yes,Yes,No,Month-To-Month,Yes,Mailed check,76.57,2377.82,No,0,Established (25-48m),3,76.70387096774193,0,1,0,76.7
CUST-03969,Female,Yes,Yes,Yes,37,No,No phone service,Fiber optic,Yes,No,Yes,Yes,Yes,No,Month-To-Month,No,Electronic check,88.56,3285.02,Yes,0,Established (25-48m),4,88.78432432432433,0,1,0,88.78
CUST-03970,Female,No,No,Yes,69,Yes,No,DSL,Yes,No,No,No,Yes,No,Month-To-Month,Yes,Credit card,66.92,4622.82,No,0,Loyal (49m+),2,66.99739130434781,0,1,0,67.0
CUST-03971,Female,No,Yes,No,37,Yes,Yes,No,No internet service,No internet service,No internet service,No internet service,No internet service,No internet service,Month-To-Month,Yes,Electronic check,33.51,1246.64,No,0,Established (25-48m),0,33.692972972972974,0,0,0,33.69
CUST-03972,Female,No,Yes,Yes,53,Yes,Yes,No,No internet service,No internet service,No internet service,No internet service,No internet service,No internet service,Two Year,No,Credit card,37.18,1977.25,No,0,Loyal (49m+),0,37.306603773584904,0,0,0,37.31
CUST-03973,Male,No,Yes,No,59,Yes,No,DSL,No,No,Yes,Yes,No,No,One Year,No,Credit card,62.92,3708.15,Yes,0,Loyal (49m+),2,62.85,0,0,0,62.85
CUST-03974,Male,Yes,No,Yes,46,No,No phone service,DSL,No,Yes,No,No,Yes,No,Month-To-Month,Yes,Mailed check,57.23,2633.02,Yes,0,Established (25-48m),2,57.2395652173913,0,1,0,57.24
CUST-03975,Female,No,Yes,Yes,11,Yes,Yes,DSL,Yes,No,No,No,No,No,One Year,Yes,Electronic check,62.91,682.72,No,0,New (0-12m),1,62.06545454545455,0,0,0,62.07
CUST-03976,Male,Yes,No,Yes,52,Yes,Yes,No,No internet service,No internet service,No internet service,No internet service,No internet service,No internet service,One Year,No,Credit card,33.64,1740.14,Yes,0,Loyal (49m+),0,33.464230769230774,0,0,0,33.46
CUST-03977,Male,No,No,Yes,32,Yes,Yes,DSL,No,No,No,No,No,No,Month-To-Month,No,Electronic check,60.33,1938.18,No,0,Established (25-48m),0,60.568125,0,0,0,60.57
CUST-03978,Female,No,Yes,No,27,Yes,No,Fiber optic,No,No,Yes,Yes,No,No,Month-To-Month,Yes,Electronic check,88.44,2378.9,No,0,Established (25-48m),2,88.10740740740741,0,0,0,88.11
CUST-03979,Male,No,No,No,2,Yes,Yes,DSL,No,Yes,No,No,No,Yes,Month-To-Month,Yes,Electronic check,69.45,139.88,No,0,New (0-12m),2,69.94,1,1,0,69.94
CUST-03980,M,No,No,Yes,25,No,No phone service,Fiber optic,No,Yes,No,No,Yes,Yes,Month-To-Month,Yes,Mailed check,83.34,2092.07,No,0,Established (25-48m),3,83.6828,0,1,0,83.68
CUST-03981,Female,No,Yes,Yes,53,Yes,Yes,Fiber optic,No,No,No,Yes,Yes,No,Two Year,No,Electronic check,95.29,5044.48,Yes,0,Loyal (49m+),2,95.17886792452829,0,1,0,95.18
CUST-03982,Male,No,No,Yes,39,No,No phone service,Fiber optic,No,No,Yes,No,No,No,Month-To-Month,Yes,Credit card,75.55,2945.3,Yes,0,Established (25-48m),1,75.52051282051282,0,0,0,75.52
CUST-03983,Female,No,No,Yes,65,Yes,No,Fiber optic,No,No,No,No,Yes,No,Two Year,No,Electronic check,83.6,5436.95,No,0,Loyal (49m+),1,83.64538461538461,0,1,0,83.65
CUST-03984,Female,No,Yes,Yes,67,Yes,Yes,Fiber optic,Yes,No,No,Yes,No,Yes,Two Year,No,Credit card,98.96,6631.56,No,0,Loyal (49m+),3,98.97850746268658,0,1,0,98.98
CUST-03985,Female,No,Yes,No,46,Yes,No,Fiber optic,No,Yes,No,Yes,No,No,Month-To-Month,No,Electronic check,91.19,4192.01,No,0,Established (25-48m),2,91.13065217391305,0,0,0,91.13
CUST-03986,Female,No,Yes,No,1,Yes,Yes,Fiber optic,Yes,No,No,Yes,Yes,No,Two Year,No,Mailed check,97.93,103.68,Yes,0,New (0-12m),3,103.68,1,1,0,103.68
CUST-03987,Female,Yes,No,Yes,41,Yes,No,No,No internet service,No internet service,No internet service,No internet service,No internet service,No internet service,Month-To-Month,Yes,Electronic check,29.76,1218.35,No,0,Established (25-48m),0,29.715853658536584,0,0,0,29.72
CUST-03988,Male,No,No,No,33,Yes,Yes,Fiber optic,No,No,Yes,No,No,No,Month-To-Month,Yes,Credit card,88.95,2933.07,No,0,Established (25-48m),1,88.8809090909091,0,0,0,88.88
CUST-03989,Male,No,Yes,No,20,Yes,Yes,Fiber optic,No,Yes,No,No,No,No,One Year,No,Electronic check,89.56,1781.63,No,0,Mid-term (13-24m),1,89.0815,0,0,0,89.08
CUST-03990,Female,No,No,Yes,43,Yes,No,Fiber optic,No,Yes,No,Yes,Yes,No,Month-To-Month,Yes,Bank transfer,96.68,4164.53,Yes,0,Established (25-48m),3,96.84953488372092,0,1,0,96.85
CUST-03991,Female,No,Yes,No,1,Yes,Yes,DSL,No,No,No,No,No,No,Month-To-Month,Yes,Electronic check,62.4,72.39,No,0,New (0-12m),0,72.39,1,0,0,72.39
CUST-03992,Male,No,Yes,No,58,Yes,Yes,No,No internet service,No internet service,No internet service,No internet service,No internet service,No internet service,One Year,Yes,Credit card,33.4,1942.07,No,0,Loyal (49m+),0,33.48396551724138,0,0,0,33.48
CUST-03993,male,No,Yes,No,15,Yes,No,DSL,No,Yes,No,No,Yes,Yes,Two Year,No,Electronic check,67.81,1026.57,No,0,Mid-term (13-24m),3,68.438,0,1,0,68.44
CUST-03994,Male,No,No,No,19,Yes,No,DSL,Yes,Yes,No,No,Yes,Yes,Month-To-Month,No,Electronic check,73.48,1396.03,Yes,0,Mid-term (13-24m),4,73.47526315789473,0,1,0,73.48
CUST-03995,Female,Yes,No,Yes,25,Yes,No,Fiber optic,No,No,No,No,No,No,Month-To-Month,Yes,Bank transfer,81.86,2048.13,No,0,Established (25-48m),0,81.9252,0,0,0,81.93
CUST-03996,Female,No,Yes,No,15,Yes,Yes,DSL,Yes,No,Yes,No,No,No,Month-To-Month,Yes,Electronic check,71.9,1086.19,No,0,Mid-term (13-24m),2,72.41266666666667,0,0,0,72.41
CUST-03997,M,No,Yes,No,69,Yes,Yes,Fiber optic,Yes,Yes,No,No,Yes,Yes,One Year,Yes,Mailed check,103.93,7171.65,No,0,Loyal (49m+),4,103.93695652173912,0,1,0,103.94
CUST-03998,Female,No,No,No,22,Yes,No,DSL,No,No,Yes,Yes,Yes,Yes,Month-To-Month,No,Electronic check,74.15,1622.73,No,0,Mid-term (13-24m),4,73.76045454545455,0,1,0,73.76
CUST-03999,Female,No,Yes,Yes,41,Yes,No,No,No internet service,No internet service,No internet service,No internet service,No internet service,No internet service,Two Year,Yes,Bank transfer,30.82,1268.39,No,0,Established (25-48m),0,30.936341463414635,0,0,0,30.94
CUST-04000,Female,No,No,No,36,Yes,No,No,No internet service,No internet service,No internet service,No internet service,No internet service,No internet service,One Year,No,Mailed check,29.21,1044.34,No,0,Established (25-48m),0,29.00944444444444,0,0,0,29.01
CUST-04001,Female,No,Yes,No,71,Yes,Yes,Fiber optic,No,Yes,Yes,No,Yes,No,One Year,No,Electronic check,102.02,7240.28,No,0,Loyal (49m+),3,101.97577464788732,0,1,0,101.98
CUST-04002,Male,No,Yes,No,5,Yes,Yes,Fiber optic,No,No,Yes,Yes,No,No,Two Year,No,Bank transfer,96.51,489.44,Yes,0,New (0-12m),2,97.888,0,0,0,97.89
CUST-04003,Male,No,No,Yes,36,Yes,No,DSL,No,No,Yes,No,Yes,No,Two Year,No,Electronic check,64.29,2309.99,No,0,Established (25-48m),2,64.16638888888889,0,1,0,64.17
CUST-04004,Male,No,No,Yes,21,Yes,No,No,No internet service,No internet service,No internet service,No internet service,No internet service,No internet service,Month-To-Month,No,Mailed check,32.36,688.25,Yes,0,Mid-term (13-24m),0,32.773809523809526,0,0,0,32.77
CUST-04005,Female,No,No,Yes,5,Yes,No,Fiber optic,No,Yes,No,No,No,No,Month-To-Month,No,Bank transfer,86.22,437.4,No,0,New (0-12m),1,87.47999999999999,0,0,0,87.48
CUST-04006,Female,No,No,Yes,31,Yes,No,DSL,No,Yes,No,Yes,No,Yes,Two Year,Yes,Credit card,71.29,2219.35,No,0,Established (25-48m),3,71.59193548387097,0,1,0,71.59
CUST-04007,Female,No,No,Yes,16,Yes,Yes,No,No internet service,No internet service,No internet service,No internet service,No internet service,No internet service,Two Year,Yes,Electronic check,37.3,588.9,No,0,Mid-term (13-24m),0,36.80625,0,0,0,36.81
CUST-04008,Female,Yes,Yes,No,37,Yes,No,Fiber optic,No,No,No,No,No,Yes,One Year,No,Bank transfer,84.65,3127.94,No,0,Established (25-48m),1,84.53891891891892,0,1,0,84.54
CUST-04009,Female,Yes,Yes,Yes,16,Yes,No,DSL,Yes,Yes,Yes,No,No,No,Month-To-Month,Yes,Mailed check,67.71,1089.18,No,0,Mid-term (13-24m),3,68.07375,0,0,0,68.07
CUST-04010,Female,No,No,No,36,Yes,Yes,No,No internet service,No internet service,No internet service,No internet service,No internet service,No internet service,One Year,Yes,Mailed check,37.45,1351.67,No,0,Established (25-48m),0,37.54638888888889,0,0,0,37.55
CUST-04011,Female,No,No,Yes,22,Yes,No,Fiber optic,No,No,No,Yes,Yes,No,Month-To-Month,No,Mailed check,92.18,2033.24,No,0,Mid-term (13-24m),2,92.42,0,1,0,92.42
CUST-04012,Male,No,Yes,Yes,48,Yes,No,Fiber optic,Yes,No,No,No,No,No,Two Year,No,Electronic check,87.33,4199.29,No,0,Established (25-48m),1,87.48520833333333,0,0,0,87.49
CUST-04013,Female,No,Yes,Yes,60,Yes,Yes,DSL,No,Yes,No,No,Yes,Yes,Month-To-Month,Yes,Mailed check,74.87,4487.64,No,0,Loyal (49m+),3,74.79400000000001,0,1,0,74.79
CUST-04014,male,No,No,No,48,Yes,No,Fiber optic,No,Yes,No,Yes,Yes,No,Two Year,Yes,Bank transfer,93.32,4488.81,No,0,Established (25-48m),3,93.51687500000001,0,1,0,93.52
CUST-04015,Male,No,No,No,60,Yes,No,Fiber optic,No,No,Yes,Yes,No,No,Month-To-Month,Yes,Mailed check,88.48,5313.99,No,0,Loyal (49m+),2,88.56649999999999,0,0,0,88.57
CUST-04016,Female,No,Yes,No,31,No,No phone service,DSL,Yes,No,Yes,No,Yes,Yes,Two Year,Yes,Electronic check,64.87,2019.93,No,0,Established (25-48m),4,65.15903225806451,0,1,0,65.16
CUST-04017,Female,No,No,Yes,62,Yes,Yes,DSL,No,Yes,No,Yes,Yes,Yes,Month-To-Month,No,Electronic check,80.88,5006.74,Yes,0,Loyal (49m+),4,80.75387096774193,0,1,0,80.75
CUST-04018,Male,No,Yes,Yes,6,Yes,No,Fiber optic,No,Yes,No,Yes,Yes,Yes,Two Year,No,Mailed check,99.83,600.14,No,0,New (0-12m),4,100.02333333333333,0,1,0,100.02
CUST-04019,Male,Yes,Yes,Yes,21,Yes,Yes,Fiber optic,No,No,Yes,No,Yes,No,Two Year,No,Mailed check,94.47,1990.2,No,0,Mid-term (13-24m),2,94.77142857142857,0,1,0,94.77
CUST-04020,Female,No,No,Yes,5,Yes,Yes,No,No internet service,No internet service,No internet service,No internet service,No internet service,No internet service,One Year,Yes,Electronic check,37.32,178.38,No,0,New (0-12m),0,35.676,0,0,0,35.68
CUST-04021,Female,No,Yes,Yes,60,Yes,Yes,No,No internet service,No internet service,No internet service,No internet service,No internet service,No internet service,One Year,Yes,Mailed check,35.74,2144.11,No,0,Loyal (49m+),0,35.73516666666667,0,0,0,35.74
CUST-04022,Male,No,Yes,Yes,13,Yes,No,No,No internet service,No internet service,No internet service,No internet service,No internet service,No internet service,Month-To-Month,No,Bank transfer,29.54,389.97,No,0,Mid-term (13-24m),0,29.99769230769231,0,0,0,30.0
CUST-04023,Female,No,Yes,No,15,Yes,Yes,Fiber optic,Yes,No,Yes,Yes,Yes,Yes,Month-To-Month,Yes,Electronic check,106.22660000000005,1655.24,No,0,Mid-term (13-24m),5,110.34933333333333,0,1,0,110.35
CUST-04024,Female,No,No,No,2,No,No phone service,Fiber optic,No,No,Yes,No,No,Yes,Two Year,Yes,Bank transfer,81.46,167.27,Yes,0,New (0-12m),2,83.635,1,1,0,83.64
CUST-04025,Female,No,Yes,Yes,8,Yes,No,DSL,Yes,No,No,No,Yes,No,Month-To-Month,No,Credit card,64.34,524.09,No,0,New (0-12m),2,65.51125,0,1,0,65.51
CUST-04026,Male,Yes,No,No,46,Yes,Yes,DSL,No,Yes,No,No,No,No,Two Year,No,Electronic check,64.88,2975.6,No,0,Established (25-48m),1,64.68695652173913,0,0,0,64.69
CUST-04027,Male,No,Yes,No,41,Yes,Yes,Fiber optic,No,No,No,No,No,No,One Year,Yes,Electronic check,85.71,3522.47,No,0,Established (25-48m),0,85.91390243902438,0,0,0,85.91
CUST-04028,Male,No,Yes,No,41,Yes,Yes,Fiber optic,Yes,No,No,No,No,No,Month-To-Month,Yes,Mailed check,90.69,3716.67,No,0,Established (25-48m),1,90.65048780487805,0,0,0,90.65
CUST-04029,Female,No,Yes,Yes,22,Yes,No,Fiber optic,No,No,No,No,Yes,Yes,Month-To-Month,Yes,Electronic check,88.38,1934.84,No,0,Mid-term (13-24m),2,87.94727272727272,0,1,0,87.95
CUST-04030,Female,No,Yes,Yes,2,Yes,Yes,Fiber optic,No,No,Yes,No,No,No,Month-To-Month,No,Bank transfer,89.98,176.92,Yes,0,New (0-12m),1,88.46,1,0,0,88.46
CUST-04031,Male,No,Yes,Yes,0,Yes,Yes,DSL,Yes,No,Yes,No,No,Yes,Month-To-Month,No,Electronic check,73.8,0.0,No,0,New (0-12m),3,73.8,1,1,0,73.8
CUST-04032,Male,Yes,No,Yes,66,Yes,No,DSL,No,Yes,Yes,Yes,Yes,No,Month-To-Month,Yes,Electronic check,77.07,5081.6,Yes,0,Loyal (49m+),4,76.9939393939394,0,1,0,76.99
CUST-04033,Male,Yes,No,No,70,Yes,No,No,No internet service,No internet service,No internet service,No internet service,No internet service,No internet service,Month-To-Month,Yes,Electronic check,29.98,2105.17,Yes,0,Loyal (49m+),0,30.073857142857143,0,0,0,30.07
CUST-04034,Female,No,Yes,Yes,2,Yes,Yes,DSL,No,No,No,No,No,Yes,Month-To-Month,No,Electronic check,66.33,131.71,Yes,0,New (0-12m),1,65.855,1,1,0,65.86
CUST-04035,Male,No,No,Yes,48,Yes,No,Fiber optic,No,No,No,No,No,No,Month-To-Month,Yes,Electronic check,77.72,3726.72,No,0,Established (25-48m),0,77.64,0,0,0,77.64
CUST-04036,Male,No,No,Yes,66,Yes,Yes,No,No internet service,No internet service,No internet service,No internet service,No internet service,No internet service,One Year,No,Electronic check,34.41,2267.26,No,0,Loyal (49m+),0,34.35242424242425,0,0,0,34.35
CUST-04037,Female,No,Yes,No,54,No,No phone service,DSL,Yes,Yes,No,Yes,No,No,Month-To-Month,No,Electronic check,58.29,3157.5,No,0,Loyal (49m+),3,58.47222222222222,0,0,0,58.47
CUST-04038,Female,Yes,No,No,3,Yes,Yes,DSL,Yes,Yes,No,No,Yes,No,Month-To-Month,No,Mailed check,74.46,225.76,No,0,New (0-12m),3,75.25333333333333,1,1,0,75.25
CUST-04039,Female,No,No,No,30,Yes,No,Fiber optic,No,Yes,Yes,No,Yes,No,Month-To-Month,No,Electronic check,96.48,2885.23,No,0,Established (25-48m),3,96.17433333333334,0,1,0,96.17
CUST-04040,Male,No,No,No,65,Yes,Yes,DSL,No,No,Yes,No,No,No,Two Year,Yes,Credit card,67.13,4371.21,Yes,0,Loyal (49m+),1,67.24938461538461,0,0,0,67.25
CUST-04041,Female,No,No,No,63,Yes,Yes,Fiber optic,No,Yes,No,No,No,No,Month-To-Month,Yes,Electronic check,92.08,5805.57,No,0,Loyal (49m+),1,92.15190476190476,0,0,0,92.15
CUST-04042,Female,No,Yes,Yes,30,Yes,No,Fiber optic,No,No,Yes,No,Yes,No,Month-To-Month,No,Electronic check,88.09,2636.93,No,0,Established (25-48m),2,87.89766666666667,0,1,0,87.9
CUST-04043,Male,Yes,No,No,62,Yes,No,Fiber optic,No,Yes,No,No,Yes,No,Two Year,Yes,Electronic check,89.01,5510.89,No,0,Loyal (49m+),2,88.88532258064517,0,1,0,88.89
CUST-04044,Female,No,Yes,No,65,Yes,No,Fiber optic,No,No,No,No,No,No,Month-To-Month,Yes,Bank transfer,80.8,5249.54,No,0,Loyal (49m+),0,80.76215384615385,0,0,0,80.76
CUST-04045,Male,No,Yes,Yes,30,Yes,No,No,No internet service,No internet service,No internet service,No internet service,No internet service,No internet service,Two Year,Yes,Mailed check,28.52,849.76,No,0,Established (25-48m),0,28.325333333333333,0,0,0,28.33
CUST-04046,Male,No,No,Yes,46,Yes,No,No,No internet service,No internet service,No internet service,No internet service,No internet service,No internet service,Month-To-Month,Yes,Electronic check,27.76,1281.0,No,0,Established (25-48m),0,27.847826086956523,0,0,0,27.85
CUST-04047,Female,No,Yes,Yes,21,Yes,Yes,Fiber optic,No,No,No,Yes,No,Yes,Month-To-Month,Yes,Electronic check,97.27,2036.16,No,0,Mid-term (13-24m),2,96.96000000000001,0,1,0,96.96
CUST-04048,Female,No,No,No,45,Yes,Yes,Fiber optic,No,Yes,No,No,No,Yes,Month-To-Month,No,Credit card,94.15,4237.22,No,0,Established (25-48m),2,94.16044444444445,0,1,0,94.16
CUST-04049,Female,No,Yes,Yes,57,Yes,No,Fiber optic,No,Yes,No,No,Yes,No,Month-To-Month,Yes,Credit card,89.6,5109.94,No,0,Loyal (49m+),2,89.64807017543859,0,1,0,89.65
CUST-04050,M,No,No,No,60,Yes,Yes,DSL,No,Yes,Yes,No,No,Yes,Month-To-Month,Yes,Electronic check,73.86,4434.98,Yes,0,Loyal (49m+),3,73.91633333333333,0,1,0,73.92
CUST-04051,Female,No,No,Yes,45,Yes,Yes,Fiber optic,Yes,Yes,No,No,No,Yes,Month-To-Month,Yes,Mailed check,99.13,4466.16,No,0,Established (25-48m),3,99.24799999999999,0,1,0,99.25
CUST-04052,Female,No,Yes,No,0,Yes,No,DSL,No,No,No,No,Yes,No,Month-To-Month,Yes,Mailed check,62.32,0.0,No,0,New (0-12m),1,62.32,1,1,0,62.32
CUST-04053,Male,No,No,No,24,Yes,Yes,DSL,No,Yes,No,No,Yes,No,Month-To-Month,No,Electronic check,68.46,1637.26,Yes,0,Mid-term (13-24m),2,68.21916666666667,0,1,0,68.22
CUST-04054,Male,No,No,No,60,Yes,No,Fiber optic,Yes,No,Yes,Yes,No,Yes,One Year,Yes,Bank transfer,99.97,5994.99,No,0,Loyal (49m+),4,99.9165,0,1,0,99.92
CUST-04055,Female,No,No,No,13,Yes,Yes,DSL,No,No,Yes,No,No,No,Two Year,Yes,Bank transfer,65.69,851.56,No,0,Mid-term (13-24m),1,65.50461538461538,0,0,0,65.5
CUST-04056,Male,No,No,Yes,44,Yes,Yes,Fiber optic,No,Yes,Yes,Yes,Yes,Yes,Two Year,Yes,Mailed check,106.22660000000005,4783.03,No,0,Established (25-48m),5,108.70522727272727,0,1,0,108.71
CUST-04057,Female,No,Yes,Yes,38,Yes,No,Fiber optic,No,Yes,Yes,No,Yes,No,Month-To-Month,No,Credit card,96.08,3653.56,Yes,0,Established (25-48m),3,96.14631578947369,0,1,0,96.15
CUST-04058,Male,No,Yes,No,65,Yes,Yes,No,No internet service,No internet service,No internet service,No internet service,No internet service,No internet service,Two Year,Yes,Mailed check,35.91,2334.05,No,0,Loyal (49m+),0,35.908461538461545,0,0,0,35.91
CUST-04059,Male,No,Yes,Yes,31,Yes,No,Fiber optic,No,No,No,No,No,Yes,Month-To-Month,Yes,Electronic check,87.27,2704.84,No,0,Established (25-48m),1,87.25290322580646,0,1,0,87.25
CUST-04060,Male,Yes,No,No,57,Yes,Yes,DSL,Yes,Yes,No,No,No,No,Month-To-Month,Yes,Electronic check,69.8,3969.8,No,0,Loyal (49m+),2,69.64561403508772,0,0,0,69.65
CUST-04061,Female,No,Yes,Yes,55,Yes,Yes,Fiber optic,No,Yes,No,No,No,Yes,Month-To-Month,Yes,Mailed check,94.42,5196.89,No,0,Loyal (49m+),2,94.4889090909091,0,1,0,94.49
CUST-04062,Male,No,No,Yes,5,Yes,Yes,Fiber optic,Yes,No,No,No,No,Yes,Two Year,Yes,Electronic check,94.31,477.63,Yes,0,New (0-12m),2,95.526,0,1,0,95.53
CUST-04063,Female,No,No,No,66,No,No phone service,DSL,No,No,No,No,No,No,Two Year,No,Mailed check,44.32,2932.89,Yes,0,Loyal (49m+),0,44.43772727272727,0,0,0,44.44
CUST-04064,Male,No,No,No,49,Yes,No,DSL,Yes,Yes,No,No,No,No,One Year,Yes,Electronic check,62.69,3062.22,No,0,Loyal (49m+),2,62.49428571428571,0,0,0,62.49
CUST-04065,Male,No,Yes,Yes,37,No,No phone service,Fiber optic,Yes,No,No,Yes,Yes,Yes,Month-To-Month,No,Electronic check,88.68,3288.66,Yes,0,Established (25-48m),4,88.8827027027027,0,1,0,88.88
CUST-04066,Male,No,Yes,No,2,Yes,No,DSL,No,Yes,No,Yes,No,No,One Year,Yes,Credit card,63.1,133.72,No,0,New (0-12m),2,66.86,1,0,0,66.86
CUST-04067,Male,No,Yes,Yes,4,Yes,No,Fiber optic,No,No,No,No,No,Yes,Month-To-Month,Yes,Credit card,86.9,350.86,No,0,New (0-12m),1,87.715,0,1,0,87.72
CUST-04068,Male,No,Yes,Yes,23,Yes,No,DSL,No,No,No,No,No,No,Month-To-Month,No,Mailed check,52.78,1209.51,Yes,0,Mid-term (13-24m),0,52.587391304347825,0,0,0,52.59
CUST-04069,Female,No,No,No,53,Yes,Yes,No,No internet service,No internet service,No internet service,No internet service,No internet service,No internet service,Month-To-Month,Yes,Bank transfer,34.33,1827.34,No,0,Loyal (49m+),0,34.47811320754717,0,0,0,34.48
CUST-04070,Female,No,Yes,No,33,Yes,No,DSL,No,No,No,No,No,No,Month-To-Month,No,Bank transfer,53.6,1765.75,No,0,Established (25-48m),0,53.50757575757576,0,0,0,53.51
CUST-04071,Male,No,Yes,No,38,Yes,No,No,No internet service,No internet service,No internet service,No internet service,No internet service,No internet service,Month-To-Month,No,Electronic check,30.73,1169.36,Yes,0,Established (25-48m),0,30.772631578947365,0,0,0,30.77
CUST-04072,Male,No,Yes,Yes,47,Yes,No,DSL,No,No,No,Yes,Yes,No,Two Year,No,Electronic check,64.13,3012.93,No,0,Established (25-48m),2,64.10489361702128,0,1,0,64.1
CUST-04073,F,No,Yes,No,48,Yes,No,Fiber optic,Yes,Yes,No,Yes,Yes,Yes,Month-To-Month,Yes,Mailed check,102.58,4931.56,No,0,Established (25-48m),5,102.74083333333334,0,1,0,102.74
CUST-04074,Male,Yes,No,No,33,Yes,No,DSL,Yes,No,Yes,Yes,Yes,No,Month-To-Month,Yes,Mailed check,76.97,2535.17,Yes,0,Established (25-48m),4,76.82333333333334,0,1,0,76.82
CUST-04075,Female,No,Yes,Yes,6,Yes,No,Fiber optic,No,No,Yes,No,Yes,Yes,Month-To-Month,Yes,Mailed check,95.68,570.7,Yes,0,New (0-12m),3,95.11666666666667,0,1,0,95.12
CUST-04076,Male,No,Yes,No,17,Yes,No,DSL,Yes,No,No,No,Yes,Yes,Two Year,Yes,Electronic check,67.51,1145.83,No,0,Mid-term (13-24m),3,67.40176470588234,0,1,0,67.4
CUST-04077,Female,Yes,Yes,No,69,Yes,No,No,No internet service,No internet service,No internet service,No internet service,No internet service,No internet service,Month-To-Month,Yes,Bank transfer,30.9,2139.2,Yes,0,Loyal (49m+),0,31.002898550724634,0,0,0,31.0
CUST-04078,Male,No,No,Yes,33,Yes,No,Fiber optic,No,No,No,No,Yes,No,Month-To-Month,Yes,Electronic check,83.58,2754.5,Yes,0,Established (25-48m),1,83.46969696969697,0,1,0,83.47
CUST-04079,Female,No,Yes,No,50,No,No phone service,DSL,Yes,No,No,No,No,Yes,Month-To-Month,Yes,Electronic check,57.32,2861.77,No,0,Loyal (49m+),2,57.2354,0,1,0,57.24
CUST-04080,Male,No,Yes,Yes,67,Yes,Yes,Fiber optic,Yes,Yes,Yes,No,Yes,Yes,One Year,Yes,Electronic check,106.22660000000005,7357.16,No,0,Loyal (49m+),5,109.80835820895523,0,1,0,109.81
CUST-04081,Male,Yes,Yes,No,13,Yes,Yes,Fiber optic,No,No,Yes,No,No,No,Month-To-Month,No,Electronic check,88.62,1149.81,No,0,Mid-term (13-24m),1,88.44692307692307,0,0,0,88.45
CUST-04082,Female,Yes,No,No,68,Yes,Yes,DSL,No,No,Yes,No,No,No,Month-To-Month,No,Credit card,62.65,4263.5,Yes,0,Loyal (49m+),1,62.6985294117647,0,0,0,62.7
CUST-04083,male,No,No,Yes,7,Yes,Yes,Fiber optic,No,No,No,No,No,Yes,Month-To-Month,Yes,Bank transfer,87.79,622.04,No,0,New (0-12m),1,88.86285714285714,0,1,0,88.86
CUST-04084,Male,No,Yes,Yes,14,Yes,Yes,Fiber optic,No,Yes,Yes,No,No,No,Month-To-Month,No,Credit card,92.78,1293.43,No,0,Mid-term (13-24m),2,92.38785714285714,0,0,0,92.39
CUST-04085,Male,No,Yes,No,58,Yes,No,DSL,No,No,Yes,No,No,No,Month-To-Month,Yes,Mailed check,57.66,3343.57,No,0,Loyal (49m+),1,57.64775862068966,0,0,0,57.65
CUST-04086,Female,No,No,Yes,10,Yes,No,Fiber optic,Yes,Yes,Yes,No,No,No,One Year,Yes,Mailed check,95.24,952.14,No,0,New (0-12m),3,95.214,0,0,0,95.21
CUST-04087,Male,No,No,Yes,19,Yes,No,DSL,No,No,Yes,No,No,No,Two Year,Yes,Bank transfer,61.73,1174.24,Yes,0,Mid-term (13-24m),1,61.8021052631579,0,0,0,61.8
CUST-04088,Male,No,No,No,54,Yes,No,Fiber optic,No,No,Yes,No,No,No,Two Year,No,Mailed check,84.23,4556.79,Yes,0,Loyal (49m+),1,84.385,0,0,0,84.38
CUST-04089,Female,No,No,Yes,35,Yes,Yes,Fiber optic,No,No,No,No,No,Yes,One Year,Yes,Mailed check,89.24,3133.01,Yes,0,Established (25-48m),1,89.51457142857143,0,1,0,89.51
CUST-04090,Female,No,No,No,13,Yes,Yes,DSL,No,No,Yes,Yes,No,No,Month-To-Month,Yes,Mailed check,68.02,890.28,No,0,Mid-term (13-24m),2,68.48307692307692,0,0,0,68.48
CUST-04091,Female,No,Yes,No,57,Yes,No,DSL,No,No,Yes,Yes,No,Yes,Two Year,No,Credit card,67.51,3838.67,No,0,Loyal (49m+),3,67.34508771929825,0,1,0,67.35
CUST-04092,Male,No,Yes,Yes,37,Yes,No,Fiber optic,No,No,No,No,Yes,Yes,Two Year,Yes,Credit card,92.26,3405.96,No,0,Established (25-48m),2,92.05297297297298,0,1,0,92.05
CUST-04093,Male,No,Yes,No,0,Yes,Yes,Fiber optic,Yes,No,No,Yes,No,Yes,Two Year,No,Electronic check,99.79,0.0,No,0,New (0-12m),3,99.79,1,1,0,99.79
CUST-04094,Male,Yes,Yes,Yes,64,Yes,No,DSL,Yes,Yes,No,No,No,No,Month-To-Month,Yes,Electronic check,66.19,4236.79,No,0,Loyal (49m+),2,66.19984375,0,0,0,66.2
CUST-04095,Female,No,No,No,0,Yes,No,DSL,No,No,Yes,Yes,Yes,No,Month-To-Month,No,Bank transfer,71.84,0.0,No,0,New (0-12m),3,71.84,1,1,0,71.84
CUST-04096,Male,No,No,Yes,59,Yes,Yes,DSL,Yes,No,Yes,No,No,No,Two Year,No,Electronic check,68.06,4015.77,No,0,Loyal (49m+),2,68.06389830508475,0,0,0,68.06
CUST-04097,Male,No,No,Yes,24,Yes,No,Fiber optic,No,Yes,No,No,No,No,Two Year,No,Electronic check,83.81,2016.48,No,0,Mid-term (13-24m),1,84.02,0,0,0,84.02
CUST-04098,Female,No,No,No,9,Yes,No,DSL,No,Yes,Yes,No,Yes,No,One Year,No,Electronic check,70.01,626.13,Yes,0,New (0-12m),3,69.57,0,1,0,69.57
CUST-04099,Female,Yes,No,Yes,49,Yes,No,Fiber optic,Yes,No,Yes,No,No,Yes,Two Year,No,Mailed check,93.99,4604.9,No,0,Loyal (49m+),3,93.97755102040816,0,1,0,93.98
CUST-04100,Female,No,Yes,Yes,11,Yes,Yes,DSL,Yes,No,No,No,No,No,Two Year,Yes,Mailed check,62.77,682.4,No,0,New (0-12m),1,62.03636363636363,0,0,0,62.04
CUST-04101,Female,No,Yes,Yes,31,Yes,Yes,Fiber optic,No,No,Yes,Yes,Yes,No,Month-To-Month,No,Mailed check,101.96,3152.14,No,0,Established (25-48m),3,101.68193548387096,0,1,0,101.68
CUST-04102,Female,No,Yes,No,32,Yes,Yes,DSL,Yes,No,No,No,No,Yes,Month-To-Month,No,Credit card,68.75,2200.68,Yes,0,Established (25-48m),2,68.77125,0,1,0,68.77
CUST-04103,Male,No,Yes,No,71,Yes,Yes,DSL,No,No,Yes,Yes,Yes,Yes,One Year,Yes,Mailed check,77.86,5518.3,No,0,Loyal (49m+),4,77.72253521126761,0,1,0,77.72
CUST-04104,Female,No,Yes,Yes,25,Yes,Yes,Fiber optic,No,No,Yes,Yes,No,No,Month-To-Month,No,Electronic check,94.61,2369.32,Yes,0,Established (25-48m),2,94.7728,0,0,0,94.77
CUST-04105,Male,No,No,Yes,41,Yes,Yes,DSL,Yes,No,No,Yes,Yes,Yes,Two Year,Yes,Mailed check,81.52,3335.16,No,0,Established (25-48m),4,81.34536585365854,0,1,0,81.35
CUST-04106,Male,No,No,No,49,Yes,Yes,DSL,Yes,No,No,Yes,Yes,Yes,Month-To-Month,Yes,Electronic check,78.34,3846.55,Yes,0,Loyal (49m+),4,78.50102040816327,0,1,0,78.5
CUST-04107,Female,No,No,No,60,No,No phone service,No,No internet service,No internet service,No internet service,No internet service,No internet service,No internet service,Two Year,Yes,Credit card,19.8858,1187.81,No,0,Loyal (49m+),0,19.796833333333332,0,0,0,19.8
CUST-04108,Female,No,No,No,40,Yes,Yes,DSL,No,No,Yes,Yes,No,No,Month-To-Month,No,Electronic check,68.43,2731.73,No,0,Established (25-48m),2,68.29325,0,0,0,68.29
CUST-04109,Female,Yes,No,Yes,56,Yes,No,DSL,No,No,Yes,Yes,No,Yes,Month-To-Month,Yes,Credit card,71.59,4003.74,No,0,Loyal (49m+),3,71.49535714285715,0,1,0,71.5
CUST-04110,Male,No,Yes,No,1,Yes,Yes,DSL,Yes,No,Yes,No,Yes,No,Month-To-Month,Yes,Mailed check,75.11,65.84,Yes,0,New (0-12m),3,65.84,1,1,0,65.84
CUST-04111,Female,Yes,Yes,Yes,69,Yes,No,No,No internet service,No internet service,No internet service,No internet service,No internet service,No internet service,One Year,Yes,Credit card,30.39,2106.58,No,0,Loyal (49m+),0,30.53014492753623,0,0,0,30.53
CUST-04112,Female,No,Yes,No,30,Yes,No,DSL,No,No,No,No,Yes,Yes,Month-To-Month,No,Bank transfer,66.24,1978.31,No,0,Established (25-48m),2,65.94366666666666,0,1,0,65.94
CUST-04113,Female,No,No,Yes,22,Yes,Yes,DSL,No,No,No,No,Yes,Yes,One Year,No,Credit card,72.2,1587.99,No,0,Mid-term (13-24m),2,72.18136363636364,0,1,0,72.18
CUST-04114,F,No,No,No,53,Yes,No,DSL,Yes,No,No,No,No,Yes,Month-To-Month,Yes,Bank transfer,63.03,3347.57,No,0,Loyal (49m+),2,63.16169811320755,0,1,0,63.16
CUST-04115,Female,No,No,Yes,27,Yes,Yes,Fiber optic,No,Yes,No,No,No,No,Month-To-Month,No,Mailed check,91.73,2469.91,Yes,0,Established (25-48m),1,91.47814814814814,0,0,0,91.48
CUST-04116,Male,No,No,No,18,No,No phone service,Fiber optic,Yes,No,No,No,No,No,Month-To-Month,Yes,Bank transfer,74.87,1353.08,No,0,Mid-term (13-24m),1,75.1711111111111,0,0,0,75.17
CUST-04117,M,No,Yes,No,47,Yes,No,Fiber optic,No,Yes,Yes,Yes,Yes,Yes,Month-To-Month,Yes,Bank transfer,105.7,4961.28,No,0,Established (25-48m),5,105.5591489361702,0,1,0,105.56
CUST-04118,male,No,No,Yes,1,No,No phone service,No,No internet service,No internet service,No internet service,No internet service,No internet service,No internet service,Month-To-Month,Yes,Credit card,21.76,17.85,No,0,New (0-12m),0,17.85,1,0,0,17.85
CUST-04119,Female,No,Yes,No,10,Yes,Yes,Fiber optic,No,Yes,Yes,No,No,Yes,Two Year,Yes,Electronic check,99.13,986.41,No,0,New (0-12m),3,98.64099999999999,0,1,0,98.64
CUST-04120,Female,No,No,No,43,Yes,No,No,No internet service,No internet service,No internet service,No internet service,No internet service,No internet service,Month-To-Month,No,Electronic check,31.85,1360.49,No,0,Established (25-48m),0,31.639302325581397,0,0,0,31.64
CUST-04121,Female,No,Yes,No,58,Yes,No,Fiber optic,No,Yes,No,No,Yes,No,Two Year,No,Electronic check,90.66,5250.74,No,0,Loyal (49m+),2,90.53,0,1,0,90.53
CUST-04122,M,No,No,No,58,No,No phone service,Fiber optic,No,Yes,No,No,Yes,Yes,Two Year,Yes,Mailed check,83.9,4869.71,No,0,Loyal (49m+),3,83.9605172413793,0,1,0,83.96
CUST-04123,Female,No,No,Yes,37,No,No phone service,DSL,Yes,Yes,Yes,No,Yes,No,Two Year,Yes,Credit card,67.1,2474.42,No,0,Established (25-48m),4,66.87621621621622,0,1,0,66.88
CUST-04124,Female,No,Yes,No,24,Yes,No,Fiber optic,No,No,Yes,Yes,No,No,Month-To-Month,No,Electronic check,87.79,2116.47,No,0,Mid-term (13-24m),2,88.18624999999999,0,0,0,88.19
CUST-04125,Female,No,Yes,No,20,Yes,Yes,Fiber optic,No,No,Yes,Yes,Yes,Yes,Two Year,Yes,Mailed check,105.45,2104.22,No,0,Mid-term (13-24m),4,105.21099999999998,0,1,0,105.21
CUST-04126,Male,No,No,Yes,41,No,No phone service,Fiber optic,No,No,No,No,Yes,No,Month-To-Month,Yes,Bank transfer,72.58,2967.97,Yes,0,Established (25-48m),1,72.38951219512195,0,1,0,72.39
CUST-04127,Female,No,Yes,Yes,35,Yes,Yes,No,No internet service,No internet service,No internet service,No internet service,No internet service,No internet service,Month-To-Month,No,Credit card,32.91,1149.3,No,0,Established (25-48m),0,32.83714285714286,0,0,0,32.84
CUST-04128,Male,No,No,Yes,8,Yes,Yes,DSL,No,No,No,No,Yes,No,Two Year,No,Mailed check,63.0,499.52,Yes,0,New (0-12m),1,62.44,0,1,0,62.44
CUST-04129,Female,No,No,Yes,11,Yes,No,Fiber optic,Yes,No,No,No,No,No,Month-To-Month,Yes,Electronic check,86.97,948.24,No,0,New (0-12m),1,86.20363636363636,0,0,0,86.2
CUST-04130,Male,No,Yes,Yes,9,Yes,Yes,Fiber optic,No,Yes,No,No,No,No,Two Year,Yes,Credit card,90.29,815.74,No,0,New (0-12m),1,90.63777777777779,0,0,0,90.64
CUST-04131,Male,No,No,No,58,Yes,No,DSL,No,No,Yes,No,Yes,No,Month-To-Month,Yes,Electronic check,63.8,3705.95,No,0,Loyal (49m+),2,63.89568965517241,0,1,0,63.9
CUST-04132,Male,No,No,Yes,4,Yes,Yes,Fiber optic,No,No,Yes,No,No,No,Month-To-Month,Yes,Bank transfer,89.45,347.84,Yes,0,New (0-12m),1,86.96,0,0,0,86.96
CUST-04133,Female,No,Yes,No,32,Yes,Yes,Fiber optic,Yes,No,No,No,No,No,Month-To-Month,No,Electronic check,91.69,2935.52,Yes,0,Established (25-48m),1,91.735,0,0,0,91.74
CUST-04134,male,No,No,Yes,68,Yes,Yes,No,No internet service,No internet service,No internet service,No internet service,No internet service,No internet service,Month-To-Month,Yes,Electronic check,35.35,2406.71,No,0,Loyal (49m+),0,35.39279411764706,0,0,0,35.39
CUST-04135,Male,No,No,No,62,Yes,No,Fiber optic,Yes,No,No,Yes,No,Yes,One Year,No,Credit card,92.66,5754.59,No,0,Loyal (49m+),3,92.81596774193548,0,1,0,92.82
CUST-04136,Male,No,No,No,28,Yes,No,No,No internet service,No internet service,No internet service,No internet service,No internet service,No internet service,Month-To-Month,Yes,Bank transfer,31.86,895.29,No,0,Established (25-48m),0,31.974642857142857,0,0,0,31.97
CUST-04137,Female,Yes,No,No,17,Yes,No,Fiber optic,Yes,No,No,No,No,No,Month-To-Month,Yes,Mailed check,85.19,1444.21,Yes,0,Mid-term (13-24m),1,84.9535294117647,0,0,0,84.95
CUST-04138,Female,No,Yes,Yes,5,No,No phone service,Fiber optic,No,No,Yes,No,No,Yes,Month-To-Month,Yes,Bank transfer,78.48,395.79,No,0,New (0-12m),2,79.158,0,1,0,79.16
CUST-04139,Male,No,Yes,Yes,52,Yes,Yes,Fiber optic,No,No,Yes,No,No,No,Month-To-Month,Yes,Electronic check,91.08,4731.7,No,0,Loyal (49m+),1,90.99423076923077,0,0,0,90.99
CUST-04140,Female,No,Yes,No,31,Yes,No,DSL,Yes,No,No,Yes,No,No,Month-To-Month,Yes,Electronic check,65.17,2013.06,Yes,0,Established (25-48m),2,64.93741935483871,0,0,0,64.94
CUST-04141,Female,No,No,No,41,Yes,Yes,Fiber optic,No,No,Yes,Yes,No,Yes,Month-To-Month,No,Bank transfer,98.45,4041.28,No,0,Established (25-48m),3,98.56780487804879,0,1,0,98.57
CUST-04142,Female,No,Yes,Yes,46,Yes,No,Fiber optic,Yes,No,No,Yes,No,No,Month-To-Month,No,Bank transfer,90.75,4174.18,Yes,0,Established (25-48m),2,90.74304347826087,0,0,0,90.74
CUST-04143,male,No,Yes,Yes,30,Yes,Yes,No,No internet service,No internet service,No internet service,No internet service,No internet service,No internet service,Month-To-Month,No,Credit card,35.71,1080.34,Yes,0,Established (25-48m),0,36.01133333333333,0,0,0,36.01
CUST-04144,Male,Yes,Yes,No,61,Yes,No,Fiber optic,No,No,No,Yes,No,Yes,One Year,No,Electronic check,92.27,5619.71,No,0,Loyal (49m+),2,92.12639344262296,0,1,0,92.13
CUST-04145,Female,No,No,Yes,55,Yes,Yes,Fiber optic,No,No,No,Yes,Yes,No,One Year,No,Bank transfer,93.82,5159.69,No,0,Loyal (49m+),2,93.81254545454544,0,1,0,93.81
CUST-04146,Female,No,Yes,Yes,10,Yes,Yes,DSL,No,Yes,Yes,No,No,No,Month-To-Month,No,Mailed check,70.24,697.42,Yes,0,New (0-12m),2,69.74199999999999,0,0,0,69.74
CUST-04147,Male,Yes,Yes,Yes,25,Yes,No,Fiber optic,Yes,Yes,No,Yes,No,Yes,One Year,Yes,Electronic check,99.11,2477.85,No,0,Established (25-48m),4,99.11399999999999,0,1,0,99.11
CUST-04148,Male,Yes,No,Yes,26,Yes,No,No,No internet service,No internet service,No internet service,No internet service,No internet service,No internet service,One Year,No,Mailed check,28.99,744.59,No,0,Established (25-48m),0,28.638076923076923,0,0,0,28.64
CUST-04149,Female,No,No,Yes,56,Yes,Yes,DSL,No,Yes,Yes,No,Yes,No,Month-To-Month,Yes,Credit card,75.03,4192.49,No,0,Loyal (49m+),3,74.86589285714285,0,1,0,74.87
CUST-04150,Female,Yes,No,Yes,26,Yes,Yes,DSL,Yes,No,No,Yes,No,Yes,Month-To-Month,Yes,Electronic check,76.07,1978.54,No,0,Established (25-48m),3,76.09769230769231,0,1,0,76.1
CUST-04151,Female,No,No,No,58,Yes,No,Fiber optic,Yes,No,No,No,No,No,Month-To-Month,No,Electronic check,85.52,4957.22,Yes,0,Loyal (49m+),1,85.46931034482759,0,0,0,85.47
CUST-04152,Female,Yes,No,No,61,Yes,Yes,DSL,Yes,No,Yes,No,No,Yes,Month-To-Month,No,Bank transfer,73.09,4448.95,No,0,Loyal (49m+),3,72.93360655737705,0,1,0,72.93
CUST-04153,Male,No,No,No,19,Yes,No,Fiber optic,No,No,Yes,No,No,Yes,Month-To-Month,Yes,Electronic check,92.11,1752.26,Yes,0,Mid-term (13-24m),2,92.22421052631579,0,1,0,92.22
CUST-04154,Male,No,Yes,No,2,Yes,Yes,Fiber optic,No,No,No,No,No,Yes,Month-To-Month,Yes,Credit card,91.04,180.96,Yes,0,New (0-12m),1,90.48,1,1,0,90.48
CUST-04155,Male,No,Yes,No,15,Yes,No,Fiber optic,Yes,Yes,No,No,Yes,Yes,One Year,Yes,Electronic check,100.4,1515.54,No,0,Mid-term (13-24m),4,101.036,0,1,0,101.04
CUST-04156,Female,No,No,No,43,Yes,No,DSL,Yes,No,No,No,Yes,No,Two Year,Yes,Bank transfer,63.22,2725.11,No,0,Established (25-48m),2,63.3746511627907,0,1,0,63.37
CUST-04157,Female,No,No,Yes,29,Yes,No,Fiber optic,Yes,Yes,Yes,Yes,Yes,No,Month-To-Month,Yes,Mailed check,103.17,2996.53,No,0,Established (25-48m),5,103.32862068965518,0,1,0,103.33
CUST-04158,Female,No,Yes,Yes,39,Yes,Yes,DSL,No,Yes,No,No,No,No,One Year,No,Electronic check,63.97,2494.41,No,0,Established (25-48m),1,63.959230769230764,0,0,0,63.96
CUST-04159,Female,No,No,No,64,Yes,No,DSL,Yes,No,No,No,No,Yes,Two Year,Yes,Credit card,67.12,4295.38,No,0,Loyal (49m+),2,67.1153125,0,1,0,67.12
CUST-04160,Male,No,No,No,28,Yes,No,Fiber optic,Yes,No,No,No,No,No,Month-To-Month,Yes,Electronic check,83.23,2339.24,No,0,Established (25-48m),1,83.5442857142857,0,0,0,83.54
CUST-04161,Male,No,Yes,No,29,Yes,No,DSL,Yes,No,No,No,Yes,No,Two Year,No,Electronic check,65.77,1911.96,No,0,Established (25-48m),2,65.92965517241379,0,1,0,65.93
CUST-04162,Female,No,No,Yes,31,Yes,No,Fiber optic,No,No,No,Yes,No,No,Month-To-Month,Yes,Electronic check,85.72,2649.12,No,0,Established (25-48m),1,85.45548387096774,0,0,0,85.46
CUST-04163,Male,No,No,Yes,9,Yes,No,Fiber optic,No,No,No,No,No,No,Two Year,No,Mailed check,77.96,700.36,No,0,New (0-12m),0,77.81777777777778,0,0,0,77.82
CUST-04164,Female,No,Yes,Yes,50,Yes,Yes,DSL,No,No,No,No,Yes,Yes,Month-To-Month,Yes,Electronic check,71.04,3550.36,No,0,Loyal (49m+),2,71.0072,0,1,0,71.01
CUST-04165,Female,Yes,Yes,Yes,7,Yes,Yes,Fiber optic,Yes,Yes,No,Yes,No,No,Month-To-Month,No,Mailed check,99.88,691.41,Yes,0,New (0-12m),3,98.77285714285713,0,0,0,98.77
CUST-04166,M,No,Yes,No,50,Yes,Yes,DSL,No,No,Yes,Yes,Yes,No,One Year,Yes,Mailed check,75.0,3756.91,No,0,Loyal (49m+),3,75.1382,0,1,0,75.14
CUST-04167,Female,No,Yes,No,35,Yes,No,Fiber optic,Yes,No,No,Yes,No,Yes,Two Year,Yes,Mailed check,92.53,3234.18,No,0,Established (25-48m),3,92.40514285714285,0,1,0,92.41
CUST-04168,Female,No,Yes,No,54,Yes,Yes,Fiber optic,Yes,No,Yes,Yes,No,No,Month-To-Month,Yes,Electronic check,101.98,5504.39,No,0,Loyal (49m+),3,101.93314814814815,0,0,0,101.93
CUST-04169,Male,No,No,No,34,No,No phone service,DSL,No,No,No,No,No,No,Two Year,No,Mailed check,45.55,1558.29,No,0,Established (25-48m),0,45.83205882352941,0,0,0,45.83
CUST-04170,F,No,No,Yes,35,Yes,Yes,DSL,No,No,No,Yes,No,No,One Year,Yes,Electronic check,65.52,2296.84,No,0,Established (25-48m),1,65.62400000000001,0,0,0,65.62
CUST-04171,Female,No,No,Yes,55,Yes,Yes,No,No internet service,No internet service,No internet service,No internet service,No internet service,No internet service,Month-To-Month,Yes,Bank transfer,34.45,1900.87,Yes,0,Loyal (49m+),0,34.56127272727272,0,0,0,34.56
CUST-04172,Male,No,No,No,35,Yes,Yes,Fiber optic,No,No,Yes,No,No,No,Month-To-Month,No,Bank transfer,91.01,3177.46,Yes,0,Established (25-48m),1,90.78457142857143,0,0,0,90.78
CUST-04173,Female,No,No,Yes,60,Yes,Yes,No,No internet service,No internet service,No internet service,No internet service,No internet service,No internet service,Month-To-Month,Yes,Electronic check,36.67,2201.0,No,0,Loyal (49m+),0,36.68333333333333,0,0,0,36.68
CUST-04174,Male,No,Yes,Yes,61,Yes,No,Fiber optic,No,No,Yes,Yes,No,Yes,Month-To-Month,No,Electronic check,94.98,5798.09,No,0,Loyal (49m+),3,95.05065573770491,0,1,0,95.05
CUST-04175,Female,No,No,Yes,24,Yes,Yes,Fiber optic,Yes,No,No,No,Yes,Yes,Two Year,No,Electronic check,100.23,2411.79,No,0,Mid-term (13-24m),3,100.49125,0,1,0,100.49
CUST-04176,Male,Yes,No,Yes,63,Yes,Yes,DSL,No,No,Yes,No,No,Yes,Two Year,No,Mailed check,68.54,4325.72,No,0,Loyal (49m+),2,68.66222222222223,0,1,0,68.66
CUST-04177,Male,No,No,No,59,Yes,No,Fiber optic,No,No,Yes,No,No,No,One Year,No,Mailed check,84.27,4963.73,No,0,Loyal (49m+),1,84.13101694915254,0,0,0,84.13
CUST-04178,Male,No,No,Yes,56,Yes,Yes,Fiber optic,Yes,No,No,No,Yes,No,Two Year,Yes,Mailed check,94.84,5315.83,No,0,Loyal (49m+),2,94.92553571428572,0,1,0,94.93
CUST-04179,Female,No,No,No,69,Yes,Yes,No,No internet service,No internet service,No internet service,No internet service,No internet service,No internet service,Month-To-Month,No,Credit card,35.81,2462.85,No,0,Loyal (49m+),0,35.69347826086956,0,0,0,35.69
CUST-04180,Male,No,Yes,Yes,51,Yes,No,DSL,No,No,Yes,Yes,No,No,Month-To-Month,No,Mailed check,67.16,3423.24,No,0,Loyal (49m+),2,67.12235294117647,0,0,0,67.12
CUST-04181,Male,No,No,Yes,55,No,No phone service,Fiber optic,Yes,No,No,No,No,Yes,Two Year,Yes,Bank transfer,78.19,4299.37,No,0,Loyal (49m+),2,78.17036363636363,0,1,0,78.17
CUST-04182,Male,No,No,No,62,Yes,Yes,Fiber optic,Yes,Yes,No,Yes,No,No,Two Year,Yes,Electronic check,100.15,6205.03,No,0,Loyal (49m+),3,100.08112903225806,0,0,0,100.08
CUST-04183,Male,Yes,No,No,67,Yes,No,Fiber optic,No,No,Yes,No,No,No,Month-To-Month,Yes,Electronic check,85.55,5739.12,No,0,Loyal (49m+),1,85.65850746268657,0,0,0,85.66
CUST-04184,Male,No,No,Yes,19,Yes,No,Fiber optic,No,Yes,Yes,No,No,Yes,Month-To-Month,Yes,Electronic check,96.63,1837.7,Yes,0,Mid-term (13-24m),3,96.72105263157896,0,1,0,96.72
CUST-04185,Female,No,No,Yes,53,Yes,Yes,No,No internet service,No internet service,No internet service,No internet service,No internet service,No internet service,Two Year,No,Electronic check,36.72,1938.97,No,0,Loyal (49m+),0,36.58433962264151,0,0,0,36.58
CUST-04186,Female,No,No,No,0,Yes,Yes,No,No internet service,No internet service,No internet service,No internet service,No internet service,No internet service,Month-To-Month,No,Electronic check,35.8,0.0,Yes,0,New (0-12m),0,35.8,1,0,0,35.8
CUST-04187,Female,No,Yes,Yes,9,Yes,Yes,DSL,No,No,No,No,No,No,Month-To-Month,No,Bank transfer,58.47,517.81,Yes,0,New (0-12m),0,57.53444444444444,0,0,0,57.53
CUST-04188,Female,No,No,Yes,22,Yes,No,Fiber optic,Yes,No,No,Yes,No,No,One Year,Yes,Bank transfer,91.4,2010.69,No,0,Mid-term (13-24m),2,91.395,0,0,0,91.4
CUST-04189,Female,No,Yes,No,50,Yes,No,Fiber optic,No,No,No,No,No,Yes,Two Year,Yes,Electronic check,85.39,4266.6,No,0,Loyal (49m+),1,85.33200000000001,0,1,0,85.33
CUST-04190,Female,No,Yes,Yes,23,Yes,Yes,Fiber optic,No,Yes,No,Yes,No,No,Two Year,No,Bank transfer,97.31,2234.57,No,0,Mid-term (13-24m),2,97.15521739130436,0,0,0,97.16
CUST-04191,Female,No,No,Yes,12,Yes,No,DSL,Yes,No,No,No,Yes,No,Month-To-Month,Yes,Electronic check,67.27,814.1,No,0,New (0-12m),2,67.84166666666667,0,1,0,67.84
CUST-04192,Male,No,No,Yes,28,Yes,No,DSL,No,Yes,Yes,No,Yes,Yes,Month-To-Month,No,Mailed check,75.26,2114.27,No,0,Established (25-48m),4,75.50964285714285,0,1,0,75.51
CUST-04193,Female,No,No,Yes,57,Yes,Yes,No,No internet service,No internet service,No internet service,No internet service,No internet service,No internet service,One Year,No,Bank transfer,37.22,2125.13,No,0,Loyal (49m+),0,37.28298245614035,0,0,0,37.28
CUST-04194,Male,No,Yes,Yes,42,Yes,No,Fiber optic,No,Yes,No,No,No,No,Month-To-Month,No,Bank transfer,82.63,3478.85,No,0,Established (25-48m),1,82.82976190476191,0,0,0,82.83
CUST-04195,Male,No,No,No,9,Yes,No,Fiber optic,No,No,Yes,No,Yes,No,Two Year,Yes,Electronic check,92.08,831.81,No,0,New (0-12m),2,92.42333333333333,0,1,0,92.42
CUST-04196,Female,No,No,Yes,30,Yes,No,Fiber optic,Yes,No,No,No,No,No,Month-To-Month,Yes,Electronic check,87.32,2621.98,No,0,Established (25-48m),1,87.39933333333333,0,0,0,87.4
CUST-04197,Male,No,No,No,13,Yes,No,DSL,No,Yes,Yes,No,Yes,Yes,One Year,Yes,Mailed check,77.4,998.07,Yes,0,Mid-term (13-24m),4,76.77461538461539,0,1,0,76.77
CUST-04198,Male,No,Yes,No,33,Yes,Yes,Fiber optic,Yes,No,No,No,No,No,Two Year,Yes,Electronic check,91.39,3006.08,No,0,Established (25-48m),1,91.09333333333333,0,0,0,91.09
CUST-04199,Male,No,Yes,Yes,16,Yes,No,Fiber optic,Yes,No,No,No,Yes,No,Month-To-Month,No,Credit card,88.4,1408.6,No,0,Mid-term (13-24m),2,88.0375,0,1,0,88.04
CUST-04200,Male,No,No,No,20,Yes,Yes,Fiber optic,Yes,No,No,No,No,Yes,Two Year,Yes,Electronic check,97.37,1953.14,Yes,0,Mid-term (13-24m),2,97.65700000000001,0,1,0,97.66
CUST-04201,Female,No,Yes,Yes,66,Yes,Yes,DSL,No,Yes,No,No,Yes,Yes,Month-To-Month,Yes,Credit card,74.64,4934.82,No,0,Loyal (49m+),3,74.77,0,1,0,74.77
CUST-04202,Female,No,No,No,57,Yes,Yes,No,No internet service,No internet service,No internet service,No internet service,No internet service,No internet service,Month-To-Month,No,Credit card,34.86,1981.61,No,0,Loyal (49m+),0,34.76508771929824,0,0,0,34.77
CUST-04203,Female,No,Yes,No,7,Yes,Yes,DSL,No,Yes,No,No,No,No,Month-To-Month,Yes,Mailed check,62.58,431.43,No,0,New (0-12m),1,61.63285714285714,0,0,0,61.63
CUST-04204,Female,No,No,No,37,No,No phone service,DSL,No,Yes,No,No,No,Yes,Two Year,No,Electronic check,54.22,2012.85,Yes,0,Established (25-48m),2,54.40135135135135,0,1,0,54.4
CUST-04205,Female,No,Yes,Yes,25,Yes,Yes,Fiber optic,No,No,No,Yes,Yes,Yes,Two Year,Yes,Bank transfer,98.79,2467.34,No,0,Established (25-48m),3,98.6936,0,1,0,98.69
CUST-04206,Female,No,No,No,63,Yes,Yes,Fiber optic,No,No,No,No,No,Yes,Month-To-Month,No,Electronic check,89.75,5663.81,No,0,Loyal (49m+),1,89.90174603174604,0,1,0,89.9
CUST-04207,Female,Yes,No,No,29,Yes,No,Fiber optic,No,No,No,No,No,No,Month-To-Month,No,Mailed check,78.85,2295.87,No,0,Established (25-48m),0,79.16793103448275,0,0,0,79.17
CUST-04208,Female,No,Yes,No,8,Yes,No,Fiber optic,No,No,No,No,Yes,No,Two Year,No,Electronic check,84.74,674.61,No,0,New (0-12m),1,84.32625,0,1,0,84.33
CUST-04209,F,No,Yes,Yes,31,Yes,No,Fiber optic,Yes,No,No,Yes,No,Yes,Month-To-Month,Yes,Mailed check,93.24,2891.64,Yes,0,Established (25-48m),3,93.27870967741936,0,1,0,93.28
CUST-04210,Female,Yes,Yes,Yes,10,Yes,Yes,DSL,Yes,Yes,No,No,Yes,Yes,One Year,Yes,Electronic check,82.26,826.19,Yes,0,New (0-12m),4,82.619,0,1,0,82.62
CUST-04211,Male,No,Yes,No,33,Yes,Yes,No,No internet service,No internet service,No internet service,No internet service,No internet service,No internet service,One Year,No,Electronic check,35.82,1184.86,Yes,0,Established (25-48m),0,35.90484848484848,0,0,0,35.9
CUST-04212,Female,No,Yes,No,17,No,No phone service,DSL,Yes,No,No,No,No,No,Two Year,No,Bank transfer,52.44,900.99,No,0,Mid-term (13-24m),1,52.99941176470588,0,0,0,53.0
CUST-04213,Male,No,No,No,18,No,No phone service,DSL,Yes,Yes,No,Yes,Yes,Yes,One Year,No,Credit card,67.52,1212.54,No,0,Mid-term (13-24m),5,67.36333333333333,0,1,0,67.36
CUST-04214,Male,No,No,No,53,Yes,Yes,DSL,No,No,Yes,No,Yes,Yes,Month-To-Month,Yes,Electronic check,76.68,4068.56,Yes,0,Loyal (49m+),3,76.76528301886792,0,1,0,76.77
CUST-04215,Male,Yes,Yes,Yes,36,Yes,No,Fiber optic,No,No,Yes,Yes,No,Yes,Two Year,Yes,Mailed check,92.92,3346.74,Yes,0,Established (25-48m),3,92.96499999999999,0,1,0,92.96
CUST-04216,male,No,No,Yes,11,Yes,No,DSL,No,Yes,No,No,Yes,Yes,Month-To-Month,No,Mailed check,71.37,785.48,Yes,0,New (0-12m),3,71.40727272727273,0,1,0,71.41
CUST-04217,male,No,No,Yes,3,Yes,Yes,DSL,No,No,No,Yes,Yes,No,Month-To-Month,Yes,Electronic check,72.11,209.3,Yes,0,New (0-12m),2,69.76666666666667,1,1,0,69.77
CUST-04218,Male,No,Yes,No,42,Yes,No,Fiber optic,Yes,Yes,No,Yes,Yes,No,Month-To-Month,Yes,Bank transfer,98.2,4129.47,Yes,0,Established (25-48m),4,98.32071428571429,0,1,0,98.32
CUST-04219,Female,No,No,Yes,26,Yes,No,DSL,Yes,No,Yes,Yes,No,No,Month-To-Month,Yes,Bank transfer,72.28,1877.23,No,0,Established (25-48m),3,72.20115384615384,0,0,0,72.2
CUST-04220,Female,No,No,No,50,No,No phone service,DSL,No,No,No,No,Yes,No,One Year,No,Electronic check,49.68,2476.59,No,0,Loyal (49m+),1,49.531800000000004,0,1,0,49.53
CUST-04221,Male,No,Yes,No,4,Yes,No,DSL,Yes,No,No,No,No,No,Month-To-Month,Yes,Bank transfer,59.22,227.11,No,0,New (0-12m),1,56.7775,0,0,0,56.78
CUST-04222,male,No,Yes,No,5,Yes,No,Fiber optic,No,No,No,No,No,No,One Year,Yes,Bank transfer,81.48,400.37,No,0,New (0-12m),0,80.074,0,0,0,80.07
CUST-04223,Male,No,No,Yes,55,Yes,No,No,No internet service,No internet service,No internet service,No internet service,No internet service,No internet service,Month-To-Month,Yes,Electronic check,31.77,1751.16,No,0,Loyal (49m+),0,31.83927272727273,0,0,0,31.84
CUST-04224,Male,No,Yes,No,67,Yes,Yes,DSL,Yes,No,No,Yes,Yes,No,Two Year,Yes,Bank transfer,76.68,5142.54,No,0,Loyal (49m+),3,76.75432835820895,0,1,0,76.75
CUST-04225,Female,No,No,Yes,43,Yes,Yes,Fiber optic,Yes,No,Yes,No,No,No,Month-To-Month,No,Mailed check,95.62,4102.58,No,0,Established (25-48m),2,95.40883720930232,0,0,0,95.41
CUST-04226,Female,No,Yes,No,14,Yes,No,No,No internet service,No internet service,No internet service,No internet service,No internet service,No internet service,One Year,Yes,Bank transfer,28.98,398.82,No,0,Mid-term (13-24m),0,28.487142857142857,0,0,0,28.49
CUST-04227,Male,No,Yes,Yes,41,Yes,Yes,DSL,No,No,No,No,No,No,One Year,Yes,Mailed check,58.88,2424.06,No,0,Established (25-48m),0,59.12341463414634,0,0,0,59.12
CUST-04228,Female,No,Yes,No,10,Yes,No,No,No internet service,No internet service,No internet service,No internet service,No internet service,No internet service,Month-To-Month,Yes,Electronic check,28.64,284.68,No,0,New (0-12m),0,28.468,0,0,0,28.47
CUST-04229,Female,Yes,Yes,Yes,72,Yes,Yes,No,No internet service,No internet service,No internet service,No internet service,No internet service,No internet service,Two Year,Yes,Bank transfer,33.23,2400.46,No,0,Loyal (49m+),0,33.33972222222222,0,0,0,33.34
CUST-04230,Female,No,No,No,10,Yes,No,DSL,Yes,No,No,Yes,Yes,No,Month-To-Month,Yes,Mailed check,69.46,692.74,No,0,New (0-12m),3,69.274,0,1,0,69.27
CUST-04231,Male,No,Yes,Yes,65,Yes,Yes,DSL,Yes,No,No,Yes,Yes,Yes,One Year,No,Bank transfer,81.78,5316.28,No,0,Loyal (49m+),4,81.78892307692307,0,1,0,81.79
CUST-04232,Male,No,Yes,No,26,Yes,No,No,No internet service,No internet service,No internet service,No internet service,No internet service,No internet service,Two Year,No,Electronic check,32.48,851.99,No,0,Established (25-48m),0,32.768846153846155,0,0,0,32.77
CUST-04233,Female,Yes,No,No,57,Yes,No,DSL,Yes,No,No,No,No,Yes,One Year,Yes,Bank transfer,65.97,3770.09,No,0,Loyal (49m+),2,66.1419298245614,0,1,0,66.14
CUST-04234,Female,No,No,No,71,Yes,No,DSL,Yes,No,Yes,No,No,No,Month-To-Month,Yes,Electronic check,63.28,4484.3,No,0,Loyal (49m+),2,63.15915492957747,0,0,0,63.16
CUST-04235,Female,No,No,Yes,20,Yes,Yes,Fiber optic,No,No,No,Yes,Yes,Yes,Two Year,Yes,Bank transfer,100.87,2020.04,Yes,0,Mid-term (13-24m),3,101.002,0,1,0,101.0
CUST-04236,Female,No,No,No,20,Yes,Yes,DSL,No,No,No,No,No,Yes,Month-To-Month,No,Mailed check,63.88,1276.97,No,0,Mid-term (13-24m),1,63.8485,0,1,0,63.85
CUST-04237,Female,Yes,Yes,No,71,Yes,Yes,No,No internet service,No internet service,No internet service,No internet service,No internet service,No internet service,Month-To-Month,Yes,Mailed check,36.09,2563.17,No,0,Loyal (49m+),0,36.100985915492956,0,0,0,36.1
CUST-04238,M,No,No,No,0,Yes,No,DSL,No,Yes,Yes,No,Yes,No,Two Year,Yes,Electronic check,68.68,0.0,No,0,New (0-12m),3,68.68,1,1,0,68.68
CUST-04239,Female,No,Yes,Yes,57,Yes,Yes,DSL,No,No,No,No,Yes,Yes,Two Year,No,Credit card,68.32,3902.13,No,0,Loyal (49m+),2,68.45842105263158,0,1,0,68.46
CUST-04240,Male,Yes,No,No,12,Yes,Yes,Fiber optic,No,No,Yes,No,Yes,Yes,Month-To-Month,Yes,Mailed check,100.67,1203.78,No,0,New (0-12m),3,100.315,0,1,0,100.32
CUST-04241,Female,No,Yes,No,72,Yes,No,No,No internet service,No internet service,No internet service,No internet service,No internet service,No internet service,Month-To-Month,Yes,Credit card,30.93,2219.75,No,0,Loyal (49m+),0,30.82986111111111,0,0,0,30.83
CUST-04242,Male,No,No,Yes,5,Yes,No,No,No internet service,No internet service,No internet service,No internet service,No internet service,No internet service,Two Year,Yes,Mailed check,28.42,146.28,No,0,New (0-12m),0,29.256,0,0,0,29.26
CUST-04243,Female,No,Yes,No,57,Yes,Yes,Fiber optic,Yes,No,No,No,No,No,Month-To-Month,Yes,Bank transfer,90.06,5143.03,Yes,0,Loyal (49m+),1,90.22859649122806,0,0,0,90.23
CUST-04244,Male,Yes,Yes,Yes,16,Yes,No,No,No internet service,No internet service,No internet service,No internet service,No internet service,No internet service,Month-To-Month,No,Bank transfer,31.9,505.21,No,0,Mid-term (13-24m),0,31.575625,0,0,0,31.58
CUST-04245,Female,No,No,No,72,Yes,Yes,Fiber optic,Yes,No,Yes,No,No,No,Two Year,No,Bank transfer,95.92,6905.62,No,0,Loyal (49m+),2,95.9113888888889,0,0,0,95.91
CUST-04246,Male,Yes,Yes,Yes,11,Yes,No,Fiber optic,Yes,No,No,No,Yes,No,One Year,Yes,Bank transfer,90.88,990.98,Yes,0,New (0-12m),2,90.08909090909091,0,1,0,90.09
CUST-04247,Male,No,Yes,Yes,51,No,No phone service,Fiber optic,No,No,No,Yes,No,Yes,Month-To-Month,Yes,Electronic check,106.22660000000005,4133.79,No,0,Loyal (49m+),2,81.05470588235293,0,1,0,81.05
CUST-04248,Male,No,Yes,Yes,69,Yes,Yes,No,No internet service,No internet service,No internet service,No internet service,No internet service,No internet service,One Year,Yes,Mailed check,34.25,2369.37,No,0,Loyal (49m+),0,34.33869565217391,0,0,0,34.34
CUST-04249,Male,Yes,Yes,No,72,Yes,No,Fiber optic,No,Yes,Yes,Yes,No,Yes,Month-To-Month,Yes,Mailed check,98.53,7101.79,Yes,0,Loyal (49m+),4,98.63597222222222,0,1,0,98.64
CUST-04250,Male,No,No,No,51,No,No phone service,DSL,No,No,No,No,No,No,Month-To-Month,Yes,Electronic check,46.17,2349.36,Yes,0,Loyal (49m+),0,46.06588235294118,0,0,0,46.07
CUST-04251,Male,No,Yes,Yes,36,Yes,No,DSL,No,No,No,No,No,No,Month-To-Month,No,Mailed check,56.56,2037.11,No,0,Established (25-48m),0,56.586388888888884,0,0,0,56.59
CUST-04252,Female,No,Yes,No,2,Yes,No,No,No internet service,No internet service,No internet service,No internet service,No internet service,No internet service,Two Year,Yes,Mailed check,31.98,69.66,Yes,0,New (0-12m),0,34.83,1,0,0,34.83
CUST-04253,Male,No,No,No,7,Yes,No,No,No internet service,No internet service,No internet service,No internet service,No internet service,No internet service,Two Year,Yes,Electronic check,31.48,210.73,No,0,New (0-12m),0,30.104285714285712,0,0,0,30.1
CUST-04254,Female,No,No,Yes,9,Yes,No,DSL,No,No,Yes,Yes,No,No,One Year,Yes,Electronic check,64.23,572.32,No,0,New (0-12m),2,63.59111111111112,0,0,0,63.59
CUST-04255,Female,No,No,Yes,46,Yes,No,Fiber optic,No,No,No,Yes,Yes,Yes,Month-To-Month,Yes,Bank transfer,94.83,4352.93,No,0,Established (25-48m),3,94.62891304347826,0,1,0,94.63
CUST-04256,Female,No,Yes,Yes,40,Yes,No,No,No internet service,No internet service,No internet service,No internet service,No internet service,No internet service,One Year,Yes,Electronic check,31.4,1248.54,Yes,0,Established (25-48m),0,31.2135,0,0,0,31.21
CUST-04257,Female,No,Yes,Yes,63,Yes,No,DSL,Yes,No,No,No,No,No,Month-To-Month,Yes,Electronic check,60.19,3785.52,No,0,Loyal (49m+),1,60.08761904761905,0,0,0,60.09
CUST-04258,Female,No,No,No,41,Yes,No,DSL,No,No,No,Yes,No,No,Month-To-Month,No,Bank transfer,60.29,2462.48,No,0,Established (25-48m),1,60.06048780487805,0,0,0,60.06
CUST-04259,Male,Yes,Yes,No,42,Yes,No,Fiber optic,No,No,No,No,Yes,No,Two Year,Yes,Electronic check,87.21,3661.58,No,0,Established (25-48m),1,87.18047619047618,0,1,0,87.18
CUST-04260,Male,No,No,No,8,Yes,No,DSL,No,No,No,No,Yes,Yes,Month-To-Month,No,Mailed check,67.29,536.57,No,0,New (0-12m),2,67.07125,0,1,0,67.07
CUST-04261,Male,No,Yes,No,13,No,No phone service,Fiber optic,No,No,No,Yes,No,Yes,One Year,Yes,Electronic check,81.31,1052.86,Yes,0,Mid-term (13-24m),2,80.98923076923076,0,1,0,80.99
CUST-04262,Female,No,No,No,3,Yes,No,DSL,Yes,No,No,No,No,Yes,Two Year,Yes,Credit card,66.55,196.01,No,0,New (0-12m),2,65.33666666666666,1,1,0,65.34
CUST-04263,Male,No,Yes,No,1,Yes,No,Fiber optic,No,No,No,No,No,No,Month-To-Month,No,Electronic check,78.82,79.56,No,0,New (0-12m),0,79.56,1,0,0,79.56
CUST-04264,Male,No,No,Yes,0,Yes,No,DSL,No,No,Yes,No,Yes,Yes,One Year,No,Electronic check,70.47,0.0,No,0,New (0-12m),3,70.47,1,1,0,70.47
CUST-04265,Male,No,Yes,No,64,Yes,Yes,DSL,No,Yes,No,No,Yes,Yes,One Year,No,Mailed check,74.89,4802.46,No,0,Loyal (49m+),3,75.0384375,0,1,0,75.04
CUST-04266,Male,Yes,No,No,45,Yes,Yes,DSL,No,No,No,No,No,No,Month-To-Month,Yes,Electronic check,57.71,2603.29,Yes,0,Established (25-48m),0,57.85088888888889,0,0,0,57.85
CUST-04267,Male,Yes,Yes,No,58,Yes,Yes,DSL,No,Yes,Yes,No,No,No,One Year,No,Bank transfer,71.92,4169.16,No,0,Loyal (49m+),2,71.88206896551723,0,0,0,71.88
CUST-04268,Female,No,Yes,Yes,6,Yes,Yes,DSL,No,No,Yes,No,Yes,No,One Year,No,Bank transfer,68.98,421.39,No,0,New (0-12m),2,70.23166666666667,0,1,0,70.23
CUST-04269,Male,Yes,Yes,Yes,65,No,No phone service,DSL,Yes,No,Yes,No,No,Yes,Month-To-Month,Yes,Bank transfer,62.16,4046.88,No,0,Loyal (49m+),3,62.25969230769231,0,1,0,62.26
CUST-04270,Female,No,No,No,14,Yes,No,Fiber optic,No,Yes,No,Yes,No,No,Month-To-Month,No,Mailed check,90.68,1277.76,Yes,0,Mid-term (13-24m),2,91.26857142857143,0,0,0,91.27
CUST-04271,Female,No,Yes,Yes,71,Yes,No,DSL,No,No,Yes,Yes,No,Yes,Two Year,Yes,Credit card,71.57,5072.78,No,0,Loyal (49m+),3,71.44760563380281,0,1,0,71.45
CUST-04272,Female,Yes,Yes,Yes,46,Yes,Yes,DSL,No,Yes,No,No,Yes,Yes,One Year,Yes,Mailed check,74.79,3437.41,No,0,Established (25-48m),3,74.72630434782609,0,1,0,74.73
CUST-04273,Female,No,Yes,No,39,Yes,No,Fiber optic,No,Yes,Yes,Yes,No,Yes,Month-To-Month,No,Electronic check,98.44,3830.09,No,0,Established (25-48m),4,98.2074358974359,0,1,0,98.21
CUST-04274,Female,No,No,No,41,Yes,Yes,No,No internet service,No internet service,No internet service,No internet service,No internet service,No internet service,Month-To-Month,No,Electronic check,36.87,1508.1,No,0,Established (25-48m),0,36.78292682926829,0,0,0,36.78
CUST-04275,Male,No,Yes,No,50,Yes,Yes,Fiber optic,No,No,No,No,Yes,Yes,One Year,Yes,Bank transfer,96.41,4816.11,No,0,Loyal (49m+),2,96.3222,0,1,0,96.32
CUST-04276,Male,No,No,Yes,34,Yes,Yes,Fiber optic,No,Yes,Yes,No,No,No,Month-To-Month,No,Credit card,96.27,3281.39,No,0,Established (25-48m),2,96.51147058823528,0,0,0,96.51
CUST-04277,Male,No,Yes,Yes,40,Yes,No,No,No internet service,No internet service,No internet service,No internet service,No internet service,No internet service,Month-To-Month,No,Electronic check,28.56,1151.3,No,0,Established (25-48m),0,28.7825,0,0,0,28.78
CUST-04278,Female,No,No,No,56,Yes,No,DSL,No,Yes,No,Yes,Yes,Yes,Two Year,No,Credit card,75.11,4210.06,No,0,Loyal (49m+),4,75.17964285714287,0,1,0,75.18
CUST-04279,Male,Yes,No,Yes,37,Yes,No,Fiber optic,Yes,No,No,Yes,No,No,One Year,Yes,Bank transfer,89.11,3292.73,Yes,0,Established (25-48m),2,88.9927027027027,0,0,0,88.99
CUST-04280,Male,No,Yes,Yes,71,Yes,No,Fiber optic,Yes,No,No,No,No,No,Month-To-Month,Yes,Mailed check,85.56,6064.9,No,0,Loyal (49m+),1,85.42112676056338,0,0,0,85.42
CUST-04281,Female,No,No,Yes,7,Yes,Yes,DSL,No,No,No,No,No,No,Month-To-Month,Yes,Bank transfer,60.16,424.53,No,0,New (0-12m),0,60.64714285714285,0,0,0,60.65
CUST-04282,Female,No,No,No,62,No,No phone service,Fiber optic,No,Yes,No,No,Yes,No,Month-To-Month,Yes,Electronic check,78.39,4860.17,No,0,Loyal (49m+),2,78.38983870967742,0,1,0,78.39
CUST-04283,Female,No,Yes,No,3,No,No phone service,Fiber optic,Yes,No,No,No,No,No,Month-To-Month,No,Credit card,75.62,221.01,No,0,New (0-12m),1,73.67,1,0,0,73.67
CUST-04284,Female,No,No,No,47,No,No phone service,No,No internet service,No internet service,No internet service,No internet service,No internet service,No internet service,Month-To-Month,Yes,Bank transfer,19.8858,824.95,No,0,Established (25-48m),0,17.55212765957447,0,0,0,17.55
CUST-04285,Male,No,No,No,51,Yes,Yes,No,No internet service,No internet service,No internet service,No internet service,No internet service,No internet service,Month-To-Month,No,Mailed check,32.85,1676.55,Yes,0,Loyal (49m+),0,32.87352941176471,0,0,0,32.87
CUST-04286,Female,Yes,No,No,37,Yes,Yes,DSL,No,Yes,No,No,No,Yes,Month-To-Month,No,Credit card,68.41,2523.78,No,0,Established (25-48m),2,68.21027027027027,0,1,0,68.21
CUST-04287,Female,Yes,No,Yes,4,No,No phone service,DSL,Yes,Yes,Yes,Yes,Yes,Yes,Month-To-Month,Yes,Electronic check,75.39,302.54,No,0,New (0-12m),6,75.635,0,1,0,75.64
CUST-04288,Male,No,Yes,Yes,69,No,No phone service,DSL,No,Yes,Yes,No,No,Yes,Two Year,Yes,Credit card,61.3,4238.02,No,0,Loyal (49m+),3,61.420579710144935,0,1,0,61.42
CUST-04289,Male,Yes,No,Yes,23,Yes,Yes,DSL,No,No,No,Yes,Yes,Yes,Month-To-Month,Yes,Electronic check,76.41,1763.26,Yes,0,Mid-term (13-24m),3,76.66347826086957,0,1,0,76.66
CUST-04290,Female,No,No,Yes,16,Yes,Yes,Fiber optic,No,No,Yes,No,Yes,Yes,Month-To-Month,Yes,Bank transfer,98.88,1590.91,No,0,Mid-term (13-24m),3,99.431875,0,1,0,99.43
CUST-04291,F,No,Yes,Yes,25,Yes,No,DSL,No,No,Yes,Yes,Yes,No,Month-To-Month,Yes,Mailed check,69.42,1730.47,No,0,Established (25-48m),3,69.2188,0,1,0,69.22
CUST-04292,Female,No,Yes,Yes,2,No,No phone service,No,No internet service,No internet service,No internet service,No internet service,No internet service,No internet service,Month-To-Month,Yes,Bank transfer,19.8858,46.38,No,0,New (0-12m),0,23.19,1,0,0,23.19
CUST-04293,Female,No,No,No,1,Yes,Yes,DSL,No,No,No,No,No,Yes,Two Year,Yes,Mailed check,62.68,62.18,No,0,New (0-12m),1,62.18,1,1,0,62.18
CUST-04294,Male,No,Yes,No,1,Yes,Yes,DSL,No,No,No,No,No,Yes,Month-To-Month,Yes,Credit card,64.98,67.59,Yes,0,New (0-12m),1,67.59,1,1,0,67.59
CUST-04295,Male,No,Yes,Yes,21,Yes,Yes,No,No internet service,No internet service,No internet service,No internet service,No internet service,No internet service,Two Year,Yes,Electronic check,35.23,735.71,No,0,Mid-term (13-24m),0,35.03380952380952,0,0,0,35.03
CUST-04296,Female,No,Yes,No,70,Yes,Yes,Fiber optic,No,Yes,No,Yes,No,Yes,Month-To-Month,Yes,Electronic check,102.18,7162.48,Yes,0,Loyal (49m+),3,102.32114285714285,0,1,0,102.32
CUST-04297,Female,Yes,Yes,Yes,3,Yes,Yes,Fiber optic,No,Yes,No,No,Yes,No,Two Year,No,Electronic check,96.06,286.94,No,0,New (0-12m),2,95.64666666666666,1,1,0,95.65
CUST-04298,Female,No,Yes,Yes,37,Yes,Yes,Fiber optic,No,Yes,Yes,No,No,No,Month-To-Month,Yes,Bank transfer,97.17,3589.04,No,0,Established (25-48m),2,97.00108108108108,0,0,0,97.0
CUST-04299,Male,No,Yes,No,69,Yes,No,DSL,No,Yes,No,Yes,No,No,Month-To-Month,No,Mailed check,63.9,4410.58,No,0,Loyal (49m+),2,63.92144927536232,0,0,0,63.92
CUST-04300,Female,No,Yes,No,72,Yes,Yes,Fiber optic,No,Yes,No,Yes,No,No,Month-To-Month,No,Mailed check,96.12,6915.75,No,0,Loyal (49m+),2,96.05208333333333,0,0,0,96.05
CUST-04301,F,No,Yes,Yes,51,Yes,No,Fiber optic,No,No,No,Yes,No,Yes,Month-To-Month,No,Credit card,90.49,4613.71,No,0,Loyal (49m+),2,90.46490196078432,0,1,0,90.46
CUST-04302,Female,No,Yes,No,30,Yes,No,DSL,No,No,No,No,Yes,No,Month-To-Month,No,Credit card,58.98,1763.56,No,0,Established (25-48m),1,58.785333333333334,0,1,0,58.79
CUST-04303,Female,No,No,Yes,25,Yes,No,DSL,No,No,No,No,No,No,Month-To-Month,Yes,Electronic check,53.56,1336.74,Yes,0,Established (25-48m),0,53.4696,0,0,0,53.47
CUST-04304,male,No,No,Yes,35,Yes,No,No,No internet service,No internet service,No internet service,No internet service,No internet service,No internet service,One Year,Yes,Mailed check,28.96,1005.45,No,0,Established (25-48m),0,28.72714285714286,0,0,0,28.73
CUST-04305,Male,No,No,Yes,25,Yes,No,DSL,No,No,No,No,No,Yes,Month-To-Month,Yes,Electronic check,62.4,1555.7,No,0,Established (25-48m),1,62.228,0,1,0,62.23
CUST-04306,Female,No,No,Yes,27,Yes,No,Fiber optic,No,Yes,No,Yes,No,No,Month-To-Month,Yes,Credit card,87.62,2360.72,No,0,Established (25-48m),2,87.43407407407406,0,0,0,87.43
CUST-04307,Female,No,No,Yes,4,No,No phone service,Fiber optic,No,Yes,No,Yes,No,No,Month-To-Month,Yes,Credit card,82.02,337.03,Yes,0,New (0-12m),2,84.2575,0,0,0,84.26
CUST-04308,Female,No,Yes,No,17,Yes,Yes,DSL,No,Yes,No,No,Yes,Yes,One Year,Yes,Credit card,76.36,1299.97,No,0,Mid-term (13-24m),3,76.46882352941176,0,1,0,76.47
CUST-04309,Female,No,Yes,Yes,14,Yes,No,DSL,No,No,No,No,Yes,Yes,Month-To-Month,Yes,Bank transfer,65.22,903.61,No,0,Mid-term (13-24m),2,64.54357142857143,0,1,0,64.54
CUST-04310,Male,No,No,No,56,Yes,No,No,No internet service,No internet service,No internet service,No internet service,No internet service,No internet service,Month-To-Month,No,Mailed check,31.79,1788.51,No,0,Loyal (49m+),0,31.93767857142857,0,0,0,31.94
CUST-04311,Male,No,No,Yes,4,Yes,Yes,Fiber optic,No,Yes,No,No,No,No,Month-To-Month,No,Mailed check,87.76,353.93,No,0,New (0-12m),1,88.4825,0,0,0,88.48
CUST-04312,Male,No,Yes,No,36,No,No phone service,DSL,No,No,No,No,No,Yes,Two Year,Yes,Mailed check,50.22,1804.66,No,0,Established (25-48m),1,50.129444444444445,0,1,0,50.13
CUST-04313,Female,No,No,Yes,21,Yes,No,Fiber optic,No,Yes,No,No,No,No,One Year,Yes,Electronic check,83.93,1759.86,Yes,0,Mid-term (13-24m),1,83.80285714285714,0,0,0,83.8
CUST-04314,Female,No,Yes,No,51,Yes,No,Fiber optic,No,No,No,No,No,No,Month-To-Month,No,Credit card,77.55,3945.68,No,0,Loyal (49m+),0,77.36627450980392,0,0,0,77.37
CUST-04315,Male,No,No,Yes,14,Yes,No,DSL,No,No,No,No,Yes,No,Month-To-Month,No,Mailed check,60.6,857.89,No,0,Mid-term (13-24m),1,61.277857142857144,0,1,0,61.28
CUST-04316,Male,No,Yes,Yes,16,Yes,Yes,Fiber optic,No,Yes,No,No,No,No,Month-To-Month,Yes,Credit card,90.79,1459.85,No,0,Mid-term (13-24m),1,91.240625,0,0,0,91.24
CUST-04317,Male,No,No,No,50,Yes,Yes,Fiber optic,No,No,Yes,No,No,No,Month-To-Month,No,Credit card,90.45,4513.81,No,0,Loyal (49m+),1,90.2762,0,0,0,90.28
CUST-04318,Female,Yes,Yes,No,44,No,No phone service,DSL,No,No,Yes,No,No,No,Month-To-Month,Yes,Credit card,49.45,2179.43,No,0,Established (25-48m),1,49.5325,0,0,0,49.53
CUST-04319,Female,Yes,No,No,62,Yes,No,Fiber optic,Yes,No,No,No,No,No,Month-To-Month,Yes,Mailed check,86.52,5363.22,Yes,0,Loyal (49m+),1,86.50354838709679,0,0,0,86.5
CUST-04320,Male,No,No,No,27,Yes,Yes,No,No internet service,No internet service,No internet service,No internet service,No internet service,No internet service,Month-To-Month,Yes,Electronic check,34.22,930.11,No,0,Established (25-48m),0,34.44851851851852,0,0,0,34.45
CUST-04321,Male,No,Yes,No,58,Yes,No,DSL,Yes,No,Yes,Yes,No,Yes,Month-To-Month,No,Electronic check,75.52,4382.63,No,0,Loyal (49m+),4,75.56258620689655,0,1,0,75.56
CUST-04322,Male,No,Yes,No,20,Yes,No,DSL,No,No,Yes,No,No,Yes,Month-To-Month,Yes,Bank transfer,67.48,1347.86,No,0,Mid-term (13-24m),2,67.393,0,1,0,67.39
CUST-04323,Female,Yes,No,Yes,41,Yes,Yes,Fiber optic,No,Yes,No,No,No,No,Month-To-Month,Yes,Electronic check,91.73,3759.66,No,0,Established (25-48m),1,91.69902439024389,0,0,0,91.7
CUST-04324,Female,Yes,No,Yes,68,Yes,Yes,DSL,No,No,Yes,Yes,Yes,Yes,Month-To-Month,No,Electronic check,80.72,5491.99,No,0,Loyal (49m+),4,80.76455882352941,0,1,0,80.76
CUST-04325,Female,No,Yes,Yes,16,Yes,Yes,No,No internet service,No internet service,No internet service,No internet service,No internet service,No internet service,Month-To-Month,Yes,Bank transfer,35.87,577.01,No,0,Mid-term (13-24m),0,36.063125,0,0,0,36.06
CUST-04326,Male,No,Yes,No,67,Yes,No,Fiber optic,Yes,Yes,No,No,Yes,No,Two Year,No,Credit card,96.71,6480.72,No,0,Loyal (49m+),3,96.72716417910448,0,1,0,96.73
CUST-04327,Male,No,Yes,No,6,No,No phone service,No,No internet service,No internet service,No internet service,No internet service,No internet service,No internet service,Two Year,Yes,Credit card,19.8858,117.96,Yes,0,New (0-12m),0,19.66,0,0,0,19.66
CUST-04328,Female,No,No,No,39,Yes,No,Fiber optic,Yes,No,No,No,Yes,No,Month-To-Month,Yes,Electronic check,88.05,3439.54,No,0,Established (25-48m),2,88.19333333333333,0,1,0,88.19
CUST-04329,Male,No,No,Yes,39,Yes,Yes,DSL,Yes,No,No,No,No,No,Month-To-Month,No,Credit card,63.6,2472.77,No,0,Established (25-48m),1,63.40435897435897,0,0,0,63.4
CUST-04330,Female,No,Yes,No,42,Yes,No,Fiber optic,No,Yes,Yes,No,Yes,No,Month-To-Month,Yes,Electronic check,96.22,4048.68,No,0,Established (25-48m),3,96.39714285714285,0,1,0,96.4
CUST-04331,Male,Yes,No,Yes,72,Yes,Yes,Fiber optic,No,No,Yes,No,Yes,Yes,Month-To-Month,No,Bank transfer,101.35,7291.24,No,0,Loyal (49m+),3,101.26722222222222,0,1,0,101.27
CUST-04332,Male,No,No,No,50,Yes,No,No,No internet service,No internet service,No internet service,No internet service,No internet service,No internet service,Two Year,No,Electronic check,27.64,1391.01,No,0,Loyal (49m+),0,27.8202,0,0,0,27.82
CUST-04333,Male,No,Yes,No,72,Yes,Yes,No,No internet service,No internet service,No internet service,No internet service,No internet service,No internet service,Month-To-Month,No,Bank transfer,32.8,2367.75,Yes,0,Loyal (49m+),0,32.885416666666664,0,0,0,32.89
CUST-04334,Male,Yes,No,No,22,Yes,No,Fiber optic,Yes,No,Yes,No,Yes,Yes,Two Year,Yes,Bank transfer,102.41,2261.2,No,0,Mid-term (13-24m),4,102.78181818181817,0,1,0,102.78
CUST-04335,Female,Yes,Yes,Yes,31,Yes,Yes,DSL,No,No,Yes,No,Yes,No,Month-To-Month,Yes,Mailed check,69.96,2172.29,No,0,Established (25-48m),2,70.07387096774194,0,1,0,70.07
CUST-04336,Male,No,Yes,No,30,No,No phone service,Fiber optic,Yes,No,Yes,Yes,No,No,Two Year,Yes,Mailed check,85.18,2558.43,No,0,Established (25-48m),3,85.28099999999999,0,0,0,85.28
CUST-04337,Female,No,No,Yes,16,Yes,Yes,DSL,Yes,Yes,No,No,Yes,No,One Year,Yes,Credit card,75.56,1203.94,No,0,Mid-term (13-24m),3,75.24625,0,1,0,75.25
CUST-04338,Female,No,No,No,57,Yes,Yes,DSL,No,No,No,No,Yes,No,One Year,No,Credit card,67.32,3839.76,No,0,Loyal (49m+),1,67.36421052631579,0,1,0,67.36
CUST-04339,male,No,Yes,No,34,Yes,No,DSL,No,No,Yes,Yes,No,Yes,Month-To-Month,Yes,Credit card,68.3,2320.6,No,0,Established (25-48m),3,68.25294117647059,0,1,0,68.25
CUST-04340,Male,Yes,Yes,No,29,Yes,Yes,DSL,No,Yes,No,No,No,No,Two Year,No,Electronic check,65.67,1897.5,No,0,Established (25-48m),1,65.43103448275862,0,0,0,65.43
CUST-04341,Female,Yes,Yes,No,63,Yes,No,No,No internet service,No internet service,No internet service,No internet service,No internet service,No internet service,Month-To-Month,No,Mailed check,27.88,1753.64,Yes,0,Loyal (49m+),0,27.83555555555556,0,0,0,27.84
CUST-04342,Female,No,No,Yes,52,No,No phone service,DSL,Yes,No,No,No,Yes,Yes,Two Year,No,Electronic check,60.07,3126.88,Yes,0,Loyal (49m+),3,60.13230769230769,0,1,0,60.13
CUST-04343,Female,No,Yes,No,50,Yes,Yes,Fiber optic,Yes,No,No,No,Yes,No,One Year,No,Bank transfer,94.7,4742.51,No,0,Loyal (49m+),2,94.8502,0,1,0,94.85
CUST-04344,Male,No,Yes,Yes,36,Yes,Yes,Fiber optic,No,No,No,Yes,No,No,Month-To-Month,No,Credit card,88.84,3197.0,No,0,Established (25-48m),1,88.80555555555556,0,0,0,88.81
CUST-04345,Male,Yes,Yes,No,5,Yes,Yes,No,No internet service,No internet service,No internet service,No internet service,No internet service,No internet service,Two Year,No,Electronic check,34.7,169.3,No,0,New (0-12m),0,33.86,0,0,0,33.86
CUST-04346,Female,No,Yes,No,33,No,No phone service,Fiber optic,No,No,No,Yes,Yes,No,Two Year,No,Credit card,80.99,2665.89,Yes,0,Established (25-48m),2,80.78454545454545,0,1,0,80.78
CUST-04347,Male,No,No,No,55,Yes,No,Fiber optic,No,Yes,Yes,Yes,Yes,Yes,Two Year,No,Bank transfer,106.22660000000005,5866.56,No,0,Loyal (49m+),5,106.66472727272728,0,1,0,106.66
CUST-04348,Female,No,No,Yes,24,Yes,Yes,Fiber optic,Yes,No,Yes,No,No,Yes,Month-To-Month,No,Electronic check,101.42,2429.77,No,0,Mid-term (13-24m),3,101.24041666666666,0,1,0,101.24
CUST-04349,Female,No,Yes,No,12,Yes,No,No,No internet service,No internet service,No internet service,No internet service,No internet service,No internet service,Two Year,No,Mailed check,30.42,363.98,No,0,New (0-12m),0,30.331666666666667,0,0,0,30.33
CUST-04350,Male,No,No,Yes,62,Yes,No,DSL,No,No,Yes,No,No,No,One Year,Yes,Electronic check,61.98,3834.77,Yes,0,Loyal (49m+),1,61.851129032258065,0,0,0,61.85
CUST-04351,Female,No,No,Yes,65,Yes,Yes,Fiber optic,No,No,No,No,Yes,No,One Year,Yes,Mailed check,90.97,5917.76,Yes,0,Loyal (49m+),1,91.04246153846154,0,1,0,91.04
CUST-04352,Male,Yes,No,No,4,No,No phone service,No,No internet service,No internet service,No internet service,No internet service,No internet service,No internet service,Two Year,Yes,Electronic check,21.69,76.85,Yes,0,New (0-12m),0,19.2125,0,0,0,19.21
CUST-04353,Male,Yes,Yes,Yes,10,No,No phone service,No,No internet service,No internet service,No internet service,No internet service,No internet service,No internet service,Month-To-Month,Yes,Bank transfer,19.8858,198.89,Yes,0,New (0-12m),0,19.889,0,0,0,19.89
CUST-04354,Female,No,No,No,43,Yes,No,DSL,Yes,No,Yes,No,No,No,Month-To-Month,Yes,Bank transfer,65.99,2833.7,No,0,Established (25-48m),2,65.89999999999999,0,0,0,65.9
CUST-04355,Male,No,No,Yes,68,Yes,Yes,Fiber optic,No,No,Yes,Yes,No,No,One Year,No,Mailed check,92.87,6312.34,No,0,Loyal (49m+),2,92.8285294117647,0,0,0,92.83
CUST-04356,Male,No,Yes,Yes,1,Yes,Yes,DSL,No,No,No,Yes,No,No,Month-To-Month,No,Electronic check,67.29,60.71,Yes,0,New (0-12m),1,60.71,1,0,0,60.71
CUST-04357,Female,No,Yes,Yes,39,Yes,Yes,Fiber optic,No,Yes,No,Yes,No,No,One Year,Yes,Bank transfer,95.65,3739.71,No,0,Established (25-48m),2,95.89,0,0,0,95.89
CUST-04358,Female,No,No,No,36,Yes,Yes,Fiber optic,No,No,No,Yes,No,No,Month-To-Month,No,Mailed check,91.78,3295.14,Yes,0,Established (25-48m),1,91.53166666666667,0,0,0,91.53
CUST-04359,Male,Yes,No,No,48,Yes,Yes,DSL,No,No,No,Yes,Yes,No,Month-To-Month,No,Credit card,69.93,3352.3,No,0,Established (25-48m),2,69.83958333333334,0,1,0,69.84
CUST-04360,Male,No,Yes,Yes,35,Yes,Yes,No,No internet service,No internet service,No internet service,No internet service,No internet service,No internet service,Month-To-Month,No,Mailed check,32.65,1135.69,No,0,Established (25-48m),0,32.44828571428572,0,0,0,32.45
CUST-04361,Female,No,Yes,No,72,Yes,Yes,DSL,Yes,No,No,Yes,Yes,Yes,Month-To-Month,No,Electronic check,79.96,5756.77,No,0,Loyal (49m+),4,79.9551388888889,0,1,0,79.96
CUST-04362,Male,Yes,Yes,Yes,69,Yes,Yes,No,No internet service,No internet service,No internet service,No internet service,No internet service,No internet service,Month-To-Month,Yes,Bank transfer,36.13,2494.17,No,0,Loyal (49m+),0,36.14739130434783,0,0,0,36.15
CUST-04363,Male,Yes,Yes,No,33,Yes,Yes,No,No internet service,No internet service,No internet service,No internet service,No internet service,No internet service,Month-To-Month,Yes,Bank transfer,32.83,1077.32,No,0,Established (25-48m),0,32.6460606060606,0,0,0,32.65
CUST-04364,Male,No,No,No,57,Yes,Yes,DSL,Yes,No,No,No,No,Yes,Month-To-Month,Yes,Electronic check,68.0,3879.11,No,0,Loyal (49m+),2,68.05456140350877,0,1,0,68.05
CUST-04365,Male,No,Yes,Yes,36,Yes,No,Fiber optic,Yes,No,Yes,No,No,Yes,Two Year,Yes,Mailed check,92.77,3340.77,No,0,Established (25-48m),3,92.79916666666666,0,1,0,92.8
CUST-04366,Male,No,No,No,59,Yes,No,DSL,No,No,No,No,Yes,Yes,Two Year,Yes,Bank transfer,63.1,3729.74,No,0,Loyal (49m+),2,63.215932203389826,0,1,0,63.22
CUST-04367,Male,No,No,No,11,No,No phone service,DSL,Yes,No,Yes,No,Yes,Yes,Month-To-Month,No,Electronic check,65.57,729.4,No,0,New (0-12m),4,66.30909090909091,0,1,0,66.31
CUST-04368,Male,No,No,Yes,31,Yes,Yes,No,No internet service,No internet service,No internet service,No internet service,No internet service,No internet service,Month-To-Month,No,Electronic check,36.87,1146.86,No,0,Established (25-48m),0,36.99548387096774,0,0,0,37.0
CUST-04369,Female,No,Yes,Yes,3,Yes,No,DSL,No,No,No,Yes,No,Yes,Month-To-Month,Yes,Bank transfer,64.85,197.16,Yes,0,New (0-12m),2,65.72,1,1,0,65.72
CUST-04370,Female,Yes,Yes,Yes,32,Yes,Yes,Fiber optic,No,No,Yes,Yes,Yes,Yes,Month-To-Month,Yes,Bank transfer,106.22660000000005,3411.39,No,0,Established (25-48m),4,106.6059375,0,1,0,106.61
CUST-04371,Female,No,No,Yes,42,Yes,Yes,No,No internet service,No internet service,No internet service,No internet service,No internet service,No internet service,Two Year,Yes,Credit card,34.49,1441.92,No,0,Established (25-48m),0,34.331428571428575,0,0,0,34.33
CUST-04372,Female,No,No,Yes,8,Yes,Yes,DSL,No,Yes,No,Yes,No,No,Month-To-Month,Yes,Mailed check,71.78,581.9,No,0,New (0-12m),2,72.7375,0,0,0,72.74
CUST-04373,Female,No,No,Yes,50,Yes,No,Fiber optic,No,No,Yes,Yes,No,No,Month-To-Month,No,Mailed check,88.29,4411.7,Yes,0,Loyal (49m+),2,88.234,0,0,0,88.23
CUST-04374,Male,No,No,Yes,19,Yes,Yes,Fiber optic,Yes,No,No,Yes,Yes,Yes,Month-To-Month,Yes,Mailed check,105.37,2005.86,No,0,Mid-term (13-24m),4,105.57157894736842,0,1,0,105.57
CUST-04375,Male,Yes,No,Yes,38,Yes,Yes,Fiber optic,No,No,No,No,No,No,Two Year,No,Bank transfer,85.1,3232.61,No,0,Established (25-48m),0,85.06868421052631,0,0,0,85.07
CUST-04376,Male,No,Yes,Yes,22,Yes,No,No,No internet service,No internet service,No internet service,No internet service,No internet service,No internet service,Month-To-Month,No,Bank transfer,28.01,624.28,No,0,Mid-term (13-24m),0,28.376363636363635,0,0,0,28.38
CUST-04377,M,No,Yes,No,40,Yes,Yes,Fiber optic,No,No,Yes,No,No,Yes,One Year,No,Electronic check,93.69,3745.75,No,0,Established (25-48m),2,93.64375,0,1,0,93.64
CUST-04378,Female,No,Yes,Yes,43,Yes,No,Fiber optic,Yes,No,Yes,No,No,No,Month-To-Month,No,Electronic check,89.92,3867.76,Yes,0,Established (25-48m),2,89.94790697674419,0,0,0,89.95
CUST-04379,Male,No,No,Yes,34,Yes,No,No,No internet service,No internet service,No internet service,No internet service,No internet service,No internet service,Month-To-Month,Yes,Electronic check,31.36,1059.99,No,0,Established (25-48m),0,31.176176470588235,0,0,0,31.18
CUST-04380,Male,No,No,Yes,22,Yes,Yes,No,No internet service,No internet service,No internet service,No internet service,No internet service,No internet service,Two Year,Yes,Mailed check,37.02,815.52,No,0,Mid-term (13-24m),0,37.06909090909091,0,0,0,37.07
CUST-04381,F,No,Yes,Yes,57,No,No phone service,Fiber optic,Yes,No,No,No,No,Yes,Month-To-Month,No,Electronic check,81.18,4621.31,No,0,Loyal (49m+),2,81.07561403508772,0,1,0,81.08
CUST-04382,Male,No,Yes,Yes,47,Yes,No,Fiber optic,No,No,No,No,Yes,No,One Year,No,Electronic check,83.97,3952.48,No,0,Established (25-48m),1,84.09531914893617,0,1,0,84.1
CUST-04383,Male,No,No,No,57,Yes,Yes,Fiber optic,No,Yes,No,No,No,No,One Year,Yes,Credit card,88.01,5013.92,No,0,Loyal (49m+),1,87.96350877192982,0,0,0,87.96
CUST-04384,Female,No,Yes,No,56,Yes,Yes,No,No internet service,No internet service,No internet service,No internet service,No internet service,No internet service,Month-To-Month,Yes,Credit card,35.13,1965.77,No,0,Loyal (49m+),0,35.10303571428572,0,0,0,35.1
CUST-04385,Male,Yes,Yes,Yes,38,Yes,Yes,Fiber optic,Yes,No,No,No,No,No,Month-To-Month,Yes,Electronic check,89.22,3393.17,Yes,0,Established (25-48m),1,89.29394736842106,0,0,0,89.29
CUST-04386,Male,Yes,Yes,No,27,Yes,Yes,DSL,Yes,Yes,No,Yes,Yes,Yes,One Year,Yes,Mailed check,85.32,2295.36,No,0,Established (25-48m),5,85.01333333333334,0,1,0,85.01
CUST-04387,Male,No,No,Yes,63,No,No phone service,Fiber optic,No,No,No,No,No,Yes,Month-To-Month,No,Electronic check,74.49,4689.17,No,0,Loyal (49m+),1,74.43126984126984,0,1,0,74.43
CUST-04388,Male,No,No,Yes,61,Yes,Yes,Fiber optic,No,No,Yes,Yes,Yes,No,Month-To-Month,Yes,Electronic check,99.4,6072.07,No,0,Loyal (49m+),3,99.54213114754099,0,1,0,99.54
CUST-04389,Male,No,Yes,No,61,Yes,No,Fiber optic,No,Yes,No,No,Yes,Yes,Month-To-Month,No,Mailed check,97.06,5927.9,No,0,Loyal (49m+),3,97.17868852459016,0,1,0,97.18
CUST-04390,Female,No,No,No,25,Yes,Yes,Fiber optic,No,Yes,No,No,No,Yes,Two Year,Yes,Electronic check,95.84,2390.62,No,0,Established (25-48m),2,95.6248,0,1,0,95.62
CUST-04391,Female,No,Yes,No,50,Yes,No,Fiber optic,Yes,No,No,No,Yes,Yes,Two Year,No,Bank transfer,95.85,4792.76,No,0,Loyal (49m+),3,95.85520000000001,0,1,0,95.86
CUST-04392,Female,Yes,Yes,No,49,Yes,Yes,DSL,No,No,Yes,No,No,Yes,Two Year,Yes,Mailed check,68.17,3342.0,No,0,Loyal (49m+),2,68.20408163265306,0,1,0,68.2
CUST-04393,Female,Yes,No,No,35,No,No phone service,DSL,No,No,Yes,No,No,Yes,Month-To-Month,Yes,Credit card,54.45,1901.78,Yes,0,Established (25-48m),2,54.336571428571425,0,1,0,54.34
CUST-04394,Female,No,No,Yes,25,Yes,Yes,Fiber optic,No,Yes,No,No,Yes,Yes,Month-To-Month,No,Bank transfer,101.31,2529.7,Yes,0,Established (25-48m),3,101.18799999999999,0,1,0,101.19
CUST-04395,M,No,No,Yes,32,Yes,No,DSL,No,No,Yes,No,No,No,Month-To-Month,Yes,Electronic check,60.33,1940.12,Yes,0,Established (25-48m),1,60.62875,0,0,0,60.63
CUST-04396,Male,Yes,Yes,Yes,67,Yes,Yes,No,No internet service,No internet service,No internet service,No internet service,No internet service,No internet service,Month-To-Month,Yes,Electronic check,34.8,2324.37,No,0,Loyal (49m+),0,34.692089552238805,0,0,0,34.69
CUST-04397,Female,No,Yes,No,72,Yes,No,DSL,No,No,No,Yes,No,No,Two Year,No,Credit card,62.36,4498.15,No,0,Loyal (49m+),1,62.47430555555555,0,0,0,62.47
CUST-04398,Female,No,Yes,Yes,7,Yes,Yes,Fiber optic,No,Yes,Yes,No,No,Yes,Two Year,No,Credit card,98.18,684.34,Yes,0,New (0-12m),3,97.76285714285714,0,1,0,97.76
CUST-04399,Male,No,No,No,65,Yes,Yes,DSL,No,Yes,No,No,No,Yes,Two Year,Yes,Mailed check,68.3,4434.28,Yes,0,Loyal (49m+),2,68.2196923076923,0,1,0,68.22
CUST-04400,Male,No,Yes,Yes,22,No,No phone service,DSL,Yes,No,No,No,Yes,Yes,Month-To-Month,Yes,Electronic check,60.32,1322.25,No,0,Mid-term (13-24m),3,60.10227272727273,0,1,0,60.1
CUST-04401,Female,No,Yes,No,69,No,No phone service,DSL,Yes,No,No,No,No,Yes,Two Year,Yes,Credit card,54.53,3758.24,No,0,Loyal (49m+),2,54.46724637681159,0,1,0,54.47
CUST-04402,F,No,Yes,No,54,Yes,Yes,Fiber optic,No,Yes,No,No,No,No,Two Year,No,Electronic check,89.9,4850.34,No,0,Loyal (49m+),1,89.82111111111111,0,0,0,89.82
CUST-04403,Female,No,Yes,Yes,42,Yes,No,Fiber optic,No,Yes,Yes,No,No,No,Month-To-Month,Yes,Electronic check,90.24,3785.16,No,0,Established (25-48m),2,90.12285714285714,0,0,0,90.12
CUST-04404,Male,No,No,Yes,20,Yes,No,DSL,No,No,No,Yes,No,No,Month-To-Month,Yes,Credit card,58.14,1169.65,No,0,Mid-term (13-24m),1,58.4825,0,0,0,58.48
CUST-04405,Female,No,No,Yes,21,Yes,No,Fiber optic,Yes,Yes,No,No,Yes,Yes,Month-To-Month,Yes,Credit card,98.85,2071.21,No,0,Mid-term (13-24m),4,98.62904761904763,0,1,0,98.63
CUST-04406,Male,No,No,Yes,8,Yes,Yes,Fiber optic,No,Yes,No,No,Yes,No,Month-To-Month,Yes,Bank transfer,95.19,768.76,No,0,New (0-12m),2,96.095,0,1,0,96.1
CUST-04407,Male,No,Yes,No,33,Yes,Yes,Fiber optic,No,Yes,No,No,No,No,Two Year,Yes,Electronic check,88.47,2928.9,No,0,Established (25-48m),1,88.75454545454545,0,0,0,88.75
CUST-04408,Female,No,Yes,Yes,58,No,No phone service,DSL,Yes,Yes,Yes,No,No,No,Month-To-Month,Yes,Mailed check,61.7,3574.18,No,0,Loyal (49m+),3,61.62379310344827,0,0,0,61.62
CUST-04409,Female,Yes,Yes,No,25,Yes,Yes,No,No internet service,No internet service,No internet service,No internet service,No internet service,No internet service,One Year,Yes,Bank transfer,36.42,911.8,No,0,Established (25-48m),0,36.472,0,0,0,36.47
CUST-04410,Female,No,No,Yes,0,Yes,No,DSL,No,No,No,Yes,Yes,Yes,One Year,Yes,Bank transfer,70.34,0.0,No,0,New (0-12m),3,70.34,1,1,0,70.34
CUST-04411,Female,No,No,Yes,4,Yes,Yes,No,No internet service,No internet service,No internet service,No internet service,No internet service,No internet service,Month-To-Month,No,Mailed check,34.97,146.81,Yes,0,New (0-12m),0,36.7025,0,0,0,36.7
CUST-04412,Female,Yes,No,Yes,40,Yes,No,DSL,Yes,Yes,Yes,No,No,No,Month-To-Month,No,Credit card,72.15,2882.17,No,0,Established (25-48m),3,72.05425,0,0,0,72.05
CUST-04413,Male,No,No,Yes,62,Yes,No,Fiber optic,No,No,Yes,No,No,No,Two Year,Yes,Electronic check,86.26,5353.42,Yes,0,Loyal (49m+),1,86.34548387096774,0,0,0,86.35
CUST-04414,Female,No,No,Yes,21,Yes,No,Fiber optic,No,No,No,No,No,Yes,Month-To-Month,No,Electronic check,82.69,1736.0,No,0,Mid-term (13-24m),1,82.66666666666667,0,1,0,82.67
CUST-04415,Female,No,Yes,No,67,Yes,Yes,Fiber optic,No,No,No,No,No,Yes,Two Year,No,Electronic check,88.62,5940.16,No,0,Loyal (49m+),1,88.65910447761193,0,1,0,88.66
CUST-04416,Male,No,No,Yes,47,Yes,No,Fiber optic,No,No,No,Yes,No,No,Two Year,Yes,Bank transfer,82.86,3895.95,No,0,Established (25-48m),1,82.89255319148936,0,0,0,82.89
CUST-04417,Male,No,No,No,65,No,No phone service,DSL,Yes,Yes,No,Yes,No,No,Month-To-Month,Yes,Bank transfer,62.47,4051.8,No,0,Loyal (49m+),3,62.33538461538462,0,0,0,62.34
CUST-04418,Female,Yes,No,Yes,15,Yes,Yes,Fiber optic,No,No,No,Yes,Yes,No,Two Year,No,Bank transfer,94.61,1420.92,No,0,Mid-term (13-24m),2,94.72800000000001,0,1,0,94.73
CUST-04419,Male,No,Yes,No,52,No,No phone service,DSL,Yes,No,Yes,Yes,Yes,Yes,Month-To-Month,Yes,Electronic check,68.17,3551.39,Yes,0,Loyal (49m+),5,68.29596153846154,0,1,0,68.3
CUST-04420,Male,No,No,Yes,64,Yes,Yes,Fiber optic,No,No,No,No,No,No,One Year,Yes,Credit card,84.29,5390.33,No,0,Loyal (49m+),0,84.22390625,0,0,0,84.22
CUST-04421,Female,Yes,No,Yes,63,Yes,No,No,No internet service,No internet service,No internet service,No internet service,No internet service,No internet service,One Year,Yes,Electronic check,32.4,2039.25,No,0,Loyal (49m+),0,32.36904761904762,0,0,0,32.37
CUST-04422,Male,No,No,Yes,67,Yes,Yes,Fiber optic,No,Yes,No,Yes,No,No,Month-To-Month,Yes,Electronic check,93.22,6239.84,No,0,Loyal (49m+),2,93.13194029850746,0,0,0,93.13
CUST-04423,Male,No,Yes,No,62,Yes,Yes,Fiber optic,Yes,Yes,No,No,No,No,Month-To-Month,No,Bank transfer,94.28,5839.55,No,0,Loyal (49m+),2,94.18629032258065,0,0,0,94.19
CUST-04424,M,No,Yes,No,61,Yes,Yes,DSL,Yes,No,Yes,No,No,No,Two Year,No,Electronic check,68.88,4197.82,No,0,Loyal (49m+),2,68.8167213114754,0,0,0,68.82
CUST-04425,Female,No,No,Yes,70,No,No phone service,Fiber optic,Yes,Yes,Yes,Yes,Yes,No,One Year,No,Mailed check,96.45,6756.57,No,0,Loyal (49m+),5,96.52242857142856,0,1,0,96.52
CUST-04426,Male,No,No,Yes,44,Yes,Yes,DSL,No,No,Yes,No,No,No,Month-To-Month,No,Mailed check,62.63,2755.35,No,0,Established (25-48m),1,62.621590909090905,0,0,0,62.62
CUST-04427,Male,No,No,Yes,51,Yes,No,DSL,No,No,No,No,No,Yes,One Year,Yes,Electronic check,62.23,3177.55,No,0,Loyal (49m+),1,62.30490196078432,0,1,0,62.3
CUST-04428,Female,No,No,No,64,No,No phone service,DSL,No,No,Yes,No,Yes,Yes,One Year,No,Electronic check,61.84,3966.47,Yes,0,Loyal (49m+),3,61.97609375,0,1,0,61.98
CUST-04429,Male,No,Yes,Yes,1,Yes,Yes,No,No internet service,No internet service,No internet service,No internet service,No internet service,No internet service,Month-To-Month,No,Mailed check,34.32,38.93,No,0,New (0-12m),0,38.93,1,0,0,38.93
CUST-04430,Male,No,No,No,48,Yes,Yes,No,No internet service,No internet service,No internet service,No internet service,No internet service,No internet service,Month-To-Month,No,Electronic check,37.01,1773.94,No,0,Established (25-48m),0,36.95708333333334,0,0,0,36.96
CUST-04431,Male,No,Yes,Yes,21,Yes,Yes,No,No internet service,No internet service,No internet service,No internet service,No internet service,No internet service,Month-To-Month,Yes,Mailed check,34.63,727.44,Yes,0,Mid-term (13-24m),0,34.64,0,0,0,34.64
CUST-04432,Female,No,No,No,28,Yes,No,No,No internet service,No internet service,No internet service,No internet service,No internet service,No internet service,Month-To-Month,Yes,Bank transfer,28.96,806.45,Yes,0,Established (25-48m),0,28.801785714285717,0,0,0,28.8
CUST-04433,Male,No,Yes,No,34,Yes,No,Fiber optic,No,No,No,No,No,No,Month-To-Month,No,Electronic check,79.54,2695.67,No,0,Established (25-48m),0,79.28441176470588,0,0,0,79.28
CUST-04434,Male,No,Yes,No,23,Yes,No,DSL,Yes,Yes,No,No,No,Yes,Two Year,No,Bank transfer,71.62,1650.58,Yes,0,Mid-term (13-24m),3,71.76434782608695,0,1,0,71.76
CUST-04435,Female,Yes,No,Yes,29,No,No phone service,Fiber optic,No,No,No,No,No,No,Month-To-Month,Yes,Bank transfer,70.31,2042.23,No,0,Established (25-48m),0,70.42172413793104,0,0,0,70.42
CUST-04436,Male,No,Yes,No,41,Yes,No,Fiber optic,No,No,No,No,Yes,Yes,Month-To-Month,Yes,Credit card,88.59,3639.31,Yes,0,Established (25-48m),2,88.76365853658537,0,1,0,88.76
CUST-04437,Male,No,No,Yes,70,Yes,No,Fiber optic,No,No,No,No,Yes,Yes,Two Year,No,Credit card,87.85,6142.69,Yes,0,Loyal (49m+),2,87.75271428571428,0,1,0,87.75
CUST-04438,Female,No,Yes,No,49,Yes,No,Fiber optic,Yes,No,No,Yes,Yes,No,Month-To-Month,Yes,Electronic check,95.53,4688.66,No,0,Loyal (49m+),3,95.6869387755102,0,1,0,95.69
CUST-04439,Female,No,Yes,Yes,70,Yes,Yes,Fiber optic,No,No,No,No,No,Yes,Month-To-Month,Yes,Electronic check,91.59,6417.19,No,0,Loyal (49m+),1,91.67414285714285,0,1,0,91.67
CUST-04440,Female,No,No,No,59,Yes,No,Fiber optic,No,No,No,No,No,Yes,One Year,No,Bank transfer,86.78,5112.17,Yes,0,Loyal (49m+),1,86.64694915254238,0,1,0,86.65
CUST-04441,Female,No,No,No,29,Yes,No,DSL,No,No,No,No,No,No,Two Year,No,Bank transfer,56.61,1651.34,No,0,Established (25-48m),0,56.94275862068965,0,0,0,56.94
CUST-04442,Male,Yes,Yes,Yes,11,Yes,No,Fiber optic,No,No,No,No,No,No,Two Year,Yes,Electronic check,80.07,871.55,No,0,New (0-12m),0,79.23181818181818,0,0,0,79.23
CUST-04443,Male,No,Yes,Yes,48,Yes,Yes,DSL,No,Yes,No,Yes,Yes,Yes,Month-To-Month,No,Mailed check,79.39,3816.62,No,0,Established (25-48m),4,79.51291666666667,0,1,0,79.51
CUST-04444,Female,No,No,No,45,Yes,No,DSL,No,Yes,No,Yes,No,No,Month-To-Month,No,Bank transfer,67.38,3030.67,Yes,0,Established (25-48m),2,67.34822222222222,0,0,0,67.35
CUST-04445,Female,No,No,No,42,Yes,Yes,No,No internet service,No internet service,No internet service,No internet service,No internet service,No internet service,Two Year,Yes,Bank transfer,37.11,1565.93,No,0,Established (25-48m),0,37.28404761904762,0,0,0,37.28
CUST-04446,Male,No,No,Yes,1,Yes,Yes,Fiber optic,No,Yes,No,No,Yes,No,Month-To-Month,Yes,Bank transfer,96.26,100.83,No,0,New (0-12m),2,100.83,1,1,0,100.83
CUST-04447,Female,No,Yes,No,53,Yes,No,No,No internet service,No internet service,No internet service,No internet service,No internet service,No internet service,Month-To-Month,Yes,Electronic check,29.65,1562.66,Yes,0,Loyal (49m+),0,29.484150943396227,0,0,0,29.48
CUST-04448,Male,No,No,No,34,Yes,Yes,Fiber optic,Yes,Yes,No,Yes,No,No,Month-To-Month,Yes,Electronic check,102.37,3475.38,No,0,Established (25-48m),3,102.21705882352941,0,0,0,102.22
CUST-04449,Female,Yes,No,Yes,51,Yes,No,DSL,No,Yes,No,Yes,No,No,Month-To-Month,Yes,Mailed check,64.37,3291.92,No,0,Loyal (49m+),2,64.54745098039216,0,0,0,64.55
CUST-04450,Male,No,Yes,Yes,32,Yes,No,No,No internet service,No internet service,No internet service,No internet service,No internet service,No internet service,Month-To-Month,Yes,Electronic check,30.92,982.38,No,0,Established (25-48m),0,30.699375,0,0,0,30.7
CUST-04451,Female,No,No,Yes,71,Yes,Yes,DSL,Yes,Yes,No,No,No,No,One Year,Yes,Credit card,68.97,4888.24,No,0,Loyal (49m+),2,68.84845070422534,0,0,0,68.85
CUST-04452,Female,No,No,No,50,Yes,No,No,No internet service,No internet service,No internet service,No internet service,No internet service,No internet service,Month-To-Month,Yes,Electronic check,31.68,1577.09,No,0,Loyal (49m+),0,31.5418,0,0,0,31.54
CUST-04453,Male,No,No,No,25,Yes,No,Fiber optic,No,No,Yes,No,Yes,No,Month-To-Month,Yes,Electronic check,91.8,2299.41,No,0,Established (25-48m),2,91.9764,0,1,0,91.98
CUST-04454,Female,No,No,No,61,Yes,No,No,No internet service,No internet service,No internet service,No internet service,No internet service,No internet service,One Year,Yes,Electronic check,30.05,1823.84,Yes,0,Loyal (49m+),0,29.899016393442622,0,0,0,29.9
CUST-04455,Male,No,Yes,Yes,60,Yes,Yes,No,No internet service,No internet service,No internet service,No internet service,No internet service,No internet service,One Year,Yes,Bank transfer,35.31,2117.26,No,0,Loyal (49m+),0,35.287666666666674,0,0,0,35.29
CUST-04456,Male,No,No,No,25,Yes,Yes,Fiber optic,No,No,Yes,No,No,Yes,Month-To-Month,No,Mailed check,97.24,2422.83,No,0,Established (25-48m),2,96.9132,0,1,0,96.91
CUST-04457,Male,No,No,Yes,36,Yes,Yes,No,No internet service,No internet service,No internet service,No internet service,No internet service,No internet service,Month-To-Month,Yes,Bank transfer,33.21,1199.3,Yes,0,Established (25-48m),0,33.31388888888889,0,0,0,33.31
CUST-04458,Male,No,No,Yes,29,Yes,No,Fiber optic,No,Yes,Yes,Yes,No,No,Month-To-Month,Yes,Credit card,94.86,2746.0,Yes,0,Established (25-48m),3,94.6896551724138,0,0,0,94.69
CUST-04459,Male,No,No,No,10,Yes,No,DSL,Yes,Yes,No,No,Yes,Yes,Month-To-Month,Yes,Mailed check,75.14,755.09,Yes,0,New (0-12m),4,75.509,0,1,0,75.51
CUST-04460,Female,Yes,No,Yes,52,Yes,Yes,No,No internet service,No internet service,No internet service,No internet service,No internet service,No internet service,Two Year,No,Electronic check,36.58,1895.67,No,0,Loyal (49m+),0,36.45519230769231,0,0,0,36.46
CUST-04461,Female,No,No,No,40,Yes,Yes,No,No internet service,No internet service,No internet service,No internet service,No internet service,No internet service,Month-To-Month,Yes,Bank transfer,36.39,1453.52,No,0,Established (25-48m),0,36.338,0,0,0,36.34
CUST-04462,Male,No,Yes,Yes,4,Yes,No,DSL,No,No,No,No,Yes,No,Month-To-Month,No,Credit card,60.51,250.55,No,0,New (0-12m),1,62.6375,0,1,0,62.64
CUST-04463,Female,Yes,Yes,Yes,65,Yes,Yes,No,No internet service,No internet service,No internet service,No internet service,No internet service,No internet service,Month-To-Month,No,Electronic check,33.28,2160.88,No,0,Loyal (49m+),0,33.24430769230769,0,0,0,33.24
CUST-04464,Male,No,Yes,Yes,12,Yes,No,Fiber optic,Yes,No,No,No,No,No,Two Year,Yes,Electronic check,84.53,1006.64,No,0,New (0-12m),1,83.88666666666667,0,0,0,83.89
CUST-04465,Female,No,No,No,62,Yes,Yes,DSL,Yes,No,Yes,No,No,No,Month-To-Month,Yes,Bank transfer,67.96,4210.92,Yes,0,Loyal (49m+),2,67.91806451612904,0,0,0,67.92
CUST-04466,Female,No,No,Yes,24,Yes,No,Fiber optic,No,Yes,Yes,Yes,Yes,Yes,Month-To-Month,No,Mailed check,103.25,2477.09,No,0,Mid-term (13-24m),5,103.21208333333334,0,1,0,103.21
CUST-04467,Female,No,No,No,43,Yes,No,Fiber optic,Yes,No,Yes,Yes,No,No,Month-To-Month,Yes,Mailed check,93.63,4025.26,No,0,Established (25-48m),3,93.6106976744186,0,0,0,93.61
CUST-04468,Female,No,Yes,Yes,13,Yes,No,Fiber optic,No,No,No,No,No,No,Two Year,Yes,Credit card,79.17,1033.39,No,0,Mid-term (13-24m),0,79.49153846153847,0,0,0,79.49
CUST-04469,Male,No,No,Yes,68,Yes,Yes,Fiber optic,No,No,No,No,Yes,Yes,Two Year,Yes,Electronic check,94.7,6432.09,No,0,Loyal (49m+),2,94.58955882352942,0,1,0,94.59
CUST-04470,Male,No,Yes,Yes,58,No,No phone service,No,No internet service,No internet service,No internet service,No internet service,No internet service,No internet service,Month-To-Month,No,Bank transfer,21.1,1223.03,Yes,0,Loyal (49m+),0,21.086724137931036,0,0,0,21.09
CUST-04471,Female,No,No,No,55,No,No phone service,No,No internet service,No internet service,No internet service,No internet service,No internet service,No internet service,Two Year,Yes,Electronic check,19.8858,964.18,No,0,Loyal (49m+),0,17.530545454545454,0,0,0,17.53
CUST-04472,Female,No,No,No,51,Yes,No,DSL,Yes,No,No,No,No,No,One Year,Yes,Electronic check,61.86,3153.75,No,0,Loyal (49m+),1,61.838235294117645,0,0,0,61.84
CUST-04473,Male,No,Yes,No,65,Yes,No,Fiber optic,No,No,Yes,No,No,Yes,Two Year,Yes,Bank transfer,92.46,6003.36,No,0,Loyal (49m+),2,92.35938461538461,0,1,0,92.36
CUST-04474,Female,No,Yes,No,67,Yes,No,DSL,No,No,No,No,Yes,No,Two Year,Yes,Electronic check,62.32,4170.15,No,0,Loyal (49m+),1,62.241044776119395,0,1,0,62.24
CUST-04475,Male,No,Yes,No,11,Yes,Yes,Fiber optic,Yes,No,No,Yes,Yes,Yes,Month-To-Month,No,Bank transfer,104.62,1151.88,Yes,0,New (0-12m),4,104.71636363636365,0,1,0,104.72
CUST-04476,Male,No,Yes,Yes,67,Yes,No,No,No internet service,No internet service,No internet service,No internet service,No internet service,No internet service,Month-To-Month,Yes,Electronic check,29.5,1972.53,No,0,Loyal (49m+),0,29.440746268656717,0,0,0,29.44
CUST-04477,Male,No,Yes,Yes,42,Yes,Yes,DSL,Yes,No,No,No,No,No,Two Year,No,Electronic check,65.11,2727.81,No,0,Established (25-48m),1,64.94785714285715,0,0,0,64.95
CUST-04478,Female,No,Yes,No,72,Yes,No,Fiber optic,No,No,No,No,No,No,Month-To-Month,Yes,Electronic check,80.82,5821.43,Yes,0,Loyal (49m+),0,80.85319444444445,0,0,0,80.85
CUST-04479,Male,No,No,No,5,Yes,No,No,No internet service,No internet service,No internet service,No internet service,No internet service,No internet service,Two Year,No,Credit card,28.89,151.18,No,0,New (0-12m),0,30.236,0,0,0,30.24
CUST-04480,Female,No,Yes,No,14,Yes,Yes,Fiber optic,No,Yes,Yes,No,Yes,No,One Year,Yes,Mailed check,100.77,1417.21,No,0,Mid-term (13-24m),3,101.22928571428572,0,1,0,101.23
CUST-04481,Male,No,No,No,41,No,No phone service,DSL,No,No,Yes,No,Yes,Yes,Month-To-Month,No,Electronic check,59.05,2427.73,Yes,0,Established (25-48m),3,59.21292682926829,0,1,0,59.21
CUST-04482,Female,No,No,Yes,30,Yes,No,Fiber optic,No,Yes,No,No,No,Yes,One Year,No,Mailed check,90.8,2714.34,No,0,Established (25-48m),2,90.47800000000001,0,1,0,90.48
CUST-04483,Female,Yes,No,No,52,Yes,Yes,No,No internet service,No internet service,No internet service,No internet service,No internet service,No internet service,Two Year,No,Bank transfer,35.76,1863.24,No,0,Loyal (49m+),0,35.831538461538464,0,0,0,35.83
CUST-04484,male,No,No,No,5,Yes,No,Fiber optic,No,Yes,No,No,No,No,Month-To-Month,Yes,Electronic check,82.5,422.48,No,0,New (0-12m),1,84.49600000000001,0,0,0,84.5
CUST-04485,male,No,No,No,32,Yes,Yes,Fiber optic,Yes,No,Yes,No,No,Yes,Month-To-Month,No,Credit card,101.86,3264.05,No,0,Established (25-48m),3,102.0015625,0,1,0,102.0
CUST-04486,male,No,Yes,No,28,Yes,No,Fiber optic,Yes,Yes,No,No,Yes,No,One Year,Yes,Electronic check,93.46,2612.2,Yes,0,Established (25-48m),3,93.29285714285713,0,1,0,93.29
CUST-04487,Female,No,Yes,Yes,20,Yes,Yes,Fiber optic,No,No,Yes,Yes,Yes,No,Two Year,No,Mailed check,102.46,2050.48,No,0,Mid-term (13-24m),3,102.524,0,1,0,102.52
CUST-04488,Female,No,Yes,Yes,53,Yes,Yes,Fiber optic,No,No,No,No,No,No,One Year,Yes,Mailed check,85.25,4517.81,No,0,Loyal (49m+),0,85.24169811320755,0,0,0,85.24
CUST-04489,Female,No,No,No,55,Yes,Yes,DSL,No,No,Yes,No,No,Yes,Month-To-Month,No,Credit card,69.43,3817.83,No,0,Loyal (49m+),2,69.4150909090909,0,1,0,69.42
CUST-04490,Male,No,Yes,Yes,20,No,No phone service,Fiber optic,No,No,No,Yes,No,No,Month-To-Month,Yes,Mailed check,72.96,1463.65,No,0,Mid-term (13-24m),1,73.1825,0,0,0,73.18
CUST-04491,Male,Yes,No,No,54,Yes,No,No,No internet service,No internet service,No internet service,No internet service,No internet service,No internet service,Two Year,Yes,Credit card,30.9,1661.14,No,0,Loyal (49m+),0,30.761851851851855,0,0,0,30.76
CUST-04492,Male,No,No,No,57,Yes,Yes,No,No internet service,No internet service,No internet service,No internet service,No internet service,No internet service,Month-To-Month,Yes,Electronic check,34.3,1947.49,No,0,Loyal (49m+),0,34.16649122807018,0,0,0,34.17
CUST-04493,Male,No,No,No,63,Yes,Yes,Fiber optic,No,No,Yes,Yes,No,No,Month-To-Month,Yes,Mailed check,97.31,6130.66,No,0,Loyal (49m+),2,97.31206349206349,0,0,0,97.31
CUST-04494,Female,No,No,Yes,45,Yes,Yes,Fiber optic,No,No,Yes,Yes,No,No,Month-To-Month,Yes,Credit card,96.79,4365.03,Yes,0,Established (25-48m),2,97.00066666666666,0,0,0,97.0
CUST-04495,Female,Yes,Yes,Yes,21,Yes,No,DSL,Yes,Yes,Yes,No,Yes,Yes,Month-To-Month,Yes,Electronic check,78.12,1631.75,No,0,Mid-term (13-24m),5,77.70238095238095,0,1,0,77.7
CUST-04496,Male,No,Yes,Yes,59,Yes,No,DSL,No,No,Yes,Yes,No,Yes,Month-To-Month,Yes,Electronic check,69.79,4115.02,Yes,0,Loyal (49m+),3,69.74610169491527,0,1,0,69.75
CUST-04497,Male,No,Yes,Yes,10,Yes,Yes,No,No internet service,No internet service,No internet service,No internet service,No internet service,No internet service,Month-To-Month,No,Bank transfer,34.72,347.38,Yes,0,New (0-12m),0,34.738,0,0,0,34.74
CUST-04498,Female,Yes,Yes,Yes,46,Yes,No,DSL,No,No,No,No,Yes,No,Two Year,Yes,Credit card,61.04,2797.87,No,0,Established (25-48m),1,60.82326086956522,0,1,0,60.82
CUST-04499,Male,No,Yes,No,30,Yes,No,DSL,No,No,No,No,No,No,Month-To-Month,No,Electronic check,53.86,1611.69,Yes,0,Established (25-48m),0,53.723,0,0,0,53.72
CUST-04500,Male,No,No,Yes,17,Yes,Yes,Fiber optic,No,Yes,Yes,No,No,No,Month-To-Month,No,Credit card,96.68,1635.78,No,0,Mid-term (13-24m),2,96.22235294117647,0,0,0,96.22
CUST-04501,Male,No,Yes,Yes,21,Yes,No,Fiber optic,No,No,Yes,No,No,No,Month-To-Month,No,Bank transfer,87.21,1835.52,Yes,0,Mid-term (13-24m),1,87.40571428571428,0,0,0,87.41
CUST-04502,Male,No,No,Yes,55,Yes,Yes,Fiber optic,No,No,No,Yes,Yes,No,Two Year,Yes,Credit card,95.26,5238.08,No,0,Loyal (49m+),2,95.23781818181818,0,1,0,95.24
CUST-04503,Male,No,No,Yes,16,Yes,Yes,Fiber optic,No,Yes,No,No,No,No,One Year,Yes,Bank transfer,92.14,1476.69,No,0,Mid-term (13-24m),1,92.293125,0,0,0,92.29
CUST-04504,Male,No,No,Yes,37,Yes,No,Fiber optic,No,Yes,No,No,No,Yes,Month-To-Month,No,Bank transfer,89.13,3299.86,No,0,Established (25-48m),2,89.1854054054054,0,1,0,89.19
CUST-04505,Female,No,Yes,Yes,24,Yes,No,DSL,No,No,No,No,Yes,Yes,Month-To-Month,No,Credit card,64.09,1535.32,Yes,0,Mid-term (13-24m),2,63.971666666666664,0,1,0,63.97
CUST-04506,Male,No,No,Yes,31,Yes,Yes,No,No internet service,No internet service,No internet service,No internet service,No internet service,No internet service,One Year,No,Electronic check,36.12,1110.43,Yes,0,Established (25-48m),0,35.82032258064516,0,0,0,35.82
CUST-04507,Male,No,No,Yes,14,Yes,Yes,No,No internet service,No internet service,No internet service,No internet service,No internet service,No internet service,Two Year,No,Credit card,34.72,481.43,No,0,Mid-term (13-24m),0,34.38785714285714,0,0,0,34.39
CUST-04508,Female,No,Yes,No,12,Yes,Yes,Fiber optic,No,No,No,Yes,No,No,Month-To-Month,No,Electronic check,88.88,1066.18,Yes,0,New (0-12m),1,88.84833333333334,0,0,0,88.85
CUST-04509,Female,No,No,No,57,Yes,No,Fiber optic,No,No,Yes,No,Yes,No,Month-To-Month,Yes,Electronic check,89.05,5069.9,No,0,Loyal (49m+),2,88.94561403508771,0,1,0,88.95
CUST-04510,Female,No,No,Yes,49,Yes,No,Fiber optic,No,No,No,No,Yes,No,One Year,No,Bank transfer,86.66,4255.09,No,0,Loyal (49m+),1,86.83857142857143,0,1,0,86.84
CUST-04511,male,No,No,No,10,Yes,No,Fiber optic,No,No,No,Yes,Yes,No,One Year,No,Electronic check,90.73,905.57,No,0,New (0-12m),2,90.557,0,1,0,90.56
CUST-04512,Female,No,Yes,No,12,Yes,No,Fiber optic,No,Yes,Yes,No,No,Yes,One Year,Yes,Bank transfer,96.46,1154.56,No,0,New (0-12m),3,96.21333333333332,0,1,0,96.21
CUST-04513,Male,No,No,No,49,Yes,Yes,DSL,No,No,No,No,No,Yes,Month-To-Month,Yes,Bank transfer,64.56,3155.59,Yes,0,Loyal (49m+),1,64.39979591836735,0,1,0,64.4
CUST-04514,Male,No,No,No,37,Yes,No,Fiber optic,No,No,Yes,No,No,No,Month-To-Month,No,Electronic check,87.19,3221.55,No,0,Established (25-48m),1,87.06891891891892,0,0,0,87.07
CUST-04515,Male,No,Yes,No,0,Yes,No,Fiber optic,No,Yes,No,Yes,No,Yes,Month-To-Month,Yes,Electronic check,96.95,0.0,No,0,New (0-12m),3,96.95,1,1,0,96.95
CUST-04516,Female,Yes,Yes,No,38,Yes,No,No,No internet service,No internet service,No internet service,No internet service,No internet service,No internet service,Month-To-Month,No,Mailed check,27.68,1058.23,No,0,Established (25-48m),0,27.848157894736843,0,0,0,27.85
CUST-04517,Female,No,No,Yes,26,Yes,Yes,DSL,No,No,No,No,Yes,No,Two Year,Yes,Credit card,64.32,1677.79,No,0,Established (25-48m),1,64.53038461538462,0,1,0,64.53
CUST-04518,Female,No,Yes,Yes,35,Yes,No,Fiber optic,No,Yes,No,No,No,Yes,Month-To-Month,No,Credit card,87.87,3079.15,No,0,Established (25-48m),2,87.97571428571429,0,1,0,87.98
CUST-04519,Female,No,Yes,No,31,Yes,Yes,DSL,Yes,No,Yes,No,No,Yes,One Year,No,Electronic check,73.69,2293.04,Yes,0,Established (25-48m),3,73.96903225806452,0,1,0,73.97
CUST-04520,Female,No,Yes,Yes,40,Yes,No,DSL,Yes,Yes,No,Yes,No,Yes,Month-To-Month,No,Credit card,77.13,3080.06,No,0,Established (25-48m),4,77.0015,0,1,0,77.0
CUST-04521,Male,No,Yes,No,14,No,No phone service,Fiber optic,Yes,Yes,Yes,No,No,Yes,Month-To-Month,Yes,Electronic check,91.98,1282.41,Yes,0,Mid-term (13-24m),4,91.60071428571429,0,1,0,91.6
CUST-04522,Male,No,Yes,Yes,30,Yes,Yes,Fiber optic,No,No,No,No,Yes,No,Two Year,Yes,Electronic check,87.78,2624.33,No,0,Established (25-48m),1,87.47766666666666,0,1,0,87.48
CUST-04523,Male,Yes,Yes,Yes,5,Yes,Yes,Fiber optic,Yes,Yes,No,No,Yes,No,One Year,Yes,Electronic check,97.68,492.47,No,0,New (0-12m),3,98.494,0,1,0,98.49
CUST-04524,Male,No,Yes,Yes,51,Yes,Yes,Fiber optic,Yes,No,Yes,No,No,No,Two Year,Yes,Mailed check,95.73,4888.25,No,0,Loyal (49m+),2,95.84803921568627,0,0,0,95.85
CUST-04525,Female,No,No,No,21,Yes,No,No,No internet service,No internet service,No internet service,No internet service,No internet service,No internet service,Month-To-Month,No,Bank transfer,28.68,597.47,No,0,Mid-term (13-24m),0,28.450952380952383,0,0,0,28.45
CUST-04526,Female,No,Yes,Yes,30,Yes,No,Fiber optic,No,No,No,No,No,Yes,Month-To-Month,Yes,Mailed check,82.51,2481.11,No,0,Established (25-48m),1,82.70366666666668,0,1,0,82.7
CUST-04527,Male,No,Yes,Yes,72,Yes,No,No,No internet service,No internet service,No internet service,No internet service,No internet service,No internet service,Month-To-Month,No,Credit card,31.66,2283.7,No,0,Loyal (49m+),0,31.71805555555555,0,0,0,31.72
CUST-04528,M,Yes,Yes,No,45,Yes,Yes,DSL,Yes,No,Yes,No,No,Yes,Month-To-Month,Yes,Bank transfer,74.42,3349.72,No,0,Established (25-48m),3,74.43822222222222,0,1,0,74.44
CUST-04529,Female,No,No,No,66,Yes,Yes,No,No internet service,No internet service,No internet service,No internet service,No internet service,No internet service,Month-To-Month,Yes,Electronic check,34.59,2284.01,No,0,Loyal (49m+),0,34.606212121212124,0,0,0,34.61
CUST-04530,Male,No,Yes,Yes,42,Yes,Yes,Fiber optic,Yes,No,Yes,Yes,Yes,No,Two Year,No,Mailed check,103.05,4332.2,No,0,Established (25-48m),4,103.14761904761905,0,1,0,103.15
CUST-04531,Male,No,Yes,No,0,Yes,Yes,DSL,Yes,No,Yes,Yes,Yes,No,Month-To-Month,Yes,Electronic check,79.88,0.0,Yes,0,New (0-12m),4,79.88,1,1,0,79.88
CUST-04532,Female,No,No,Yes,43,Yes,No,DSL,No,Yes,No,No,Yes,No,Two Year,No,Mailed check,66.38,2850.72,No,0,Established (25-48m),2,66.29581395348836,0,1,0,66.3
CUST-04533,Female,No,Yes,Yes,56,Yes,No,Fiber optic,No,No,No,No,No,Yes,Month-To-Month,Yes,Mailed check,84.0,4695.45,No,0,Loyal (49m+),1,83.84732142857142,0,1,0,83.85
CUST-04534,Male,No,No,No,8,Yes,Yes,DSL,No,No,No,No,No,Yes,One Year,No,Electronic check,66.64,537.11,No,0,New (0-12m),1,67.13875,0,1,0,67.14
CUST-04535,Male,No,No,No,4,Yes,No,DSL,No,No,Yes,No,Yes,Yes,Month-To-Month,Yes,Electronic check,70.75,273.58,No,0,New (0-12m),3,68.395,0,1,0,68.4
CUST-04536,Male,No,Yes,Yes,8,Yes,Yes,Fiber optic,No,Yes,No,No,Yes,Yes,Month-To-Month,Yes,Credit card,99.58,804.54,Yes,0,New (0-12m),3,100.5675,0,1,0,100.57
CUST-04537,Female,No,No,No,44,Yes,No,Fiber optic,No,Yes,No,No,Yes,No,Two Year,Yes,Mailed check,90.02,3970.33,No,0,Established (25-48m),2,90.23477272727273,0,1,0,90.23
CUST-04538,Male,No,Yes,Yes,23,Yes,No,Fiber optic,Yes,Yes,Yes,No,Yes,Yes,Month-To-Month,No,Credit card,103.06,2374.91,No,0,Mid-term (13-24m),5,103.25695652173913,0,1,0,103.26
CUST-04539,Male,No,Yes,No,41,Yes,Yes,Fiber optic,No,Yes,No,No,Yes,No,Two Year,Yes,Mailed check,96.97,3972.63,No,0,Established (25-48m),2,96.89341463414634,0,1,0,96.89
CUST-04540,Female,No,No,No,21,Yes,No,No,No internet service,No internet service,No internet service,No internet service,No internet service,No internet service,One Year,Yes,Credit card,31.97,665.88,Yes,0,Mid-term (13-24m),0,31.708571428571428,0,0,0,31.71
CUST-04541,Female,No,No,No,59,Yes,Yes,No,No internet service,No internet service,No internet service,No internet service,No internet service,No internet service,Two Year,No,Mailed check,34.41,2022.39,No,0,Loyal (49m+),0,34.277796610169496,0,0,0,34.28
CUST-04542,Female,No,Yes,No,36,Yes,No,DSL,No,No,No,Yes,Yes,Yes,One Year,Yes,Electronic check,70.79,2538.56,No,0,Established (25-48m),3,70.51555555555555,0,1,0,70.52
CUST-04543,Female,No,Yes,No,38,Yes,Yes,No,No internet service,No internet service,No internet service,No internet service,No internet service,No internet service,Month-To-Month,No,Electronic check,36.32,1378.77,No,0,Established (25-48m),0,36.28342105263158,0,0,0,36.28
CUST-04544,Female,No,No,Yes,52,Yes,Yes,DSL,No,No,No,Yes,No,No,One Year,Yes,Electronic check,66.63,3467.7,No,0,Loyal (49m+),1,66.68653846153846,0,0,0,66.69
CUST-04545,Male,Yes,Yes,Yes,27,Yes,Yes,Fiber optic,No,No,No,No,Yes,Yes,Month-To-Month,Yes,Credit card,96.12,2592.77,No,0,Established (25-48m),2,96.02851851851852,0,1,0,96.03
CUST-04546,Male,No,Yes,Yes,14,Yes,No,No,No internet service,No internet service,No internet service,No internet service,No internet service,No internet service,Month-To-Month,Yes,Bank transfer,30.01,418.9,Yes,0,Mid-term (13-24m),0,29.92142857142857,0,0,0,29.92
CUST-04547,Female,No,Yes,No,59,No,No phone service,Fiber optic,Yes,No,No,No,No,Yes,Month-To-Month,Yes,Credit card,80.99,4782.11,No,0,Loyal (49m+),2,81.05271186440677,0,1,0,81.05
CUST-04548,Female,No,No,No,59,Yes,Yes,No,No internet service,No internet service,No internet service,No internet service,No internet service,No internet service,Month-To-Month,Yes,Electronic check,37.24,2195.34,No,0,Loyal (49m+),0,37.209152542372884,0,0,0,37.21
CUST-04549,F,No,Yes,Yes,5,Yes,Yes,No,No internet service,No internet service,No internet service,No internet service,No internet service,No internet service,Month-To-Month,Yes,Bank transfer,34.86,179.77,Yes,0,New (0-12m),0,35.954,0,0,0,35.95
CUST-04550,Female,No,Yes,No,51,Yes,No,No,No internet service,No internet service,No internet service,No internet service,No internet service,No internet service,Two Year,No,Electronic check,27.91,1426.26,No,0,Loyal (49m+),0,27.965882352941176,0,0,0,27.97
CUST-04551,Female,Yes,Yes,No,11,Yes,Yes,Fiber optic,No,No,Yes,No,Yes,Yes,Month-To-Month,Yes,Electronic check,101.54,1120.37,Yes,0,New (0-12m),3,101.85181818181817,0,1,0,101.85
CUST-04552,Male,No,No,No,18,Yes,Yes,No,No internet service,No internet service,No internet service,No internet service,No internet service,No internet service,Two Year,Yes,Credit card,36.11,652.37,No,0,Mid-term (13-24m),0,36.242777777777775,0,0,0,36.24
CUST-04553,Male,Yes,No,Yes,1,Yes,No,DSL,No,No,No,Yes,No,No,Month-To-Month,Yes,Mailed check,58.98,51.37,Yes,0,New (0-12m),1,51.37,1,0,0,51.37
CUST-04554,Male,No,No,Yes,54,Yes,Yes,Fiber optic,No,No,Yes,Yes,Yes,No,One Year,Yes,Credit card,100.44,5427.44,No,0,Loyal (49m+),3,100.50814814814814,0,1,0,100.51
CUST-04555,male,No,Yes,No,14,Yes,Yes,Fiber optic,Yes,No,No,No,Yes,No,Month-To-Month,Yes,Mailed check,92.86,1301.88,Yes,0,Mid-term (13-24m),2,92.99142857142859,0,1,0,92.99
CUST-04556,Female,No,No,Yes,63,No,No phone service,No,No internet service,No internet service,No internet service,No internet service,No internet service,No internet service,Month-To-Month,No,Credit card,19.9,1255.19,No,0,Loyal (49m+),0,19.923650793650793,0,0,0,19.92
CUST-04557,Male,No,Yes,Yes,68,Yes,No,DSL,No,No,No,No,No,No,Month-To-Month,No,Bank transfer,54.5,3707.97,Yes,0,Loyal (49m+),0,54.52897058823529,0,0,0,54.53
CUST-04558,Female,No,No,No,14,Yes,No,No,No internet service,No internet service,No internet service,No internet service,No internet service,No internet service,Two Year,Yes,Mailed check,28.75,412.24,No,0,Mid-term (13-24m),0,29.445714285714285,0,0,0,29.45
CUST-04559,Female,Yes,Yes,Yes,42,Yes,Yes,No,No internet service,No internet service,No internet service,No internet service,No internet service,No internet service,Month-To-Month,Yes,Electronic check,33.27,1396.06,Yes,0,Established (25-48m),0,33.23952380952381,0,0,0,33.24
CUST-04560,Female,Yes,No,No,16,Yes,Yes,No,No internet service,No internet service,No internet service,No internet service,No internet service,No internet service,Two Year,Yes,Credit card,34.22,539.64,No,0,Mid-term (13-24m),0,33.7275,0,0,0,33.73
CUST-04561,Male,Yes,Yes,Yes,23,Yes,No,DSL,No,Yes,Yes,Yes,Yes,No,One Year,Yes,Credit card,77.18,1775.4,No,0,Mid-term (13-24m),4,77.19130434782609,0,1,0,77.19
CUST-04562,Female,No,Yes,No,29,Yes,Yes,No,No internet service,No internet service,No internet service,No internet service,No internet service,No internet service,Two Year,Yes,Mailed check,35.07,1010.03,No,0,Established (25-48m),0,34.828620689655175,0,0,0,34.83
CUST-04563,Male,No,No,Yes,66,No,No phone service,Fiber optic,Yes,No,Yes,No,No,Yes,One Year,Yes,Bank transfer,83.51,5517.79,No,0,Loyal (49m+),3,83.6028787878788,0,1,0,83.6
CUST-04564,Male,No,Yes,Yes,50,Yes,Yes,DSL,No,Yes,Yes,No,Yes,No,Two Year,No,Mailed check,76.68,3828.99,No,0,Loyal (49m+),3,76.57979999999999,0,1,0,76.58
CUST-04565,Female,No,No,No,59,Yes,No,No,No internet service,No internet service,No internet service,No internet service,No internet service,No internet service,Two Year,Yes,Bank transfer,28.85,1712.06,No,0,Loyal (49m+),0,29.017966101694913,0,0,0,29.02
CUST-04566,Female,No,No,No,2,Yes,No,DSL,No,No,No,Yes,Yes,Yes,Month-To-Month,No,Credit card,71.51,136.57,No,0,New (0-12m),3,68.285,1,1,0,68.28
CUST-04567,Female,No,Yes,No,4,Yes,No,Fiber optic,Yes,Yes,No,No,Yes,Yes,Month-To-Month,Yes,Electronic check,97.58,387.88,Yes,0,New (0-12m),4,96.97,0,1,0,96.97
CUST-04568,Male,No,Yes,No,27,Yes,Yes,DSL,No,Yes,No,No,No,No,Month-To-Month,No,Bank transfer,67.12,1805.16,No,0,Established (25-48m),1,66.85777777777778,0,0,0,66.86
CUST-04569,Female,No,No,Yes,10,Yes,Yes,DSL,Yes,Yes,No,No,Yes,No,One Year,Yes,Mailed check,75.17,750.08,No,0,New (0-12m),3,75.00800000000001,0,1,0,75.01
CUST-04570,Male,No,No,No,71,Yes,No,Fiber optic,Yes,No,No,No,No,No,Two Year,No,Mailed check,86.32,6128.4,No,0,Loyal (49m+),1,86.31549295774647,0,0,0,86.32
CUST-04571,Female,No,No,No,71,Yes,Yes,No,No internet service,No internet service,No internet service,No internet service,No internet service,No internet service,Two Year,No,Credit card,34.07,2423.84,No,0,Loyal (49m+),0,34.138591549295775,0,0,0,34.14
CUST-04572,Female,No,Yes,No,14,Yes,No,No,No internet service,No internet service,No internet service,No internet service,No internet service,No internet service,One Year,No,Electronic check,31.73,434.25,Yes,0,Mid-term (13-24m),0,31.017857142857142,0,0,0,31.02
CUST-04573,Male,No,No,No,47,Yes,Yes,Fiber optic,No,No,Yes,Yes,No,No,Month-To-Month,Yes,Electronic check,95.96,4504.74,Yes,0,Established (25-48m),2,95.84553191489361,0,0,0,95.85
CUST-04574,Male,No,Yes,No,45,Yes,No,Fiber optic,Yes,Yes,Yes,Yes,No,No,Month-To-Month,Yes,Bank transfer,97.74,4393.7,No,0,Established (25-48m),4,97.63777777777777,0,0,0,97.64
CUST-04575,Male,No,Yes,Yes,27,Yes,No,DSL,Yes,Yes,No,No,No,No,Month-To-Month,Yes,Mailed check,62.7,1694.91,No,0,Established (25-48m),2,62.77444444444445,0,0,0,62.77
CUST-04576,Male,No,No,No,6,Yes,No,Fiber optic,Yes,No,No,No,No,No,One Year,Yes,Mailed check,84.31,501.4,No,0,New (0-12m),1,83.56666666666666,0,0,0,83.57
CUST-04577,Male,No,No,No,70,No,No phone service,No,No internet service,No internet service,No internet service,No internet service,No internet service,No internet service,Month-To-Month,Yes,Electronic check,19.8858,1242.94,Yes,0,Loyal (49m+),0,17.756285714285713,0,0,0,17.76
CUST-04578,Male,No,Yes,No,5,Yes,Yes,DSL,No,No,No,Yes,No,Yes,Month-To-Month,Yes,Electronic check,67.72,338.36,No,0,New (0-12m),2,67.672,0,1,0,67.67
CUST-04579,Female,No,Yes,Yes,57,Yes,No,DSL,No,Yes,No,No,No,No,Month-To-Month,Yes,Electronic check,59.39,3391.44,No,0,Loyal (49m+),1,59.49894736842106,0,0,0,59.5
CUST-04580,Female,No,Yes,Yes,67,Yes,Yes,No,No internet service,No internet service,No internet service,No internet service,No internet service,No internet service,Month-To-Month,Yes,Electronic check,33.65,2262.07,Yes,0,Loyal (49m+),0,33.76223880597015,0,0,0,33.76
CUST-04581,Male,No,Yes,Yes,54,Yes,No,Fiber optic,Yes,Yes,Yes,No,Yes,Yes,Month-To-Month,Yes,Mailed check,104.25,5639.04,Yes,0,Loyal (49m+),5,104.42666666666666,0,1,0,104.43
CUST-04582,F,No,No,No,66,Yes,No,DSL,No,No,No,No,No,No,Month-To-Month,Yes,Mailed check,54.52,3605.14,No,0,Loyal (49m+),0,54.623333333333335,0,0,0,54.62
CUST-04583,Male,No,Yes,No,48,Yes,No,No,No internet service,No internet service,No internet service,No internet service,No internet service,No internet service,Two Year,Yes,Electronic check,27.93,1348.2,No,0,Established (25-48m),0,28.087500000000002,0,0,0,28.09
CUST-04584,Female,No,No,Yes,50,Yes,No,DSL,No,No,Yes,Yes,No,Yes,Month-To-Month,Yes,Electronic check,70.53,3535.92,No,0,Loyal (49m+),3,70.7184,0,1,0,70.72
CUST-04585,Female,No,No,Yes,58,Yes,Yes,No,No internet service,No internet service,No internet service,No internet service,No internet service,No internet service,Two Year,No,Electronic check,34.24,1992.47,No,0,Loyal (49m+),0,34.35293103448276,0,0,0,34.35
CUST-04586,Male,No,No,No,5,Yes,No,Fiber optic,Yes,No,No,Yes,Yes,No,Month-To-Month,Yes,Bank transfer,96.3,475.59,No,0,New (0-12m),3,95.118,0,1,0,95.12
CUST-04587,M,No,Yes,No,50,Yes,Yes,Fiber optic,Yes,No,No,No,Yes,Yes,Two Year,No,Electronic check,102.46,5128.85,Yes,0,Loyal (49m+),3,102.57700000000001,0,1,0,102.58
CUST-04588,Male,No,Yes,No,37,No,No phone service,Fiber optic,Yes,Yes,Yes,Yes,Yes,Yes,One Year,Yes,Credit card,99.41,3682.36,No,0,Established (25-48m),6,99.52324324324324,0,1,0,99.52
CUST-04589,Female,No,No,Yes,10,Yes,No,DSL,No,Yes,No,No,No,No,Two Year,No,Electronic check,61.21,613.22,No,0,New (0-12m),1,61.322,0,0,0,61.32
CUST-04590,Male,No,No,No,51,Yes,No,Fiber optic,Yes,No,No,No,No,No,Two Year,Yes,Mailed check,83.98,4276.47,No,0,Loyal (49m+),1,83.85235294117648,0,0,0,83.85
CUST-04591,Female,No,No,No,19,No,No phone service,DSL,No,No,No,No,Yes,Yes,One Year,No,Mailed check,56.56,1065.6,No,0,Mid-term (13-24m),2,56.084210526315786,0,1,0,56.08
CUST-04592,Male,Yes,No,Yes,9,Yes,No,DSL,No,No,Yes,No,No,No,Two Year,Yes,Electronic check,60.92,542.62,No,0,New (0-12m),1,60.291111111111114,0,0,0,60.29
CUST-04593,Female,No,Yes,Yes,25,Yes,No,Fiber optic,No,No,No,Yes,No,No,One Year,No,Credit card,83.75,2101.29,No,0,Established (25-48m),1,84.0516,0,0,0,84.05
CUST-04594,Female,No,No,Yes,47,Yes,No,Fiber optic,No,Yes,No,No,No,No,One Year,Yes,Credit card,84.8,3980.99,No,0,Established (25-48m),1,84.70191489361702,0,0,0,84.7
CUST-04595,Male,No,Yes,No,13,Yes,Yes,Fiber optic,Yes,Yes,No,Yes,No,No,Month-To-Month,No,Electronic check,101.53,1318.83,No,0,Mid-term (13-24m),3,101.44846153846153,0,0,0,101.45
CUST-04596,Female,No,Yes,Yes,58,Yes,Yes,Fiber optic,No,Yes,No,Yes,Yes,No,Two Year,Yes,Bank transfer,101.05,5870.85,No,0,Loyal (49m+),3,101.22155172413794,0,1,0,101.22
CUST-04597,Female,No,Yes,Yes,11,No,No phone service,Fiber optic,No,Yes,Yes,No,No,No,Two Year,No,Bank transfer,77.66,854.45,No,0,New (0-12m),2,77.67727272727274,0,0,0,77.68
CUST-04598,Male,No,Yes,No,22,Yes,Yes,DSL,No,Yes,No,No,No,Yes,Month-To-Month,No,Credit card,67.51,1490.57,No,0,Mid-term (13-24m),2,67.75318181818182,0,1,0,67.75
CUST-04599,Female,No,No,No,71,Yes,Yes,No,No internet service,No internet service,No internet service,No internet service,No internet service,No internet service,Month-To-Month,No,Mailed check,36.27,2581.07,Yes,0,Loyal (49m+),0,36.3530985915493,0,0,0,36.35
CUST-04600,Male,Yes,Yes,Yes,38,Yes,No,DSL,No,No,Yes,No,No,No,Two Year,No,Electronic check,59.77,2278.85,No,0,Established (25-48m),1,59.96973684210526,0,0,0,59.97
CUST-04601,Male,No,No,No,8,Yes,No,Fiber optic,No,Yes,Yes,No,No,No,Two Year,Yes,Mailed check,90.06,717.14,No,0,New (0-12m),2,89.6425,0,0,0,89.64
CUST-04602,Male,No,Yes,Yes,24,Yes,Yes,Fiber optic,No,No,Yes,Yes,Yes,Yes,Two Year,Yes,Mailed check,106.22660000000005,2568.73,No,0,Mid-term (13-24m),4,107.03041666666667,0,1,0,107.03
CUST-04603,Male,Yes,No,No,16,Yes,No,Fiber optic,No,Yes,Yes,No,Yes,No,Month-To-Month,No,Bank transfer,93.16,1498.33,No,0,Mid-term (13-24m),3,93.645625,0,1,0,93.65
CUST-04604,Female,No,No,No,41,No,No phone service,Fiber optic,No,Yes,No,No,Yes,No,Month-To-Month,Yes,Credit card,77.66,3186.25,No,0,Established (25-48m),2,77.71341463414635,0,1,0,77.71
CUST-04605,Female,No,No,Yes,28,No,No phone service,No,No internet service,No internet service,No internet service,No internet service,No internet service,No internet service,Month-To-Month,No,Electronic check,19.8858,518.24,No,0,Established (25-48m),0,18.50857142857143,0,0,0,18.51
CUST-04606,Female,No,No,Yes,59,Yes,Yes,Fiber optic,No,Yes,Yes,Yes,No,Yes,Month-To-Month,Yes,Credit card,106.06,6258.94,No,0,Loyal (49m+),4,106.08372881355932,0,1,0,106.08
CUST-04607,Male,No,No,Yes,66,Yes,Yes,Fiber optic,No,No,No,Yes,No,No,Month-To-Month,Yes,Credit card,88.41,5825.76,No,0,Loyal (49m+),1,88.2690909090909,0,0,0,88.27
CUST-04608,Female,No,Yes,No,56,Yes,Yes,Fiber optic,Yes,No,No,No,Yes,No,Month-To-Month,Yes,Credit card,95.14,5322.82,No,0,Loyal (49m+),2,95.05035714285714,0,1,0,95.05
CUST-04609,Female,Yes,No,Yes,71,Yes,No,Fiber optic,No,No,No,No,Yes,Yes,Month-To-Month,Yes,Bank transfer,91.78,6519.83,No,0,Loyal (49m+),2,91.82859154929578,0,1,0,91.83
CUST-04610,Male,No,Yes,No,13,Yes,Yes,Fiber optic,Yes,No,Yes,No,No,Yes,Month-To-Month,No,Bank transfer,101.7,1312.76,No,0,Mid-term (13-24m),3,100.98153846153846,0,1,0,100.98
CUST-04611,Male,No,No,No,38,Yes,No,DSL,No,No,No,No,No,No,Month-To-Month,Yes,Electronic check,53.55,2037.03,No,0,Established (25-48m),0,53.60605263157895,0,0,0,53.61
CUST-04612,Female,Yes,Yes,Yes,15,Yes,No,Fiber optic,Yes,Yes,Yes,Yes,Yes,Yes,One Year,Yes,Credit card,106.22660000000005,1670.85,No,0,Mid-term (13-24m),6,111.39,0,1,0,111.39
CUST-04613,Male,No,Yes,No,17,Yes,No,DSL,No,No,Yes,No,Yes,Yes,Month-To-Month,No,Mailed check,72.47,1222.16,No,0,Mid-term (13-24m),3,71.89176470588235,0,1,0,71.89
CUST-04614,Male,No,Yes,No,19,Yes,No,Fiber optic,Yes,No,No,No,No,Yes,Month-To-Month,Yes,Electronic check,92.37,1762.86,Yes,0,Mid-term (13-24m),2,92.78210526315789,0,1,0,92.78
CUST-04615,Male,No,No,Yes,45,Yes,No,Fiber optic,No,No,Yes,Yes,Yes,No,Month-To-Month,No,Mailed check,96.96,4371.42,No,0,Established (25-48m),3,97.14266666666667,0,1,0,97.14
CUST-04616,Male,Yes,Yes,No,44,Yes,Yes,No,No internet service,No internet service,No internet service,No internet service,No internet service,No internet service,Month-To-Month,Yes,Electronic check,32.82,1439.88,No,0,Established (25-48m),0,32.724545454545456,0,0,0,32.72
CUST-04617,Female,No,No,No,3,Yes,Yes,Fiber optic,No,Yes,No,No,No,Yes,Two Year,No,Mailed check,95.64,294.22,No,0,New (0-12m),2,98.07333333333334,1,1,0,98.07
CUST-04618,Male,No,No,Yes,19,Yes,Yes,Fiber optic,No,No,No,No,No,Yes,Month-To-Month,Yes,Bank transfer,89.7,1695.8,No,0,Mid-term (13-24m),1,89.25263157894737,0,1,0,89.25
CUST-04619,Male,No,Yes,Yes,10,Yes,No,Fiber optic,No,No,No,Yes,No,Yes,Two Year,Yes,Mailed check,88.9,887.23,No,0,New (0-12m),2,88.723,0,1,0,88.72
CUST-04620,Male,No,Yes,No,64,Yes,Yes,Fiber optic,Yes,No,No,No,Yes,No,Month-To-Month,Yes,Electronic check,94.08,6020.65,No,0,Loyal (49m+),2,94.07265625,0,1,0,94.07
CUST-04621,M,Yes,No,No,17,Yes,Yes,DSL,No,Yes,No,No,Yes,Yes,Two Year,Yes,Electronic check,77.22,1310.91,No,0,Mid-term (13-24m),3,77.11235294117648,0,1,0,77.11
CUST-04622,Male,No,No,No,38,Yes,No,DSL,No,Yes,Yes,Yes,Yes,No,Month-To-Month,No,Mailed check,77.26,2932.85,Yes,0,Established (25-48m),4,77.18026315789473,0,1,0,77.18
CUST-04623,Male,No,No,No,43,Yes,Yes,Fiber optic,Yes,Yes,Yes,No,No,No,Month-To-Month,Yes,Electronic check,98.01,4216.66,Yes,0,Established (25-48m),3,98.06186046511628,0,0,0,98.06
CUST-04624,Male,Yes,No,Yes,17,Yes,No,No,No internet service,No internet service,No internet service,No internet service,No internet service,No internet service,Two Year,No,Mailed check,28.52,488.37,No,0,Mid-term (13-24m),0,28.72764705882353,0,0,0,28.73
CUST-04625,Male,No,No,No,46,Yes,No,Fiber optic,Yes,No,No,No,No,No,Month-To-Month,Yes,Electronic check,87.09,4015.31,No,0,Established (25-48m),1,87.28934782608695,0,0,0,87.29
CUST-04626,Female,No,No,No,30,Yes,No,Fiber optic,No,No,No,No,Yes,No,One Year,Yes,Credit card,85.57,2559.63,No,0,Established (25-48m),1,85.321,0,1,0,85.32
CUST-04627,Male,No,Yes,No,38,Yes,No,DSL,Yes,No,Yes,Yes,No,No,Month-To-Month,Yes,Mailed check,71.03,2707.15,No,0,Established (25-48m),3,71.24078947368422,0,0,0,71.24
CUST-04628,Female,No,No,No,37,Yes,Yes,Fiber optic,Yes,Yes,No,No,No,Yes,One Year,Yes,Bank transfer,99.24,3677.83,No,0,Established (25-48m),3,99.40081081081081,0,1,0,99.4
CUST-04629,Male,No,No,Yes,46,Yes,Yes,No,No internet service,No internet service,No internet service,No internet service,No internet service,No internet service,Two Year,Yes,Electronic check,33.71,1546.31,No,0,Established (25-48m),0,33.615434782608695,0,0,0,33.62
CUST-04630,Male,Yes,Yes,No,69,Yes,No,DSL,No,Yes,No,No,No,No,Two Year,Yes,Electronic check,59.73,4115.38,No,0,Loyal (49m+),1,59.643188405797105,0,0,0,59.64
CUST-04631,Male,No,Yes,Yes,7,Yes,Yes,Fiber optic,No,No,No,Yes,No,No,Month-To-Month,No,Bank transfer,89.2,616.73,Yes,0,New (0-12m),1,88.10428571428572,0,0,0,88.1
CUST-04632,Male,No,Yes,Yes,64,Yes,Yes,DSL,No,Yes,Yes,No,Yes,No,Month-To-Month,Yes,Electronic check,77.22,4940.55,No,0,Loyal (49m+),3,77.19609375,0,1,0,77.2
CUST-04633,Female,No,No,Yes,12,Yes,No,No,No internet service,No internet service,No internet service,No internet service,No internet service,No internet service,Month-To-Month,Yes,Electronic check,28.32,340.84,Yes,0,New (0-12m),0,28.403333333333332,0,0,0,28.4
CUST-04634,Male,No,Yes,Yes,54,Yes,No,Fiber optic,No,Yes,Yes,Yes,Yes,Yes,Two Year,Yes,Electronic check,106.22660000000005,5804.24,No,0,Loyal (49m+),5,107.48592592592593,0,1,0,107.49
CUST-04635,Male,No,Yes,Yes,42,No,No phone service,DSL,No,No,Yes,Yes,No,No,Month-To-Month,No,Credit card,57.03,2393.6,No,0,Established (25-48m),2,56.99047619047619,0,0,0,56.99
CUST-04636,Female,No,No,No,3,Yes,Yes,DSL,No,No,Yes,No,Yes,No,One Year,Yes,Electronic check,70.36,214.79,Yes,0,New (0-12m),2,71.59666666666666,1,1,0,71.6
CUST-04637,Female,Yes,No,Yes,70,Yes,Yes,Fiber optic,No,No,Yes,No,No,Yes,Month-To-Month,No,Electronic check,94.21,6598.86,No,0,Loyal (49m+),2,94.26942857142856,0,1,0,94.27
CUST-04638,Male,No,No,Yes,59,Yes,No,Fiber optic,No,Yes,No,No,No,Yes,Two Year,Yes,Electronic check,91.12,5376.38,Yes,0,Loyal (49m+),2,91.12508474576272,0,1,0,91.13
CUST-04639,Female,No,No,Yes,11,Yes,No,Fiber optic,No,No,No,No,No,Yes,Month-To-Month,Yes,Bank transfer,84.9,934.93,Yes,0,New (0-12m),1,84.99363636363636,0,1,0,84.99
CUST-04640,Female,No,Yes,No,58,No,No phone service,Fiber optic,No,No,No,No,Yes,Yes,One Year,Yes,Bank transfer,79.37,4597.36,No,0,Loyal (49m+),2,79.26482758620689,0,1,0,79.26
CUST-04641,Female,Yes,No,No,53,Yes,Yes,Fiber optic,Yes,Yes,No,No,No,No,One Year,Yes,Mailed check,94.16,4991.56,No,0,Loyal (49m+),2,94.18037735849057,0,0,0,94.18
CUST-04642,Male,No,Yes,No,43,Yes,No,No,No internet service,No internet service,No internet service,No internet service,No internet service,No internet service,Two Year,No,Electronic check,27.9,1191.21,No,0,Established (25-48m),0,27.702558139534883,0,0,0,27.7
CUST-04643,Male,No,No,Yes,15,Yes,Yes,No,No internet service,No internet service,No internet service,No internet service,No internet service,No internet service,Two Year,Yes,Mailed check,34.67,521.46,No,0,Mid-term (13-24m),0,34.764,0,0,0,34.76
CUST-04644,Male,No,Yes,Yes,5,Yes,No,DSL,No,Yes,Yes,No,Yes,No,Month-To-Month,Yes,Electronic check,68.74,346.56,Yes,0,New (0-12m),3,69.312,0,1,0,69.31
CUST-04645,Female,Yes,No,No,13,Yes,Yes,Fiber optic,Yes,No,Yes,No,No,No,Month-To-Month,Yes,Mailed check,92.6,1213.44,No,0,Mid-term (13-24m),2,93.34153846153846,0,0,0,93.34
CUST-04646,Male,No,No,No,57,Yes,Yes,DSL,Yes,No,No,No,Yes,No,Two Year,Yes,Electronic check,68.67,3912.69,No,0,Loyal (49m+),2,68.64368421052632,0,1,0,68.64
CUST-04647,Female,No,No,No,30,Yes,No,Fiber optic,No,No,No,Yes,No,No,One Year,No,Electronic check,83.67,2510.01,No,0,Established (25-48m),1,83.667,0,0,0,83.67
CUST-04648,Male,No,Yes,Yes,40,Yes,Yes,Fiber optic,No,No,Yes,No,No,Yes,One Year,No,Bank transfer,94.01,3759.44,No,0,Established (25-48m),2,93.986,0,1,0,93.99
CUST-04649,Male,No,Yes,No,34,Yes,Yes,Fiber optic,No,No,No,Yes,Yes,No,Two Year,Yes,Bank transfer,97.23,3301.02,Yes,0,Established (25-48m),2,97.08882352941177,0,1,0,97.09
CUST-04650,Female,No,Yes,No,9,Yes,Yes,Fiber optic,No,No,No,No,No,No,Month-To-Month,Yes,Credit card,87.0,774.89,No,0,New (0-12m),0,86.0988888888889,0,0,0,86.1
CUST-04651,Male,No,No,No,29,Yes,No,No,No internet service,No internet service,No internet service,No internet service,No internet service,No internet service,One Year,No,Mailed check,27.66,804.95,No,0,Established (25-48m),0,27.75689655172414,0,0,0,27.76
CUST-04652,Female,No,Yes,No,43,Yes,Yes,DSL,No,Yes,Yes,No,No,No,Month-To-Month,Yes,Credit card,68.69,2945.11,No,0,Established (25-48m),2,68.49093023255814,0,0,0,68.49
CUST-04653,Female,Yes,No,No,54,Yes,Yes,No,No internet service,No internet service,No internet service,No internet service,No internet service,No internet service,Month-To-Month,No,Credit card,34.71,1872.94,No,0,Loyal (49m+),0,34.684074074074076,0,0,0,34.68
CUST-04654,Male,Yes,No,Yes,70,Yes,Yes,DSL,No,No,No,No,No,Yes,Two Year,Yes,Electronic check,63.89,4462.52,Yes,0,Loyal (49m+),1,63.750285714285724,0,1,0,63.75
CUST-04655,Female,No,No,No,17,Yes,No,DSL,Yes,No,No,No,Yes,No,Month-To-Month,Yes,Mailed check,64.48,1104.97,Yes,0,Mid-term (13-24m),2,64.99823529411765,0,1,0,65.0
CUST-04656,Male,No,Yes,Yes,38,Yes,No,Fiber optic,Yes,No,No,No,Yes,No,Month-To-Month,No,Bank transfer,91.65,3486.65,No,0,Established (25-48m),2,91.75394736842105,0,1,0,91.75
CUST-04657,Male,No,No,No,41,Yes,No,No,No internet service,No internet service,No internet service,No internet service,No internet service,No internet service,Month-To-Month,Yes,Bank transfer,30.35,1238.81,No,0,Established (25-48m),0,30.214878048780488,0,0,0,30.21
CUST-04658,Female,No,Yes,No,53,Yes,Yes,No,No internet service,No internet service,No internet service,No internet service,No internet service,No internet service,Month-To-Month,No,Credit card,34.6,1829.32,Yes,0,Loyal (49m+),0,34.51547169811321,0,0,0,34.52
CUST-04659,Male,No,No,Yes,29,No,No phone service,Fiber optic,No,No,No,No,No,No,Two Year,Yes,Bank transfer,69.93,2024.41,No,0,Established (25-48m),0,69.80724137931034,0,0,0,69.81
CUST-04660,Female,No,No,Yes,19,Yes,No,Fiber optic,No,Yes,No,No,Yes,Yes,One Year,No,Mailed check,93.87,1783.91,No,0,Mid-term (13-24m),3,93.89,0,1,0,93.89
CUST-04661,Male,No,No,Yes,41,Yes,No,Fiber optic,No,Yes,No,No,No,Yes,Month-To-Month,Yes,Mailed check,88.55,3633.19,No,0,Established (25-48m),2,88.61439024390243,0,1,0,88.61
CUST-04662,Male,No,Yes,No,4,Yes,No,Fiber optic,No,No,No,No,No,No,Month-To-Month,Yes,Mailed check,78.56,305.77,Yes,0,New (0-12m),0,76.4425,0,0,0,76.44
CUST-04663,F,No,Yes,No,49,Yes,Yes,No,No internet service,No internet service,No internet service,No internet service,No internet service,No internet service,Month-To-Month,No,Credit card,36.49,1791.22,No,0,Loyal (49m+),0,36.555510204081635,0,0,0,36.56
CUST-04664,Male,No,No,Yes,40,Yes,No,No,No internet service,No internet service,No internet service,No internet service,No internet service,No internet service,Month-To-Month,Yes,Credit card,28.47,1130.29,No,0,Established (25-48m),0,28.25725,0,0,0,28.26
CUST-04665,Male,No,Yes,No,38,Yes,No,No,No internet service,No internet service,No internet service,No internet service,No internet service,No internet service,Month-To-Month,No,Electronic check,32.06,1226.56,No,0,Established (25-48m),0,32.27789473684211,0,0,0,32.28
CUST-04666,Female,No,Yes,No,56,Yes,No,Fiber optic,No,No,Yes,Yes,No,Yes,Month-To-Month,No,Mailed check,94.75,5305.95,No,0,Loyal (49m+),3,94.74910714285714,0,1,0,94.75
CUST-04667,Female,Yes,No,No,56,Yes,No,Fiber optic,Yes,No,No,No,Yes,Yes,Two Year,No,Mailed check,95.17,5338.19,No,0,Loyal (49m+),3,95.32482142857143,0,1,0,95.32
CUST-04668,Female,No,No,Yes,36,No,No phone service,DSL,Yes,No,Yes,Yes,No,No,Month-To-Month,No,Mailed check,60.55,2182.65,No,0,Established (25-48m),3,60.62916666666667,0,0,0,60.63
CUST-04669,Female,No,Yes,Yes,6,Yes,Yes,Fiber optic,Yes,No,No,No,No,No,Month-To-Month,No,Credit card,89.03,532.2,Yes,0,New (0-12m),1,88.7,0,0,0,88.7
CUST-04670,Female,No,No,Yes,4,Yes,No,DSL,No,Yes,Yes,No,Yes,No,Month-To-Month,Yes,Mailed check,71.98,293.58,Yes,0,New (0-12m),3,73.395,0,1,0,73.4
CUST-04671,Female,No,No,No,50,Yes,Yes,DSL,Yes,No,No,Yes,No,No,Month-To-Month,No,Electronic check,70.54,3518.36,No,0,Loyal (49m+),2,70.3672,0,0,0,70.37
CUST-04672,Male,Yes,Yes,Yes,7,Yes,Yes,Fiber optic,No,Yes,No,Yes,No,No,Two Year,Yes,Mailed check,97.0,680.74,No,0,New (0-12m),2,97.24857142857142,0,0,0,97.25
CUST-04673,male,No,Yes,Yes,55,No,No phone service,Fiber optic,No,No,No,Yes,No,Yes,Month-To-Month,No,Mailed check,80.04,4397.35,No,0,Loyal (49m+),2,79.95181818181818,0,1,0,79.95
CUST-04674,Female,No,No,No,72,Yes,Yes,Fiber optic,No,No,Yes,No,Yes,Yes,Month-To-Month,Yes,Mailed check,97.69,7040.53,No,0,Loyal (49m+),3,97.78513888888888,0,1,0,97.79
CUST-04675,Female,No,Yes,Yes,10,Yes,No,DSL,No,No,No,No,No,No,Two Year,Yes,Electronic check,52.66,534.41,No,0,New (0-12m),0,53.440999999999995,0,0,0,53.44
CUST-04676,Male,No,Yes,No,21,Yes,Yes,Fiber optic,Yes,Yes,No,No,Yes,No,One Year,Yes,Electronic check,99.04,2081.55,No,0,Mid-term (13-24m),3,99.12142857142858,0,1,0,99.12
CUST-04677,Male,Yes,No,Yes,10,Yes,No,Fiber optic,No,Yes,Yes,Yes,Yes,Yes,Month-To-Month,No,Bank transfer,106.22660000000005,1062.62,No,0,New (0-12m),5,106.26199999999999,0,1,0,106.26
CUST-04678,Male,No,No,Yes,59,No,No phone service,No,No internet service,No internet service,No internet service,No internet service,No internet service,No internet service,Two Year,Yes,Bank transfer,19.8858,1108.75,No,0,Loyal (49m+),0,18.79237288135593,0,0,0,18.79
CUST-04679,Female,No,No,Yes,14,Yes,Yes,DSL,No,Yes,Yes,No,Yes,Yes,Month-To-Month,Yes,Bank transfer,79.92,1121.29,No,0,Mid-term (13-24m),4,80.09214285714286,0,1,0,80.09
CUST-04680,Female,No,No,Yes,37,Yes,No,Fiber optic,No,No,Yes,Yes,No,No,Two Year,Yes,Bank transfer,88.51,3273.37,No,0,Established (25-48m),2,88.46945945945946,0,0,0,88.47
CUST-04681,Female,No,Yes,Yes,0,Yes,Yes,DSL,No,No,No,No,No,Yes,Month-To-Month,Yes,Credit card,66.25,0.0,No,0,New (0-12m),1,66.25,1,1,0,66.25
CUST-04682,Male,No,Yes,No,45,Yes,No,DSL,No,Yes,No,No,Yes,Yes,One Year,Yes,Credit card,70.85,3185.63,No,0,Established (25-48m),3,70.79177777777778,0,1,0,70.79
CUST-04683,Male,No,No,Yes,42,Yes,Yes,DSL,No,No,No,No,No,No,Month-To-Month,Yes,Mailed check,62.01,2604.53,No,0,Established (25-48m),0,62.012619047619054,0,0,0,62.01
CUST-04684,M,No,No,Yes,21,Yes,No,DSL,No,No,Yes,No,No,No,Month-To-Month,No,Electronic check,59.28,1238.66,No,0,Mid-term (13-24m),1,58.983809523809526,0,0,0,58.98
CUST-04685,Female,No,No,Yes,2,No,No phone service,No,No internet service,No internet service,No internet service,No internet service,No internet service,No internet service,One Year,Yes,Electronic check,22.42,48.8,No,0,New (0-12m),0,24.4,1,0,0,24.4
CUST-04686,Male,Yes,No,Yes,13,Yes,Yes,No,No internet service,No internet service,No internet service,No internet service,No internet service,No internet service,One Year,No,Electronic check,36.89,486.87,No,0,Mid-term (13-24m),0,37.45153846153846,0,0,0,37.45
CUST-04687,Male,No,Yes,Yes,1,Yes,Yes,Fiber optic,No,No,Yes,No,No,Yes,Two Year,Yes,Credit card,94.74,92.07,No,0,New (0-12m),2,92.07,1,1,0,92.07
CUST-04688,Male,No,Yes,Yes,60,Yes,Yes,Fiber optic,No,Yes,Yes,No,Yes,No,Two Year,Yes,Bank transfer,101.8,6117.09,No,0,Loyal (49m+),3,101.9515,0,1,0,101.95
CUST-04689,Male,No,No,Yes,31,Yes,Yes,DSL,No,No,No,Yes,No,No,Month-To-Month,Yes,Mailed check,64.62,1993.99,Yes,0,Established (25-48m),1,64.32225806451613,0,0,0,64.32
CUST-04690,Female,No,No,No,37,Yes,No,Fiber optic,No,No,No,No,Yes,No,Month-To-Month,No,Bank transfer,86.44,3192.69,Yes,0,Established (25-48m),1,86.28891891891892,0,1,0,86.29
CUST-04691,Male,No,Yes,No,45,No,No phone service,DSL,Yes,No,Yes,No,No,Yes,One Year,Yes,Mailed check,59.3,2666.75,No,0,Established (25-48m),3,59.26111111111111,0,1,0,59.26
CUST-04692,Male,No,Yes,Yes,41,Yes,No,DSL,Yes,No,No,No,No,No,One Year,Yes,Credit card,58.78,2408.47,No,0,Established (25-48m),1,58.74317073170731,0,0,0,58.74
CUST-04693,Male,No,Yes,No,5,Yes,No,DSL,No,No,No,Yes,No,No,Month-To-Month,No,Credit card,61.19,311.82,No,0,New (0-12m),1,62.364,0,0,0,62.36
CUST-04694,Female,No,Yes,Yes,40,Yes,Yes,Fiber optic,Yes,Yes,No,Yes,Yes,No,Month-To-Month,Yes,Bank transfer,106.22660000000005,4300.54,Yes,0,Established (25-48m),4,107.5135,0,1,0,107.51
CUST-04695,Female,No,No,No,24,Yes,No,DSL,No,Yes,Yes,No,Yes,Yes,One Year,Yes,Mailed check,76.13,1823.18,No,0,Mid-term (13-24m),4,75.96583333333334,0,1,0,75.97
CUST-04696,Male,No,Yes,Yes,10,Yes,No,Fiber optic,No,Yes,Yes,No,No,Yes,Two Year,No,Electronic check,97.38,976.58,No,0,New (0-12m),3,97.658,0,1,0,97.66
CUST-04697,Male,No,Yes,No,40,No,No phone service,DSL,No,No,No,Yes,No,No,One Year,No,Electronic check,52.1,2085.03,No,0,Established (25-48m),1,52.125750000000004,0,0,0,52.13
CUST-04698,Male,No,Yes,No,70,Yes,No,No,No internet service,No internet service,No internet service,No internet service,No internet service,No internet service,Month-To-Month,No,Electronic check,29.63,2067.65,Yes,0,Loyal (49m+),0,29.537857142857145,0,0,0,29.54
CUST-04699,Female,Yes,No,Yes,56,Yes,Yes,DSL,Yes,No,No,No,No,Yes,One Year,No,Electronic check,70.03,3918.2,No,0,Loyal (49m+),2,69.96785714285714,0,1,0,69.97
CUST-04700,Female,Yes,No,No,45,Yes,No,DSL,No,Yes,No,No,Yes,No,Two Year,Yes,Credit card,63.45,2845.65,Yes,0,Established (25-48m),2,63.23666666666667,0,1,0,63.24
CUST-04701,Female,No,Yes,Yes,47,Yes,Yes,Fiber optic,No,Yes,Yes,No,No,No,Two Year,No,Electronic check,94.7,4446.98,No,0,Established (25-48m),2,94.61659574468084,0,0,0,94.62
CUST-04702,Male,No,Yes,Yes,62,Yes,Yes,No,No internet service,No internet service,No internet service,No internet service,No internet service,No internet service,Two Year,Yes,Electronic check,36.34,2245.19,No,0,Loyal (49m+),0,36.21274193548387,0,0,0,36.21
CUST-04703,Female,No,No,Yes,38,Yes,Yes,No,No internet service,No internet service,No internet service,No internet service,No internet service,No internet service,Two Year,Yes,Mailed check,35.11,1342.15,Yes,0,Established (25-48m),0,35.319736842105264,0,0,0,35.32
CUST-04704,Male,No,No,Yes,9,Yes,No,Fiber optic,No,Yes,No,No,No,Yes,Month-To-Month,Yes,Mailed check,92.37,839.31,Yes,0,New (0-12m),2,93.25666666666666,0,1,0,93.26
CUST-04705,Male,Yes,Yes,No,69,Yes,Yes,DSL,No,No,No,No,Yes,No,Month-To-Month,No,Credit card,63.07,4355.43,No,0,Loyal (49m+),1,63.12217391304348,0,1,0,63.12
CUST-04706,Male,No,No,Yes,64,Yes,No,DSL,No,Yes,No,Yes,No,No,Two Year,No,Electronic check,65.04,4172.42,No,0,Loyal (49m+),2,65.1940625,0,0,0,65.19
CUST-04707,Female,No,Yes,No,58,Yes,Yes,No,No internet service,No internet service,No internet service,No internet service,No internet service,No internet service,Month-To-Month,Yes,Credit card,35.16,2040.88,Yes,0,Loyal (49m+),0,35.187586206896555,0,0,0,35.19
CUST-04708,Male,No,No,No,35,Yes,Yes,Fiber optic,Yes,No,No,No,No,Yes,Month-To-Month,Yes,Electronic check,93.24,3257.41,No,0,Established (25-48m),2,93.06885714285714,0,1,0,93.07
CUST-04709,Female,No,Yes,Yes,26,Yes,Yes,Fiber optic,No,No,Yes,No,No,No,Two Year,Yes,Credit card,91.49,2386.43,No,0,Established (25-48m),1,91.78576923076922,0,0,0,91.79
CUST-04710,Female,No,Yes,Yes,72,No,No phone service,Fiber optic,No,No,Yes,No,No,No,Two Year,No,Mailed check,76.59,5508.65,No,0,Loyal (49m+),1,76.50902777777777,0,0,0,76.51
CUST-04711,F,No,No,No,54,No,No phone service,Fiber optic,Yes,Yes,No,No,No,Yes,Two Year,Yes,Bank transfer,86.99,4692.8,No,0,Loyal (49m+),3,86.90370370370371,0,1,0,86.9
CUST-04712,Male,No,Yes,No,69,Yes,Yes,Fiber optic,Yes,No,Yes,Yes,No,No,Two Year,Yes,Electronic check,102.19,7054.28,No,0,Loyal (49m+),3,102.2359420289855,0,0,0,102.24
CUST-04713,Female,No,No,Yes,52,Yes,No,Fiber optic,Yes,No,No,No,No,No,Month-To-Month,No,Bank transfer,86.24,4477.07,Yes,0,Loyal (49m+),1,86.0975,0,0,0,86.1
CUST-04714,Male,No,No,No,59,Yes,Yes,DSL,No,No,No,No,No,Yes,Two Year,No,Bank transfer,66.71,3938.09,No,0,Loyal (49m+),1,66.74728813559322,0,1,0,66.75
CUST-04715,Female,No,No,No,60,Yes,Yes,DSL,No,No,Yes,No,No,Yes,Month-To-Month,No,Electronic check,67.86,4067.66,No,0,Loyal (49m+),2,67.79433333333333,0,1,0,67.79
CUST-04716,Male,No,Yes,No,35,Yes,No,Fiber optic,No,No,No,No,Yes,Yes,One Year,No,Electronic check,89.42,3132.22,No,0,Established (25-48m),2,89.49199999999999,0,1,0,89.49
CUST-04717,Female,No,Yes,Yes,26,Yes,No,No,No internet service,No internet service,No internet service,No internet service,No internet service,No internet service,Month-To-Month,No,Credit card,28.92,757.88,No,0,Established (25-48m),0,29.14923076923077,0,0,0,29.15
CUST-04718,Female,No,Yes,No,40,Yes,Yes,Fiber optic,No,Yes,No,No,Yes,No,Month-To-Month,No,Mailed check,96.47,3856.69,No,0,Established (25-48m),2,96.41725,0,1,0,96.42
CUST-04719,Female,Yes,No,No,27,Yes,Yes,Fiber optic,No,No,Yes,Yes,No,Yes,Two Year,Yes,Credit card,99.04,2670.7,No,0,Established (25-48m),3,98.9148148148148,0,1,0,98.91
CUST-04720,male,Yes,Yes,No,15,No,No phone service,No,No internet service,No internet service,No internet service,No internet service,No internet service,No internet service,Month-To-Month,Yes,Bank transfer,20.01,296.76,No,0,Mid-term (13-24m),0,19.784,0,0,0,19.78
CUST-04721,Male,Yes,Yes,No,34,Yes,Yes,Fiber optic,Yes,Yes,Yes,No,No,No,One Year,No,Mailed check,99.62,3384.23,No,0,Established (25-48m),3,99.53617647058823,0,0,0,99.54
CUST-04722,Male,No,Yes,Yes,35,Yes,No,DSL,No,No,Yes,No,Yes,No,Month-To-Month,Yes,Electronic check,66.29,2325.82,No,0,Established (25-48m),2,66.452,0,1,0,66.45
CUST-04723,Female,No,Yes,Yes,55,Yes,No,DSL,No,No,No,No,Yes,No,Month-To-Month,No,Credit card,60.38,3319.51,No,0,Loyal (49m+),1,60.354727272727274,0,1,0,60.35
CUST-04724,Female,No,No,No,18,No,No phone service,No,No internet service,No internet service,No internet service,No internet service,No internet service,No internet service,Month-To-Month,Yes,Mailed check,19.8858,354.73,No,0,Mid-term (13-24m),0,19.707222222222224,0,0,0,19.71
CUST-04725,Male,Yes,Yes,No,56,No,No phone service,Fiber optic,No,No,No,No,No,Yes,One Year,Yes,Electronic check,73.16,4101.76,Yes,0,Loyal (49m+),1,73.24571428571429,0,1,0,73.25
CUST-04726,Male,Yes,No,No,32,Yes,No,No,No internet service,No internet service,No internet service,No internet service,No internet service,No internet service,Month-To-Month,Yes,Bank transfer,28.32,906.9,No,0,Established (25-48m),0,28.340625,0,0,0,28.34
CUST-04727,Male,Yes,No,Yes,22,Yes,Yes,Fiber optic,No,Yes,No,Yes,No,No,Month-To-Month,Yes,Electronic check,96.11,2113.53,No,0,Mid-term (13-24m),2,96.06954545454546,0,0,0,96.07
CUST-04728,Male,No,No,Yes,62,Yes,No,Fiber optic,Yes,No,No,Yes,Yes,Yes,One Year,Yes,Credit card,97.67,6053.11,No,0,Loyal (49m+),4,97.6308064516129,0,1,0,97.63
CUST-04729,Male,Yes,No,No,69,Yes,Yes,DSL,Yes,Yes,No,No,No,No,Month-To-Month,Yes,Electronic check,69.69,4811.71,No,0,Loyal (49m+),2,69.73492753623188,0,0,0,69.73
CUST-04730,Male,No,Yes,No,21,Yes,No,No,No internet service,No internet service,No internet service,No internet service,No internet service,No internet service,Month-To-Month,No,Electronic check,31.15,654.44,No,0,Mid-term (13-24m),0,31.163809523809526,0,0,0,31.16
CUST-04731,Female,No,Yes,Yes,66,Yes,No,DSL,Yes,Yes,No,No,Yes,No,Two Year,No,Electronic check,69.32,4570.95,No,0,Loyal (49m+),3,69.25681818181818,0,1,0,69.26
CUST-04732,Male,No,Yes,No,58,Yes,Yes,No,No internet service,No internet service,No internet service,No internet service,No internet service,No internet service,Month-To-Month,Yes,Electronic check,35.75,2074.16,No,0,Loyal (49m+),0,35.76137931034482,0,0,0,35.76
CUST-04733,F,No,No,No,24,Yes,Yes,DSL,No,No,No,Yes,Yes,No,Month-To-Month,Yes,Mailed check,71.34,1715.32,No,0,Mid-term (13-24m),2,71.47166666666666,0,1,0,71.47
CUST-04734,Female,No,Yes,Yes,16,Yes,Yes,DSL,No,No,No,No,Yes,No,One Year,Yes,Bank transfer,66.9,1071.29,No,0,Mid-term (13-24m),1,66.955625,0,1,0,66.96
CUST-04735,Male,No,No,Yes,38,Yes,Yes,DSL,No,No,No,No,Yes,No,Two Year,Yes,Bank transfer,63.62,2407.86,No,0,Established (25-48m),1,63.364736842105266,0,1,0,63.36
CUST-04736,Male,No,Yes,Yes,38,Yes,Yes,No,No internet service,No internet service,No internet service,No internet service,No internet service,No internet service,Two Year,Yes,Bank transfer,36.02,1378.62,No,0,Established (25-48m),0,36.27947368421052,0,0,0,36.28
CUST-04737,Male,No,Yes,Yes,23,Yes,Yes,DSL,Yes,Yes,No,No,No,No,Two Year,Yes,Mailed check,70.29,1621.81,No,0,Mid-term (13-24m),2,70.51347826086956,0,0,0,70.51
CUST-04738,Male,Yes,Yes,Yes,37,Yes,No,Fiber optic,No,Yes,Yes,No,No,Yes,Month-To-Month,Yes,Mailed check,94.8,3502.47,No,0,Established (25-48m),3,94.66135135135134,0,1,0,94.66
CUST-04739,Male,No,No,No,56,Yes,No,DSL,Yes,No,No,No,Yes,No,Month-To-Month,No,Credit card,64.59,3622.25,No,0,Loyal (49m+),2,64.68303571428571,0,1,0,64.68
CUST-04740,Female,No,Yes,Yes,43,Yes,No,DSL,No,No,No,No,No,Yes,Two Year,Yes,Mailed check,61.86,2665.33,No,0,Established (25-48m),1,61.98441860465116,0,1,0,61.98
CUST-04741,Male,No,No,Yes,35,Yes,No,Fiber optic,No,Yes,Yes,No,Yes,No,Two Year,Yes,Electronic check,93.4,3271.02,No,0,Established (25-48m),3,93.45771428571429,0,1,0,93.46
CUST-04742,male,Yes,No,Yes,69,Yes,No,No,No internet service,No internet service,No internet service,No internet service,No internet service,No internet service,Month-To-Month,Yes,Mailed check,31.39,2168.4,Yes,0,Loyal (49m+),0,31.42608695652174,0,0,0,31.43
CUST-04743,Female,No,No,Yes,44,Yes,No,No,No internet service,No internet service,No internet service,No internet service,No internet service,No internet service,Two Year,No,Electronic check,27.88,1219.95,No,0,Established (25-48m),0,27.726136363636364,0,0,0,27.73
CUST-04744,Male,No,Yes,Yes,25,Yes,No,DSL,No,Yes,No,Yes,No,Yes,Month-To-Month,No,Electronic check,70.24,1753.44,No,0,Established (25-48m),3,70.1376,0,1,0,70.14
CUST-04745,Female,No,Yes,Yes,10,Yes,No,No,No internet service,No internet service,No internet service,No internet service,No internet service,No internet service,Two Year,No,Bank transfer,28.3,284.76,Yes,0,New (0-12m),0,28.476,0,0,0,28.48
CUST-04746,Male,No,No,No,51,No,No phone service,Fiber optic,Yes,Yes,No,No,Yes,Yes,Month-To-Month,No,Credit card,89.8,4571.35,No,0,Loyal (49m+),4,89.6343137254902,0,1,0,89.63
CUST-04747,Female,No,No,Yes,24,No,No phone service,DSL,No,No,Yes,Yes,No,No,Two Year,Yes,Mailed check,54.91,1327.4,Yes,0,Mid-term (13-24m),2,55.30833333333334,0,0,0,55.31
CUST-04748,Female,Yes,No,No,30,No,No phone service,Fiber optic,No,Yes,Yes,No,No,Yes,One Year,Yes,Bank transfer,86.16,2576.84,No,0,Established (25-48m),3,85.89466666666667,0,1,0,85.89
CUST-04749,Male,No,No,No,44,Yes,Yes,DSL,No,Yes,No,No,No,Yes,Month-To-Month,No,Electronic check,68.54,3013.83,Yes,0,Established (25-48m),2,68.49613636363637,0,1,0,68.5
CUST-04750,Male,No,No,Yes,66,Yes,Yes,No,No internet service,No internet service,No internet service,No internet service,No internet service,No internet service,Two Year,No,Mailed check,33.98,2250.95,No,0,Loyal (49m+),0,34.10530303030303,0,0,0,34.11
CUST-04751,Male,Yes,Yes,Yes,39,Yes,No,Fiber optic,No,No,No,Yes,Yes,No,One Year,Yes,Bank transfer,90.0,3500.3,Yes,0,Established (25-48m),2,89.75128205128206,0,1,0,89.75
CUST-04752,Male,Yes,Yes,No,45,Yes,Yes,DSL,No,Yes,No,No,No,No,One Year,Yes,Mailed check,66.28,2986.26,No,0,Established (25-48m),1,66.36133333333333,0,0,0,66.36
CUST-04753,Male,No,Yes,No,53,Yes,Yes,Fiber optic,No,No,Yes,Yes,Yes,Yes,Month-To-Month,No,Electronic check,105.22,5574.43,No,0,Loyal (49m+),4,105.17792452830189,0,1,0,105.18
CUST-04754,Female,Yes,No,No,40,Yes,Yes,Fiber optic,No,Yes,No,No,No,No,Two Year,Yes,Bank transfer,91.47,3663.14,Yes,0,Established (25-48m),1,91.57849999999999,0,0,0,91.58
CUST-04755,Female,No,No,Yes,37,Yes,Yes,Fiber optic,Yes,No,No,No,Yes,Yes,Month-To-Month,Yes,Credit card,100.77,3731.77,No,0,Established (25-48m),3,100.85864864864865,0,1,0,100.86
CUST-04756,Female,No,Yes,No,35,Yes,No,Fiber optic,No,Yes,No,No,No,No,Month-To-Month,Yes,Bank transfer,87.1,3050.44,Yes,0,Established (25-48m),1,87.15542857142857,0,0,0,87.16
CUST-04757,Female,No,Yes,Yes,43,Yes,Yes,Fiber optic,No,Yes,No,No,No,Yes,Month-To-Month,Yes,Electronic check,95.84,4128.43,No,0,Established (25-48m),2,96.01,0,1,0,96.01
CUST-04758,Female,No,No,Yes,56,Yes,No,Fiber optic,No,Yes,No,Yes,Yes,Yes,One Year,Yes,Electronic check,99.23,5546.98,No,0,Loyal (49m+),4,99.05321428571428,0,1,0,99.05
CUST-04759,Female,No,No,No,65,Yes,Yes,Fiber optic,No,Yes,No,No,No,Yes,One Year,Yes,Electronic check,93.0,6037.92,No,0,Loyal (49m+),2,92.89107692307692,0,1,0,92.89
CUST-04760,Female,No,No,Yes,29,Yes,Yes,No,No internet service,No internet service,No internet service,No internet service,No internet service,No internet service,Month-To-Month,No,Electronic check,36.02,1050.32,Yes,0,Established (25-48m),0,36.21793103448276,0,0,0,36.22
CUST-04761,Male,No,Yes,Yes,9,No,No phone service,DSL,Yes,Yes,No,Yes,Yes,No,Month-To-Month,Yes,Credit card,67.41,609.39,Yes,0,New (0-12m),4,67.71,0,1,0,67.71
CUST-04762,Male,No,No,No,60,Yes,Yes,Fiber optic,No,No,No,No,No,No,One Year,No,Bank transfer,84.94,5104.91,Yes,0,Loyal (49m+),0,85.08183333333334,0,0,0,85.08
CUST-04763,Female,No,No,No,62,Yes,Yes,Fiber optic,No,No,No,No,No,No,Two Year,No,Mailed check,83.18,5155.94,No,0,Loyal (49m+),0,83.16032258064516,0,0,0,83.16
CUST-04764,Female,No,No,Yes,35,Yes,Yes,DSL,No,Yes,No,No,Yes,Yes,One Year,Yes,Credit card,74.1,2594.49,Yes,0,Established (25-48m),3,74.12828571428571,0,1,0,74.13
CUST-04765,Male,No,Yes,No,53,Yes,Yes,No,No internet service,No internet service,No internet service,No internet service,No internet service,No internet service,Month-To-Month,Yes,Electronic check,34.55,1833.63,No,0,Loyal (49m+),0,34.596792452830194,0,0,0,34.6
CUST-04766,Male,No,No,Yes,64,Yes,Yes,DSL,No,No,No,No,No,No,Month-To-Month,No,Bank transfer,58.19,3717.68,Yes,0,Loyal (49m+),0,58.08875,0,0,0,58.09
CUST-04767,Male,No,Yes,No,3,No,No phone service,No,No internet service,No internet service,No internet service,No internet service,No internet service,No internet service,Month-To-Month,Yes,Electronic check,19.8858,50.35,Yes,0,New (0-12m),0,16.783333333333335,1,0,0,16.78
CUST-04768,Male,No,No,No,54,Yes,No,Fiber optic,No,No,No,No,Yes,Yes,Two Year,Yes,Electronic check,91.49,4935.53,No,0,Loyal (49m+),2,91.3987037037037,0,1,0,91.4
CUST-04769,Female,No,No,No,53,Yes,No,Fiber optic,No,No,No,Yes,No,No,Month-To-Month,Yes,Electronic check,84.09,4454.49,Yes,0,Loyal (49m+),1,84.04698113207547,0,0,0,84.05
CUST-04770,Male,No,Yes,No,63,Yes,No,No,No internet service,No internet service,No internet service,No internet service,No internet service,No internet service,One Year,Yes,Credit card,32.49,2046.62,No,0,Loyal (49m+),0,32.48603174603174,0,0,0,32.49
CUST-04771,Female,No,No,Yes,21,Yes,Yes,No,No internet service,No internet service,No internet service,No internet service,No internet service,No internet service,Month-To-Month,No,Mailed check,33.95,712.24,No,0,Mid-term (13-24m),0,33.91619047619048,0,0,0,33.92
CUST-04772,Female,Yes,Yes,No,24,Yes,Yes,No,No internet service,No internet service,No internet service,No internet service,No internet service,No internet service,Month-To-Month,No,Electronic check,33.0,797.84,No,0,Mid-term (13-24m),0,33.24333333333333,0,0,0,33.24
CUST-04773,Female,No,No,Yes,58,Yes,Yes,Fiber optic,No,No,Yes,No,Yes,No,Month-To-Month,Yes,Mailed check,96.44,5586.2,No,0,Loyal (49m+),2,96.31379310344828,0,1,0,96.31
CUST-04774,Male,No,Yes,Yes,56,Yes,No,DSL,No,No,Yes,No,No,No,Two Year,No,Electronic check,58.11,3251.54,No,0,Loyal (49m+),1,58.06321428571429,0,0,0,58.06
CUST-04775,Male,No,No,No,53,Yes,Yes,No,No internet service,No internet service,No internet service,No internet service,No internet service,No internet service,Two Year,Yes,Electronic check,32.74,1744.14,No,0,Loyal (49m+),0,32.90830188679246,0,0,0,32.91
CUST-04776,Female,Yes,Yes,No,43,Yes,No,Fiber optic,No,No,No,Yes,Yes,No,Month-To-Month,No,Bank transfer,89.48,3853.08,No,0,Established (25-48m),2,89.60651162790697,0,1,0,89.61
CUST-04777,Female,No,Yes,No,51,Yes,No,DSL,Yes,Yes,Yes,Yes,No,Yes,Month-To-Month,No,Electronic check,82.01,4181.07,No,0,Loyal (49m+),5,81.98176470588234,0,1,0,81.98
CUST-04778,Female,No,No,No,15,Yes,Yes,No,No internet service,No internet service,No internet service,No internet service,No internet service,No internet service,Month-To-Month,No,Credit card,35.35,531.87,No,0,Mid-term (13-24m),0,35.458,0,0,0,35.46
CUST-04779,Male,No,Yes,No,15,Yes,No,Fiber optic,No,No,No,No,Yes,Yes,Two Year,Yes,Mailed check,92.09,1380.75,No,0,Mid-term (13-24m),2,92.05,0,1,0,92.05
CUST-04780,Female,No,No,Yes,54,Yes,Yes,Fiber optic,No,No,No,No,Yes,No,One Year,No,Electronic check,91.87,4958.66,No,0,Loyal (49m+),1,91.82703703703703,0,1,0,91.83
CUST-04781,Male,No,Yes,No,60,Yes,No,Fiber optic,Yes,No,Yes,Yes,Yes,Yes,Month-To-Month,Yes,Electronic check,102.88,6165.46,No,0,Loyal (49m+),5,102.75766666666667,0,1,0,102.76
CUST-04782,Female,No,No,Yes,39,Yes,Yes,No,No internet service,No internet service,No internet service,No internet service,No internet service,No internet service,Month-To-Month,Yes,Bank transfer,32.78,1271.77,No,0,Established (25-48m),0,32.60948717948718,0,0,0,32.61
CUST-04783,Female,No,No,Yes,20,Yes,Yes,Fiber optic,Yes,No,Yes,Yes,No,No,Two Year,Yes,Electronic check,98.99,1975.56,No,0,Mid-term (13-24m),3,98.77799999999999,0,0,0,98.78
CUST-04784,Female,No,No,Yes,65,Yes,Yes,DSL,No,No,No,No,Yes,No,One Year,No,Mailed check,66.92,4347.1,No,0,Loyal (49m+),1,66.87846153846155,0,1,0,66.88
CUST-04785,Male,No,No,Yes,7,Yes,Yes,Fiber optic,No,No,Yes,Yes,No,No,Month-To-Month,Yes,Bank transfer,95.02,660.17,No,0,New (0-12m),2,94.30999999999999,0,0,0,94.31
CUST-04786,Male,No,Yes,No,70,Yes,Yes,No,No internet service,No internet service,No internet service,No internet service,No internet service,No internet service,One Year,Yes,Bank transfer,37.29,2611.85,Yes,0,Loyal (49m+),0,37.31214285714285,0,0,0,37.31
CUST-04787,Female,No,No,No,9,Yes,No,Fiber optic,Yes,No,Yes,No,No,Yes,Two Year,Yes,Bank transfer,93.99,847.87,No,0,New (0-12m),3,94.20777777777778,0,1,0,94.21
CUST-04788,Male,No,No,Yes,56,Yes,Yes,Fiber optic,Yes,Yes,No,Yes,No,Yes,One Year,Yes,Credit card,104.73,5855.8,No,0,Loyal (49m+),4,104.56785714285715,0,1,0,104.57
CUST-04789,Female,Yes,No,Yes,3,Yes,Yes,DSL,No,No,No,Yes,No,No,Month-To-Month,Yes,Electronic check,62.63,190.88,No,0,New (0-12m),1,63.626666666666665,1,0,0,63.63
CUST-04790,Male,No,No,No,42,Yes,No,Fiber optic,No,Yes,Yes,No,No,No,One Year,No,Electronic check,91.87,3857.89,No,0,Established (25-48m),2,91.85452380952381,0,0,0,91.85
CUST-04791,Male,No,No,Yes,62,Yes,No,DSL,No,Yes,No,No,No,Yes,One Year,Yes,Electronic check,63.3,3925.54,Yes,0,Loyal (49m+),2,63.31516129032258,0,1,0,63.32
CUST-04792,male,No,Yes,No,42,Yes,Yes,Fiber optic,No,No,No,No,No,No,One Year,Yes,Electronic check,87.43,3679.93,No,0,Established (25-48m),0,87.61738095238096,0,0,0,87.62
CUST-04793,Female,No,No,Yes,66,Yes,No,Fiber optic,No,No,Yes,No,Yes,No,Two Year,No,Electronic check,89.02,5868.99,No,0,Loyal (49m+),2,88.9240909090909,0,1,0,88.92
CUST-04794,Male,No,Yes,No,50,Yes,Yes,No,No internet service,No internet service,No internet service,No internet service,No internet service,No internet service,Month-To-Month,No,Bank transfer,37.23,1859.59,No,0,Loyal (49m+),0,37.1918,0,0,0,37.19
CUST-04795,Male,No,Yes,Yes,55,Yes,Yes,DSL,No,Yes,No,Yes,Yes,No,One Year,No,Electronic check,75.85,4171.45,Yes,0,Loyal (49m+),3,75.84454545454545,0,1,0,75.84
CUST-04796,Female,Yes,No,Yes,42,Yes,Yes,DSL,No,No,Yes,No,Yes,Yes,Month-To-Month,No,Electronic check,75.37,3167.36,No,0,Established (25-48m),3,75.41333333333334,0,1,0,75.41
CUST-04797,Female,No,No,Yes,23,Yes,No,DSL,Yes,No,No,Yes,No,Yes,Month-To-Month,Yes,Bank transfer,68.1,1569.85,Yes,0,Mid-term (13-24m),3,68.25434782608696,0,1,0,68.25
CUST-04798,Female,No,Yes,No,33,Yes,Yes,DSL,No,Yes,No,No,Yes,No,One Year,No,Credit card,68.02,2237.25,No,0,Established (25-48m),2,67.79545454545455,0,1,0,67.8
CUST-04799,Female,No,Yes,No,58,Yes,Yes,DSL,No,No,No,No,Yes,No,Two Year,Yes,Electronic check,63.83,3707.12,Yes,0,Loyal (49m+),1,63.91586206896552,0,1,0,63.92
CUST-04800,Male,No,Yes,No,1,Yes,Yes,No,No internet service,No internet service,No internet service,No internet service,No internet service,No internet service,Month-To-Month,No,Mailed check,34.29,28.71,No,0,New (0-12m),0,28.71,1,0,0,28.71
CUST-04801,Male,No,No,Yes,1,Yes,Yes,Fiber optic,Yes,No,No,No,Yes,Yes,Two Year,No,Mailed check,100.58,109.6,No,0,New (0-12m),3,109.6,1,1,0,109.6
CUST-04802,Male,No,Yes,Yes,9,Yes,Yes,No,No internet service,No internet service,No internet service,No internet service,No internet service,No internet service,Month-To-Month,No,Electronic check,33.34,292.17,No,0,New (0-12m),0,32.46333333333334,0,0,0,32.46
CUST-04803,Male,No,Yes,Yes,22,Yes,Yes,DSL,Yes,No,No,No,Yes,No,Month-To-Month,No,Electronic check,70.96,1570.85,Yes,0,Mid-term (13-24m),2,71.40227272727272,0,1,0,71.4
CUST-04804,Male,Yes,No,Yes,14,Yes,Yes,No,No internet service,No internet service,No internet service,No internet service,No internet service,No internet service,Month-To-Month,Yes,Electronic check,32.78,467.48,No,0,Mid-term (13-24m),0,33.39142857142857,0,0,0,33.39
CUST-04805,Female,No,Yes,Yes,16,Yes,No,DSL,Yes,No,No,No,No,Yes,One Year,Yes,Bank transfer,66.83,1077.06,No,0,Mid-term (13-24m),2,67.31625,0,1,0,67.32
CUST-04806,Male,Yes,No,Yes,13,Yes,Yes,No,No internet service,No internet service,No internet service,No internet service,No internet service,No internet service,One Year,No,Mailed check,36.89,470.18,No,0,Mid-term (13-24m),0,36.167692307692306,0,0,0,36.17
CUST-04807,Male,No,Yes,No,15,Yes,Yes,Fiber optic,No,No,No,Yes,No,No,Month-To-Month,Yes,Credit card,91.98,1373.73,No,0,Mid-term (13-24m),1,91.58200000000001,0,0,0,91.58
CUST-04808,Male,No,No,No,31,Yes,Yes,Fiber optic,Yes,No,No,No,No,No,Month-To-Month,Yes,Electronic check,89.62,2779.58,Yes,0,Established (25-48m),1,89.66387096774193,0,0,0,89.66
CUST-04809,Female,No,Yes,No,22,Yes,No,Fiber optic,Yes,No,No,No,No,Yes,One Year,No,Credit card,88.15,1943.73,No,0,Mid-term (13-24m),2,88.35136363636364,0,1,0,88.35
CUST-04810,Female,No,No,Yes,33,Yes,No,No,No internet service,No internet service,No internet service,No internet service,No internet service,No internet service,One Year,Yes,Electronic check,30.05,996.35,No,0,Established (25-48m),0,30.19242424242424,0,0,0,30.19
CUST-04811,Male,Yes,No,No,15,Yes,Yes,Fiber optic,Yes,No,No,No,Yes,Yes,Month-To-Month,No,Electronic check,101.29,1510.27,No,0,Mid-term (13-24m),3,100.68466666666667,0,1,0,100.68
CUST-04812,Female,No,Yes,Yes,33,Yes,Yes,DSL,Yes,Yes,No,No,No,No,Month-To-Month,No,Electronic check,68.84,2275.49,No,0,Established (25-48m),2,68.95424242424242,0,0,0,68.95
CUST-04813,Female,No,No,Yes,70,Yes,No,Fiber optic,No,Yes,No,Yes,No,Yes,One Year,Yes,Bank transfer,95.84,6708.73,No,0,Loyal (49m+),3,95.839,0,1,0,95.84
CUST-04814,Female,No,Yes,No,32,Yes,Yes,No,No internet service,No internet service,No internet service,No internet service,No internet service,No internet service,Month-To-Month,Yes,Credit card,32.59,1039.15,No,0,Established (25-48m),0,32.4734375,0,0,0,32.47
CUST-04815,Female,No,No,Yes,67,Yes,Yes,No,No internet service,No internet service,No internet service,No internet service,No internet service,No internet service,Month-To-Month,Yes,Bank transfer,36.56,2453.31,No,0,Loyal (49m+),0,36.6165671641791,0,0,0,36.62
CUST-04816,Female,Yes,No,Yes,42,Yes,Yes,Fiber optic,No,No,Yes,Yes,No,No,Two Year,No,Bank transfer,93.59,3925.79,No,0,Established (25-48m),2,93.47119047619047,0,0,0,93.47
CUST-04817,Female,No,No,Yes,63,Yes,Yes,DSL,Yes,No,Yes,No,No,No,Month-To-Month,Yes,Electronic check,72.06,4542.68,No,0,Loyal (49m+),2,72.10603174603175,0,0,0,72.11
CUST-04818,Female,No,No,Yes,70,Yes,No,Fiber optic,No,No,No,No,Yes,No,Two Year,Yes,Electronic check,85.21,5966.94,No,0,Loyal (49m+),1,85.24199999999999,0,1,0,85.24
CUST-04819,Male,No,No,Yes,17,Yes,Yes,No,No internet service,No internet service,No internet service,No internet service,No internet service,No internet service,Month-To-Month,No,Electronic check,34.38,586.28,No,0,Mid-term (13-24m),0,34.48705882352941,0,0,0,34.49
CUST-04820,Male,Yes,No,No,67,Yes,No,Fiber optic,Yes,No,Yes,No,No,No,One Year,Yes,Electronic check,91.19,6110.39,Yes,0,Loyal (49m+),2,91.19985074626867,0,0,0,91.2
CUST-04821,Female,No,No,No,60,Yes,Yes,Fiber optic,No,No,No,Yes,No,No,Month-To-Month,Yes,Bank transfer,89.07,5339.65,No,0,Loyal (49m+),1,88.99416666666666,0,0,0,88.99
CUST-04822,Male,No,Yes,Yes,19,Yes,No,Fiber optic,No,Yes,No,No,No,No,Two Year,No,Credit card,86.08,1629.54,No,0,Mid-term (13-24m),1,85.76526315789474,0,0,0,85.77
CUST-04823,Male,No,Yes,Yes,10,Yes,Yes,DSL,No,Yes,No,Yes,Yes,Yes,Two Year,No,Electronic check,79.06,788.26,No,0,New (0-12m),4,78.826,0,1,0,78.83
CUST-04824,Female,No,No,No,45,Yes,Yes,No,No internet service,No internet service,No internet service,No internet service,No internet service,No internet service,Two Year,Yes,Bank transfer,36.74,1662.72,No,0,Established (25-48m),0,36.949333333333335,0,0,0,36.95
CUST-04825,Male,No,No,No,63,Yes,No,No,No internet service,No internet service,No internet service,No internet service,No internet service,No internet service,Month-To-Month,Yes,Electronic check,32.41,2047.58,Yes,0,Loyal (49m+),0,32.50126984126984,0,0,0,32.5
CUST-04826,male,No,No,No,27,Yes,Yes,DSL,Yes,No,No,No,Yes,No,Two Year,Yes,Electronic check,70.79,1909.02,Yes,0,Established (25-48m),2,70.70444444444445,0,1,0,70.7
CUST-04827,Female,No,Yes,Yes,47,No,No phone service,No,No internet service,No internet service,No internet service,No internet service,No internet service,No internet service,Month-To-Month,No,Electronic check,20.19,952.6,No,0,Established (25-48m),0,20.26808510638298,0,0,0,20.27
CUST-04828,Female,No,No,No,34,Yes,No,No,No internet service,No internet service,No internet service,No internet service,No internet service,No internet service,One Year,Yes,Electronic check,29.8,1008.82,No,0,Established (25-48m),0,29.671176470588236,0,0,0,29.67
CUST-04829,Male,No,Yes,No,7,Yes,Yes,DSL,No,Yes,No,No,No,No,Month-To-Month,No,Electronic check,67.15,464.34,No,0,New (0-12m),1,66.33428571428571,0,0,0,66.33
CUST-04830,Male,No,No,Yes,21,Yes,Yes,Fiber optic,No,Yes,Yes,Yes,Yes,No,One Year,Yes,Mailed check,104.69,2200.16,No,0,Mid-term (13-24m),4,104.7695238095238,0,1,0,104.77
CUST-04831,Male,No,No,Yes,23,Yes,No,DSL,Yes,No,No,No,No,Yes,Two Year,Yes,Mailed check,66.55,1525.77,No,0,Mid-term (13-24m),2,66.33782608695653,0,1,0,66.34
CUST-04832,Male,Yes,No,No,65,Yes,No,DSL,No,No,No,No,Yes,Yes,Month-To-Month,Yes,Electronic check,62.52,4064.73,No,0,Loyal (49m+),2,62.53430769230769,0,1,0,62.53
CUST-04833,Female,Yes,No,Yes,63,No,No phone service,Fiber optic,Yes,No,Yes,Yes,Yes,Yes,Month-To-Month,No,Mailed check,96.96,6100.08,No,0,Loyal (49m+),5,96.82666666666667,0,1,0,96.83
CUST-04834,Female,No,No,No,64,Yes,Yes,DSL,No,No,No,No,No,Yes,Month-To-Month,Yes,Mailed check,64.43,4130.22,Yes,0,Loyal (49m+),1,64.5346875,0,1,0,64.53
CUST-04835,Male,No,Yes,No,13,Yes,Yes,No,No internet service,No internet service,No internet service,No internet service,No internet service,No internet service,Month-To-Month,Yes,Credit card,33.89,438.21,No,0,Mid-term (13-24m),0,33.708461538461535,0,0,0,33.71
CUST-04836,Female,No,No,Yes,24,Yes,Yes,No,No internet service,No internet service,No internet service,No internet service,No internet service,No internet service,Month-To-Month,Yes,Credit card,33.25,788.31,Yes,0,Mid-term (13-24m),0,32.84625,0,0,0,32.85
CUST-04837,Female,No,Yes,Yes,2,Yes,No,DSL,No,Yes,No,No,Yes,No,Two Year,No,Credit card,62.86,134.89,Yes,0,New (0-12m),2,67.445,1,1,0,67.44
CUST-04838,Male,No,Yes,No,4,Yes,Yes,DSL,No,No,No,No,Yes,No,Month-To-Month,Yes,Mailed check,66.91,268.55,Yes,0,New (0-12m),1,67.1375,0,1,0,67.14
CUST-04839,Female,No,No,Yes,64,Yes,No,DSL,No,No,No,No,Yes,No,One Year,No,Bank transfer,59.16,3794.56,No,0,Loyal (49m+),1,59.29,0,1,0,59.29
CUST-04840,Male,No,No,Yes,53,Yes,No,No,No internet service,No internet service,No internet service,No internet service,No internet service,No internet service,Month-To-Month,Yes,Electronic check,32.36,1708.84,No,0,Loyal (49m+),0,32.24226415094339,0,0,0,32.24
CUST-04841,Female,Yes,No,Yes,18,Yes,No,Fiber optic,Yes,No,No,No,No,Yes,Month-To-Month,No,Bank transfer,89.6,1608.8,Yes,0,Mid-term (13-24m),2,89.37777777777778,0,1,0,89.38
CUST-04842,Male,No,Yes,Yes,53,No,No phone service,Fiber optic,Yes,No,No,Yes,Yes,Yes,Month-To-Month,No,Electronic check,92.24,4886.38,No,0,Loyal (49m+),4,92.19584905660378,0,1,0,92.2
CUST-04843,Female,No,Yes,Yes,9,Yes,Yes,Fiber optic,No,Yes,No,Yes,Yes,No,Month-To-Month,Yes,Electronic check,100.79,901.02,No,0,New (0-12m),3,100.11333333333333,0,1,0,100.11
CUST-04844,Female,No,Yes,Yes,15,Yes,No,DSL,No,No,No,No,Yes,No,One Year,No,Electronic check,58.27,873.13,Yes,0,Mid-term (13-24m),1,58.208666666666666,0,1,0,58.21
CUST-04845,Male,No,No,Yes,45,Yes,No,DSL,No,No,Yes,No,Yes,No,Month-To-Month,Yes,Mailed check,64.03,2876.98,Yes,0,Established (25-48m),2,63.93288888888889,0,1,0,63.93
CUST-04846,Male,No,Yes,No,28,Yes,No,DSL,Yes,No,Yes,Yes,No,No,One Year,No,Electronic check,72.2,2014.11,No,0,Established (25-48m),3,71.93249999999999,0,0,0,71.93
CUST-04847,Male,No,Yes,Yes,14,Yes,No,Fiber optic,Yes,No,No,No,No,Yes,Month-To-Month,Yes,Electronic check,89.65,1246.73,No,0,Mid-term (13-24m),2,89.05214285714285,0,1,0,89.05
CUST-04848,Male,No,Yes,No,47,Yes,Yes,Fiber optic,Yes,No,No,No,No,No,Two Year,Yes,Electronic check,87.78,4120.82,No,0,Established (25-48m),1,87.67702127659574,0,0,0,87.68
CUST-04849,Female,No,No,Yes,10,Yes,Yes,DSL,No,Yes,No,No,Yes,Yes,Two Year,Yes,Credit card,74.2,751.62,No,0,New (0-12m),3,75.162,0,1,0,75.16
CUST-04850,Female,Yes,Yes,No,33,Yes,No,Fiber optic,No,No,No,Yes,No,Yes,Month-To-Month,Yes,Electronic check,91.88,3027.17,No,0,Established (25-48m),2,91.73242424242424,0,1,0,91.73
CUST-04851,Male,No,Yes,Yes,35,Yes,Yes,Fiber optic,No,No,No,No,Yes,No,Month-To-Month,Yes,Bank transfer,92.49,3244.26,Yes,0,Established (25-48m),1,92.69314285714286,0,1,0,92.69
CUST-04852,M,No,No,No,29,Yes,Yes,DSL,No,No,Yes,No,No,No,Month-To-Month,No,Bank transfer,62.65,1816.03,No,0,Established (25-48m),1,62.62172413793103,0,0,0,62.62
CUST-04853,Male,No,No,Yes,72,Yes,Yes,DSL,No,No,No,No,No,Yes,Two Year,Yes,Mailed check,64.86,4664.97,No,0,Loyal (49m+),1,64.79125,0,1,0,64.79
CUST-04854,Male,No,No,No,18,Yes,Yes,DSL,No,No,No,No,Yes,No,Month-To-Month,No,Mailed check,63.73,1153.6,Yes,0,Mid-term (13-24m),1,64.08888888888889,0,1,0,64.09
CUST-04855,Female,No,Yes,Yes,67,Yes,No,DSL,Yes,No,Yes,Yes,No,No,Two Year,No,Electronic check,72.41,4856.57,No,0,Loyal (49m+),3,72.48611940298507,0,0,0,72.49
CUST-04856,Female,No,Yes,Yes,69,Yes,Yes,Fiber optic,No,No,No,No,No,No,Month-To-Month,No,Mailed check,84.42,5827.33,No,0,Loyal (49m+),0,84.45405797101449,0,0,0,84.45
CUST-04857,Male,Yes,Yes,No,32,Yes,No,DSL,Yes,Yes,No,No,Yes,Yes,Month-To-Month,No,Mailed check,77.17,2465.17,Yes,0,Established (25-48m),4,77.0365625,0,1,0,77.04
CUST-04858,Male,Yes,No,No,21,Yes,Yes,No,No internet service,No internet service,No internet service,No internet service,No internet service,No internet service,Month-To-Month,Yes,Mailed check,35.55,751.79,Yes,0,Mid-term (13-24m),0,35.799523809523805,0,0,0,35.8
CUST-04859,F,No,Yes,Yes,35,Yes,No,DSL,Yes,No,No,No,Yes,No,Month-To-Month,Yes,Electronic check,66.96,2333.99,Yes,0,Established (25-48m),2,66.68542857142856,0,1,0,66.69
CUST-04860,Female,Yes,No,No,22,Yes,No,Fiber optic,No,No,No,Yes,No,No,One Year,Yes,Electronic check,87.25,1915.1,No,0,Mid-term (13-24m),1,87.05,0,0,0,87.05
CUST-04861,Female,No,No,No,62,Yes,Yes,No,No internet service,No internet service,No internet service,No internet service,No internet service,No internet service,Month-To-Month,No,Electronic check,33.02,2054.48,No,0,Loyal (49m+),0,33.13677419354839,0,0,0,33.14
CUST-04862,Female,No,Yes,Yes,25,Yes,Yes,DSL,No,No,No,No,Yes,Yes,Two Year,Yes,Credit card,68.51,1707.43,No,0,Established (25-48m),2,68.2972,0,1,0,68.3
CUST-04863,Female,No,Yes,No,59,Yes,Yes,Fiber optic,No,Yes,No,No,No,No,Two Year,No,Bank transfer,88.83,5243.56,No,0,Loyal (49m+),1,88.87389830508475,0,0,0,88.87
CUST-04864,Male,No,Yes,Yes,4,Yes,Yes,DSL,No,Yes,Yes,Yes,Yes,Yes,Month-To-Month,No,Electronic check,85.18,340.31,No,0,New (0-12m),5,85.0775,0,1,0,85.08
CUST-04865,Male,No,No,No,53,Yes,No,DSL,No,No,Yes,No,No,No,Month-To-Month,No,Mailed check,58.71,3110.21,No,0,Loyal (49m+),1,58.683207547169815,0,0,0,58.68
CUST-04866,Male,No,No,Yes,37,Yes,No,Fiber optic,No,No,Yes,No,Yes,No,Month-To-Month,Yes,Mailed check,92.17,3414.01,No,0,Established (25-48m),2,92.27054054054055,0,1,0,92.27
CUST-04867,Male,No,Yes,No,61,No,No phone service,DSL,Yes,No,No,No,Yes,No,Month-To-Month,Yes,Electronic check,53.4,3248.16,No,0,Loyal (49m+),2,53.24852459016393,0,1,0,53.25
CUST-04868,Male,No,No,Yes,24,Yes,No,DSL,No,No,No,No,No,No,Month-To-Month,No,Bank transfer,53.36,1280.6,No,0,Mid-term (13-24m),0,53.35833333333333,0,0,0,53.36
CUST-04869,Male,No,Yes,Yes,11,Yes,No,No,No internet service,No internet service,No internet service,No internet service,No internet service,No internet service,Month-To-Month,No,Bank transfer,28.26,309.66,No,0,New (0-12m),0,28.150909090909092,0,0,0,28.15
CUST-04870,Female,Yes,Yes,No,21,Yes,Yes,Fiber optic,No,No,No,No,Yes,No,Month-To-Month,No,Bank transfer,89.68,1888.3,Yes,0,Mid-term (13-24m),1,89.91904761904762,0,1,0,89.92
CUST-04871,Female,No,Yes,No,8,Yes,Yes,DSL,Yes,Yes,Yes,No,No,Yes,Month-To-Month,No,Credit card,77.73,620.37,No,0,New (0-12m),4,77.54625,0,1,0,77.55
CUST-04872,Male,No,No,Yes,28,Yes,No,Fiber optic,No,No,No,No,Yes,Yes,Two Year,No,Mailed check,90.9,2553.3,Yes,0,Established (25-48m),2,91.18928571428572,0,1,0,91.19
CUST-04873,Male,No,No,Yes,43,Yes,Yes,DSL,No,No,Yes,No,No,Yes,Two Year,Yes,Bank transfer,68.74,2965.67,No,0,Established (25-48m),2,68.96906976744187,0,1,0,68.97
CUST-04874,Female,No,Yes,No,26,Yes,Yes,DSL,No,Yes,No,Yes,No,Yes,Month-To-Month,No,Bank transfer,77.17,2013.94,No,0,Established (25-48m),3,77.45923076923077,0,1,0,77.46
CUST-04875,Female,No,Yes,No,54,Yes,No,DSL,Yes,No,No,No,No,No,One Year,No,Electronic check,58.4,3159.52,No,0,Loyal (49m+),1,58.50962962962963,0,0,0,58.51
CUST-04876,M,No,No,No,4,Yes,No,Fiber optic,No,No,No,No,Yes,Yes,Two Year,Yes,Credit card,87.89,355.9,Yes,0,New (0-12m),2,88.975,0,1,0,88.98
CUST-04877,Female,No,Yes,No,51,No,No phone service,Fiber optic,Yes,Yes,Yes,No,No,Yes,Month-To-Month,Yes,Bank transfer,89.51,4566.23,No,0,Loyal (49m+),4,89.53392156862745,0,1,0,89.53
CUST-04878,Male,No,No,No,12,Yes,No,No,No internet service,No internet service,No internet service,No internet service,No internet service,No internet service,One Year,No,Electronic check,28.73,350.5,No,0,New (0-12m),0,29.208333333333332,0,0,0,29.21
CUST-04879,Male,No,Yes,No,41,No,No phone service,DSL,No,Yes,No,No,Yes,No,Month-To-Month,No,Credit card,56.85,2332.91,Yes,0,Established (25-48m),2,56.90024390243902,0,1,0,56.9
CUST-04880,Male,No,No,Yes,14,Yes,Yes,Fiber optic,Yes,Yes,No,Yes,No,No,One Year,Yes,Bank transfer,100.1,1410.64,No,0,Mid-term (13-24m),3,100.76,0,0,0,100.76
CUST-04881,Male,No,Yes,No,17,Yes,No,DSL,No,No,No,No,Yes,No,One Year,Yes,Electronic check,59.88,1025.75,No,0,Mid-term (13-24m),1,60.338235294117645,0,1,0,60.34
CUST-04882,Male,No,No,No,49,Yes,Yes,Fiber optic,Yes,No,No,No,No,No,Two Year,No,Bank transfer,91.39,4479.64,No,0,Loyal (49m+),1,91.42122448979592,0,0,0,91.42
CUST-04883,Female,Yes,Yes,No,1,Yes,Yes,Fiber optic,No,No,Yes,No,No,No,Month-To-Month,Yes,Mailed check,90.76,89.26,No,0,New (0-12m),1,89.26,1,0,0,89.26
CUST-04884,Male,No,No,No,12,Yes,No,DSL,No,Yes,Yes,No,Yes,Yes,Two Year,Yes,Credit card,72.55,864.54,No,0,New (0-12m),4,72.045,0,1,0,72.04
CUST-04885,Female,No,No,Yes,67,Yes,No,No,No internet service,No internet service,No internet service,No internet service,No internet service,No internet service,Month-To-Month,No,Credit card,30.93,2067.2,Yes,0,Loyal (49m+),0,30.85373134328358,0,0,0,30.85
CUST-04886,Male,No,No,Yes,46,Yes,Yes,DSL,Yes,No,Yes,No,Yes,Yes,Month-To-Month,Yes,Electronic check,81.06,3723.14,No,0,Established (25-48m),4,80.93782608695652,0,1,0,80.94
CUST-04887,Male,No,No,No,49,Yes,No,No,No internet service,No internet service,No internet service,No internet service,No internet service,No internet service,Two Year,No,Credit card,28.37,1397.96,No,0,Loyal (49m+),0,28.52979591836735,0,0,0,28.53
CUST-04888,Male,Yes,Yes,Yes,11,Yes,No,Fiber optic,No,No,No,No,Yes,No,Two Year,Yes,Bank transfer,86.05,954.89,Yes,0,New (0-12m),1,86.80818181818182,0,1,0,86.81
CUST-04889,Male,No,No,No,12,Yes,Yes,Fiber optic,No,No,No,No,Yes,No,Month-To-Month,Yes,Bank transfer,92.47,1106.04,No,0,New (0-12m),1,92.17,0,1,0,92.17
CUST-04890,Male,No,No,Yes,8,Yes,No,No,No internet service,No internet service,No internet service,No internet service,No internet service,No internet service,One Year,Yes,Mailed check,28.97,235.8,No,0,New (0-12m),0,29.475,0,0,0,29.48
CUST-04891,Female,No,Yes,No,58,No,No phone service,DSL,Yes,No,No,Yes,No,No,Month-To-Month,Yes,Electronic check,52.69,3048.51,Yes,0,Loyal (49m+),2,52.560517241379316,0,0,0,52.56
CUST-04892,Female,No,No,No,44,Yes,No,Fiber optic,No,No,Yes,Yes,No,Yes,Month-To-Month,Yes,Mailed check,96.75,4258.23,Yes,0,Established (25-48m),3,96.77795454545453,0,1,0,96.78
CUST-04893,Female,No,Yes,Yes,69,Yes,Yes,No,No internet service,No internet service,No internet service,No internet service,No internet service,No internet service,One Year,No,Electronic check,33.52,2308.87,No,0,Loyal (49m+),0,33.46188405797101,0,0,0,33.46
CUST-04894,Male,No,No,Yes,42,Yes,No,No,No internet service,No internet service,No internet service,No internet service,No internet service,No internet service,Month-To-Month,Yes,Mailed check,31.39,1327.39,Yes,0,Established (25-48m),0,31.604523809523812,0,0,0,31.6
CUST-04895,Male,No,No,No,22,Yes,Yes,DSL,No,Yes,No,No,Yes,No,Month-To-Month,No,Credit card,69.54,1522.6,No,0,Mid-term (13-24m),2,69.2090909090909,0,1,0,69.21
CUST-04896,Female,No,No,Yes,44,Yes,No,Fiber optic,No,No,No,No,No,Yes,One Year,Yes,Electronic check,87.02,3821.58,Yes,0,Established (25-48m),1,86.85409090909091,0,1,0,86.85
CUST-04897,Male,No,No,Yes,22,Yes,No,DSL,Yes,No,Yes,No,Yes,No,Month-To-Month,No,Electronic check,72.21,1594.05,No,0,Mid-term (13-24m),3,72.45681818181818,0,1,0,72.46
CUST-04898,Male,Yes,No,No,33,Yes,Yes,Fiber optic,No,No,No,Yes,No,Yes,Month-To-Month,No,Electronic check,94.48,3114.08,No,0,Established (25-48m),2,94.3660606060606,0,1,0,94.37
CUST-04899,F,No,No,No,15,Yes,No,DSL,No,No,No,Yes,No,Yes,Month-To-Month,Yes,Credit card,67.4,1006.11,No,0,Mid-term (13-24m),2,67.074,0,1,0,67.07
CUST-04900,Male,No,Yes,No,62,Yes,No,DSL,No,No,Yes,Yes,Yes,No,Two Year,Yes,Mailed check,67.64,4187.87,No,0,Loyal (49m+),3,67.54629032258065,0,1,0,67.55
CUST-04901,Female,No,Yes,No,50,Yes,No,DSL,No,No,No,No,Yes,Yes,Two Year,No,Credit card,65.35,3262.56,Yes,0,Loyal (49m+),2,65.2512,0,1,0,65.25
CUST-04902,Male,No,No,No,31,No,No phone service,Fiber optic,Yes,No,No,No,Yes,Yes,Month-To-Month,No,Bank transfer,86.19,2681.67,Yes,0,Established (25-48m),3,86.50548387096775,0,1,0,86.51
CUST-04903,Female,No,No,Yes,37,No,No phone service,Fiber optic,No,No,No,No,No,No,Month-To-Month,Yes,Bank transfer,69.64,2575.75,No,0,Established (25-48m),0,69.61486486486487,0,0,0,69.61
CUST-04904,Male,No,Yes,No,55,Yes,Yes,Fiber optic,No,No,Yes,No,No,Yes,One Year,Yes,Electronic check,95.79,5263.46,No,0,Loyal (49m+),2,95.69927272727273,0,1,0,95.7
CUST-04905,Male,No,Yes,No,68,Yes,No,Fiber optic,No,No,No,No,Yes,No,One Year,No,Electronic check,84.04,5705.98,No,0,Loyal (49m+),1,83.91147058823529,0,1,0,83.91
CUST-04906,Female,No,No,No,16,Yes,Yes,Fiber optic,No,No,No,No,No,Yes,Month-To-Month,No,Electronic check,87.89,1398.66,No,0,Mid-term (13-24m),1,87.41625,0,1,0,87.42
CUST-04907,Male,No,No,Yes,38,Yes,No,DSL,No,Yes,Yes,No,No,Yes,Month-To-Month,Yes,Electronic check,71.67,2726.6,No,0,Established (25-48m),3,71.75263157894737,0,1,0,71.75
CUST-04908,Male,Yes,No,No,40,No,No phone service,Fiber optic,Yes,No,No,No,No,No,Two Year,No,Bank transfer,73.98,2954.41,No,0,Established (25-48m),1,73.86025,0,0,0,73.86
CUST-04909,Female,No,No,No,47,Yes,Yes,DSL,No,Yes,Yes,No,No,No,One Year,Yes,Mailed check,68.48,3219.68,No,0,Established (25-48m),2,68.50382978723404,0,0,0,68.5
CUST-04910,Male,No,No,Yes,27,Yes,Yes,Fiber optic,No,No,Yes,No,Yes,No,Month-To-Month,Yes,Mailed check,93.5,2525.55,Yes,0,Established (25-48m),2,93.53888888888889,0,1,0,93.54
CUST-04911,Female,No,No,No,49,Yes,No,Fiber optic,No,No,No,No,No,No,One Year,No,Credit card,81.61,3996.13,No,0,Loyal (49m+),0,81.55367346938776,0,0,0,81.55
CUST-04912,Male,No,Yes,No,0,Yes,Yes,DSL,No,No,No,No,No,No,Month-To-Month,No,Mailed check,57.83,0.0,No,0,New (0-12m),0,57.83,1,0,0,57.83
CUST-04913,Male,No,No,No,49,Yes,Yes,Fiber optic,Yes,No,Yes,Yes,Yes,No,Month-To-Month,Yes,Mailed check,104.99,5135.18,No,0,Loyal (49m+),4,104.7995918367347,0,1,0,104.8
CUST-04914,M,No,No,Yes,18,Yes,No,Fiber optic,No,No,No,Yes,No,No,Two Year,Yes,Credit card,83.47,1500.8,No,0,Mid-term (13-24m),1,83.37777777777778,0,0,0,83.38
CUST-04915,F,No,Yes,Yes,58,Yes,No,Fiber optic,No,Yes,No,No,Yes,No,Month-To-Month,No,Mailed check,90.76,5262.76,No,0,Loyal (49m+),2,90.73724137931035,0,1,0,90.74
CUST-04916,Female,No,Yes,No,67,Yes,No,Fiber optic,Yes,Yes,No,No,No,Yes,Month-To-Month,No,Electronic check,96.5,6457.99,No,0,Loyal (49m+),3,96.38791044776119,0,1,0,96.39
CUST-04917,Male,No,Yes,No,66,Yes,Yes,Fiber optic,No,No,No,No,Yes,No,Month-To-Month,No,Mailed check,90.31,5950.77,No,0,Loyal (49m+),1,90.16318181818183,0,1,0,90.16
CUST-04918,Female,No,Yes,No,40,Yes,No,Fiber optic,No,No,No,Yes,No,Yes,Two Year,Yes,Mailed check,90.57,3623.48,No,0,Established (25-48m),2,90.587,0,1,0,90.59
CUST-04919,F,No,No,Yes,9,Yes,Yes,Fiber optic,No,No,No,No,No,Yes,Two Year,Yes,Mailed check,90.62,811.47,Yes,0,New (0-12m),1,90.16333333333334,0,1,0,90.16
CUST-04920,Male,No,Yes,Yes,27,Yes,No,DSL,No,No,No,Yes,Yes,Yes,Month-To-Month,Yes,Electronic check,70.37,1908.63,No,0,Established (25-48m),3,70.69,0,1,0,70.69
CUST-04921,Male,No,Yes,Yes,33,No,No phone service,No,No internet service,No internet service,No internet service,No internet service,No internet service,No internet service,One Year,No,Electronic check,19.8858,617.91,Yes,0,Established (25-48m),0,18.724545454545453,0,0,0,18.72
CUST-04922,Male,No,No,Yes,38,Yes,Yes,DSL,No,No,Yes,Yes,No,No,Month-To-Month,Yes,Mailed check,70.77,2681.02,No,0,Established (25-48m),2,70.55315789473684,0,0,0,70.55
CUST-04923,Female,No,Yes,Yes,55,Yes,No,DSL,No,No,Yes,No,No,Yes,Month-To-Month,No,Electronic check,66.37,3653.46,No,0,Loyal (49m+),2,66.42654545454546,0,1,0,66.43
CUST-04924,male,No,Yes,Yes,51,No,No phone service,Fiber optic,No,No,Yes,No,Yes,No,One Year,Yes,Bank transfer,81.62,4170.13,No,0,Loyal (49m+),2,81.76725490196078,0,1,0,81.77
CUST-04925,Female,No,No,No,2,Yes,Yes,No,No internet service,No internet service,No internet service,No internet service,No internet service,No internet service,Month-To-Month,Yes,Bank transfer,32.9,74.94,No,0,New (0-12m),0,37.47,1,0,0,37.47
CUST-04926,Female,No,No,Yes,22,Yes,Yes,DSL,No,No,Yes,Yes,Yes,Yes,Two Year,No,Bank transfer,79.49,1745.03,No,0,Mid-term (13-24m),4,79.31954545454545,0,1,0,79.32
CUST-04927,Male,No,No,No,16,No,No phone service,DSL,Yes,No,Yes,No,Yes,No,One Year,Yes,Electronic check,59.35,948.36,No,0,Mid-term (13-24m),3,59.2725,0,1,0,59.27
CUST-04928,Female,No,No,Yes,70,Yes,Yes,DSL,No,Yes,No,Yes,Yes,No,Month-To-Month,No,Electronic check,77.12,5401.31,No,0,Loyal (49m+),3,77.16157142857143,0,1,0,77.16
CUST-04929,Female,No,No,No,25,Yes,No,DSL,Yes,Yes,No,No,No,No,One Year,Yes,Bank transfer,65.8,1653.19,No,0,Established (25-48m),2,66.1276,0,0,0,66.13
CUST-04930,Male,No,No,Yes,17,Yes,No,No,No internet service,No internet service,No internet service,No internet service,No internet service,No internet service,Month-To-Month,Yes,Bank transfer,29.86,511.14,No,0,Mid-term (13-24m),0,30.06705882352941,0,0,0,30.07
CUST-04931,Male,No,No,No,45,Yes,Yes,No,No internet service,No internet service,No internet service,No internet service,No internet service,No internet service,One Year,No,Credit card,37.3,1676.18,No,0,Established (25-48m),0,37.248444444444445,0,0,0,37.25
CUST-04932,Male,No,Yes,No,69,Yes,Yes,DSL,No,No,Yes,No,Yes,No,Month-To-Month,No,Mailed check,68.3,4704.5,No,0,Loyal (49m+),2,68.18115942028986,0,1,0,68.18
CUST-04933,Male,No,Yes,No,30,Yes,No,DSL,Yes,No,No,No,Yes,Yes,Month-To-Month,Yes,Mailed check,69.31,2072.18,Yes,0,Established (25-48m),3,69.07266666666666,0,1,0,69.07
CUST-04934,Female,No,No,Yes,8,Yes,No,No,No internet service,No internet service,No internet service,No internet service,No internet service,No internet service,One Year,Yes,Bank transfer,30.65,246.16,No,0,New (0-12m),0,30.77,0,0,0,30.77
CUST-04935,Female,No,Yes,Yes,34,Yes,Yes,DSL,No,No,Yes,No,Yes,Yes,Two Year,No,Electronic check,75.05,2546.47,No,0,Established (25-48m),3,74.89617647058823,0,1,0,74.9
CUST-04936,Male,Yes,No,Yes,59,Yes,No,DSL,No,Yes,No,No,Yes,No,Month-To-Month,Yes,Credit card,65.45,3860.54,No,0,Loyal (49m+),2,65.4328813559322,0,1,0,65.43
CUST-04937,Male,No,Yes,No,62,Yes,No,DSL,No,Yes,No,Yes,No,Yes,Month-To-Month,No,Credit card,71.31,4419.37,No,0,Loyal (49m+),3,71.28016129032258,0,1,0,71.28
CUST-04938,Male,No,No,No,51,Yes,No,DSL,No,Yes,Yes,No,Yes,No,Month-To-Month,Yes,Credit card,70.98,3621.39,No,0,Loyal (49m+),3,71.00764705882352,0,1,0,71.01
CUST-04939,Female,No,Yes,No,47,No,No phone service,DSL,No,No,No,No,No,No,Month-To-Month,No,Bank transfer,45.79,2148.8,No,0,Established (25-48m),0,45.719148936170214,0,0,0,45.72
CUST-04940,Female,No,No,Yes,60,Yes,Yes,DSL,Yes,No,No,Yes,No,No,Month-To-Month,Yes,Electronic check,71.08,4264.01,No,0,Loyal (49m+),2,71.06683333333334,0,0,0,71.07
CUST-04941,Male,No,Yes,Yes,23,Yes,No,Fiber optic,No,Yes,No,No,No,No,One Year,Yes,Bank transfer,86.41,1989.07,No,0,Mid-term (13-24m),1,86.48130434782608,0,0,0,86.48
CUST-04942,Male,No,No,No,57,No,No phone service,Fiber optic,Yes,No,Yes,No,No,Yes,Month-To-Month,No,Electronic check,83.55,4764.23,No,0,Loyal (49m+),3,83.58298245614034,0,1,0,83.58
CUST-04943,Female,No,Yes,Yes,63,Yes,Yes,Fiber optic,Yes,No,No,Yes,Yes,No,Two Year,Yes,Electronic check,100.94,6358.58,No,0,Loyal (49m+),3,100.92984126984126,0,1,0,100.93
CUST-04944,Male,No,Yes,Yes,29,Yes,No,No,No internet service,No internet service,No internet service,No internet service,No internet service,No internet service,Month-To-Month,No,Bank transfer,30.82,898.06,Yes,0,Established (25-48m),0,30.96758620689655,0,0,0,30.97
CUST-04945,Male,No,No,Yes,28,Yes,No,No,No internet service,No internet service,No internet service,No internet service,No internet service,No internet service,Two Year,Yes,Bank transfer,31.03,866.64,No,0,Established (25-48m),0,30.951428571428572,0,0,0,30.95
CUST-04946,Female,No,Yes,Yes,9,Yes,Yes,DSL,No,No,Yes,No,No,Yes,Month-To-Month,Yes,Bank transfer,68.72,624.24,No,0,New (0-12m),2,69.36,0,1,0,69.36
CUST-04947,Male,No,Yes,No,38,Yes,Yes,Fiber optic,No,Yes,Yes,Yes,Yes,No,Two Year,Yes,Mailed check,103.91,3958.27,No,0,Established (25-48m),4,104.165,0,1,0,104.16
CUST-04948,Female,No,Yes,Yes,54,No,No phone service,Fiber optic,No,Yes,Yes,No,No,No,Month-To-Month,No,Mailed check,81.35,4398.09,No,0,Loyal (49m+),2,81.44611111111111,0,0,0,81.45
CUST-04949,Male,No,Yes,Yes,27,No,No phone service,No,No internet service,No internet service,No internet service,No internet service,No internet service,No internet service,Two Year,Yes,Credit card,19.8858,529.13,No,0,Established (25-48m),0,19.597407407407406,0,0,0,19.6
CUST-04950,Male,No,Yes,No,17,Yes,Yes,DSL,Yes,Yes,Yes,Yes,Yes,No,Month-To-Month,Yes,Bank transfer,87.12,1488.49,No,0,Mid-term (13-24m),5,87.55823529411765,0,1,0,87.56
CUST-04951,Female,No,No,No,40,Yes,Yes,Fiber optic,Yes,Yes,No,No,Yes,Yes,Month-To-Month,No,Mailed check,103.07,4114.87,No,0,Established (25-48m),4,102.87174999999999,0,1,0,102.87
CUST-04952,Female,No,No,Yes,64,Yes,Yes,Fiber optic,Yes,No,No,Yes,Yes,No,Month-To-Month,Yes,Mailed check,98.36,6296.26,No,0,Loyal (49m+),3,98.3790625,0,1,0,98.38
CUST-04953,Male,No,Yes,Yes,45,Yes,No,Fiber optic,No,No,No,No,No,No,Month-To-Month,Yes,Credit card,78.43,3532.79,Yes,0,Established (25-48m),0,78.50644444444444,0,0,0,78.51
CUST-04954,Female,No,No,Yes,59,No,No phone service,DSL,No,No,No,Yes,No,Yes,One Year,Yes,Mailed check,53.93,3190.18,No,0,Loyal (49m+),2,54.07084745762712,0,1,0,54.07
CUST-04955,Male,Yes,Yes,Yes,8,Yes,Yes,DSL,No,No,Yes,Yes,No,No,One Year,Yes,Electronic check,72.0,582.67,No,0,New (0-12m),2,72.83375,0,0,0,72.83
CUST-04956,male,Yes,No,No,44,Yes,Yes,Fiber optic,No,Yes,Yes,Yes,Yes,No,One Year,Yes,Electronic check,104.38,4590.5,No,0,Established (25-48m),4,104.32954545454545,0,1,0,104.33
CUST-04957,Female,No,Yes,No,59,Yes,Yes,Fiber optic,Yes,No,No,No,No,No,Month-To-Month,No,Mailed check,89.81,5295.03,No,0,Loyal (49m+),1,89.74627118644068,0,0,0,89.75
CUST-04958,Male,No,Yes,No,27,Yes,No,DSL,No,No,Yes,Yes,No,No,Month-To-Month,No,Electronic check,64.61,1740.39,Yes,0,Established (25-48m),2,64.4588888888889,0,0,0,64.46
CUST-04959,Male,No,Yes,Yes,2,Yes,No,No,No internet service,No internet service,No internet service,No internet service,No internet service,No internet service,Month-To-Month,Yes,Mailed check,31.53,58.06,No,0,New (0-12m),0,29.03,1,0,0,29.03
CUST-04960,Female,No,Yes,Yes,50,Yes,No,DSL,No,No,No,No,No,No,Two Year,No,Electronic check,54.38,2715.18,No,0,Loyal (49m+),0,54.303599999999996,0,0,0,54.3
CUST-04961,Female,No,No,No,7,Yes,Yes,DSL,Yes,No,Yes,Yes,No,Yes,Month-To-Month,Yes,Electronic check,81.66,576.3,No,0,New (0-12m),4,82.32857142857142,0,1,0,82.33
CUST-04962,Male,No,No,Yes,69,Yes,Yes,No,No internet service,No internet service,No internet service,No internet service,No internet service,No internet service,One Year,Yes,Electronic check,34.91,2401.1,No,0,Loyal (49m+),0,34.79855072463768,0,0,0,34.8
CUST-04963,Female,Yes,No,No,58,Yes,No,DSL,Yes,No,Yes,No,No,No,Two Year,No,Credit card,63.72,3700.45,Yes,0,Loyal (49m+),2,63.800862068965515,0,0,0,63.8
CUST-04964,Female,No,Yes,No,60,Yes,No,DSL,No,No,No,No,No,Yes,Two Year,Yes,Bank transfer,59.65,3572.89,Yes,0,Loyal (49m+),1,59.54816666666667,0,1,0,59.55
CUST-04965,Female,No,No,No,57,Yes,Yes,Fiber optic,No,No,Yes,No,No,Yes,Month-To-Month,Yes,Electronic check,94.48,5387.84,Yes,0,Loyal (49m+),2,94.52350877192983,0,1,0,94.52
CUST-04966,Female,No,No,No,69,Yes,Yes,DSL,No,Yes,No,No,No,Yes,Two Year,No,Mailed check,68.71,4742.91,Yes,0,Loyal (49m+),2,68.73782608695652,0,1,0,68.74
CUST-04967,Male,No,Yes,No,11,Yes,Yes,DSL,No,No,No,No,No,No,Month-To-Month,No,Mailed check,58.11,641.06,No,0,New (0-12m),0,58.278181818181814,0,0,0,58.28
CUST-04968,Male,No,Yes,No,8,Yes,No,DSL,No,No,Yes,No,No,No,One Year,Yes,Bank transfer,61.71,489.89,Yes,0,New (0-12m),1,61.23625,0,0,0,61.24
CUST-04969,Male,No,Yes,No,48,Yes,Yes,DSL,No,No,Yes,No,No,Yes,Month-To-Month,Yes,Mailed check,70.08,3356.84,Yes,0,Established (25-48m),2,69.93416666666667,0,1,0,69.93
CUST-04970,Female,No,No,Yes,16,Yes,No,No,No internet service,No internet service,No internet service,No internet service,No internet service,No internet service,One Year,Yes,Credit card,28.71,465.2,Yes,0,Mid-term (13-24m),0,29.075,0,0,0,29.08
CUST-04971,Female,No,No,No,53,Yes,No,No,No internet service,No internet service,No internet service,No internet service,No internet service,No internet service,One Year,Yes,Bank transfer,29.63,1565.23,No,0,Loyal (49m+),0,29.53264150943396,0,0,0,29.53
CUST-04972,Female,No,Yes,No,43,Yes,No,DSL,No,Yes,No,No,Yes,Yes,Month-To-Month,No,Credit card,70.53,3024.38,No,0,Established (25-48m),3,70.33441860465116,0,1,0,70.33
CUST-04973,Female,Yes,No,Yes,31,Yes,Yes,DSL,Yes,No,No,Yes,No,No,Month-To-Month,Yes,Electronic check,71.1,2197.27,No,0,Established (25-48m),2,70.87967741935483,0,0,0,70.88
CUST-04974,Female,No,Yes,No,34,Yes,Yes,DSL,Yes,Yes,No,Yes,Yes,No,One Year,No,Credit card,80.6,2732.68,No,0,Established (25-48m),4,80.37294117647059,0,1,0,80.37
CUST-04975,Female,No,No,No,48,Yes,No,Fiber optic,Yes,Yes,No,Yes,Yes,No,Month-To-Month,Yes,Electronic check,98.67,4740.46,Yes,0,Established (25-48m),4,98.75958333333334,0,1,0,98.76
CUST-04976,Female,No,Yes,No,53,Yes,No,No,No internet service,No internet service,No internet service,No internet service,No internet service,No internet service,Month-To-Month,Yes,Electronic check,28.05,1491.55,No,0,Loyal (49m+),0,28.142452830188677,0,0,0,28.14
CUST-04977,Male,No,No,Yes,15,Yes,No,No,No internet service,No internet service,No internet service,No internet service,No internet service,No internet service,Month-To-Month,Yes,Electronic check,27.87,414.81,No,0,Mid-term (13-24m),0,27.654,0,0,0,27.65
CUST-04978,Male,No,No,Yes,11,Yes,Yes,DSL,No,No,Yes,No,No,Yes,One Year,Yes,Mailed check,68.04,753.74,No,0,New (0-12m),2,68.52181818181818,0,1,0,68.52
CUST-04979,Female,Yes,No,Yes,7,Yes,Yes,DSL,No,No,No,No,No,No,Two Year,Yes,Electronic check,59.23,421.38,No,0,New (0-12m),0,60.19714285714286,0,0,0,60.2
CUST-04980,Female,No,Yes,No,20,Yes,Yes,DSL,Yes,No,Yes,No,Yes,No,Two Year,Yes,Bank transfer,74.27,1484.94,No,0,Mid-term (13-24m),3,74.247,0,1,0,74.25
CUST-04981,Female,No,Yes,Yes,47,Yes,No,No,No internet service,No internet service,No internet service,No internet service,No internet service,No internet service,Month-To-Month,Yes,Bank transfer,32.39,1528.87,No,0,Established (25-48m),0,32.52914893617021,0,0,0,32.53
CUST-04982,Male,No,Yes,No,7,No,No phone service,Fiber optic,No,No,No,No,No,No,Month-To-Month,Yes,Electronic check,67.61,473.35,Yes,0,New (0-12m),0,67.62142857142858,0,0,0,67.62
CUST-04983,Male,No,No,No,27,Yes,Yes,Fiber optic,No,No,No,Yes,No,No,Month-To-Month,Yes,Electronic check,90.66,2454.01,Yes,0,Established (25-48m),1,90.88925925925926,0,0,0,90.89
CUST-04984,Female,No,Yes,No,9,Yes,Yes,No,No internet service,No internet service,No internet service,No internet service,No internet service,No internet service,Two Year,No,Credit card,35.06,314.36,No,0,New (0-12m),0,34.92888888888889,0,0,0,34.93
CUST-04985,Female,No,No,No,51,Yes,Yes,No,No internet service,No internet service,No internet service,No internet service,No internet service,No internet service,Month-To-Month,Yes,Electronic check,33.23,1685.91,Yes,0,Loyal (49m+),0,33.05705882352942,0,0,0,33.06
CUST-04986,Male,No,Yes,No,14,Yes,No,Fiber optic,Yes,Yes,No,No,No,No,Month-To-Month,No,Electronic check,92.24,1285.77,No,0,Mid-term (13-24m),2,91.84071428571428,0,0,0,91.84
CUST-04987,Male,No,Yes,No,3,Yes,Yes,DSL,Yes,Yes,No,Yes,Yes,No,One Year,Yes,Electronic check,81.56,240.75,No,0,New (0-12m),4,80.25,1,1,0,80.25
CUST-04988,Male,Yes,No,No,61,Yes,Yes,DSL,No,No,No,Yes,Yes,Yes,Two Year,Yes,Credit card,73.6,4488.41,No,0,Loyal (49m+),3,73.58049180327869,0,1,0,73.58
CUST-04989,Male,No,No,Yes,3,Yes,No,DSL,No,No,Yes,No,No,Yes,Month-To-Month,Yes,Bank transfer,63.96,191.37,Yes,0,New (0-12m),2,63.79,1,1,0,63.79
CUST-04990,Female,No,Yes,No,40,Yes,No,Fiber optic,Yes,Yes,No,No,No,Yes,Month-To-Month,No,Mailed check,93.5,3749.51,No,0,Established (25-48m),3,93.73775,0,1,0,93.74
CUST-04991,Male,No,Yes,No,72,Yes,Yes,Fiber optic,Yes,Yes,Yes,No,No,No,One Year,No,Electronic check,99.04,7130.39,No,0,Loyal (49m+),3,99.03319444444445,0,0,0,99.03
CUST-04992,Male,No,No,Yes,54,Yes,Yes,Fiber optic,No,No,No,No,No,Yes,Month-To-Month,No,Mailed check,88.64,4783.99,Yes,0,Loyal (49m+),1,88.5924074074074,0,1,0,88.59
CUST-04993,Female,No,No,No,27,Yes,No,DSL,No,Yes,No,No,No,No,Month-To-Month,No,Electronic check,58.79,1584.54,Yes,0,Established (25-48m),1,58.68666666666667,0,0,0,58.69
CUST-04994,Male,No,Yes,Yes,46,Yes,No,Fiber optic,Yes,No,Yes,Yes,Yes,No,Month-To-Month,Yes,Bank transfer,100.08,4611.4,No,0,Established (25-48m),4,100.24782608695651,0,1,0,100.25
CUST-04995,Male,Yes,No,No,8,Yes,Yes,Fiber optic,No,No,Yes,No,No,No,Month-To-Month,No,Electronic check,89.19,711.22,No,0,New (0-12m),1,88.9025,0,0,0,88.9
CUST-04996,Male,No,Yes,No,1,Yes,Yes,DSL,No,No,No,No,Yes,No,Two Year,No,Electronic check,64.95,70.65,No,0,New (0-12m),1,70.65,1,1,0,70.65
CUST-04997,F,No,Yes,No,66,Yes,Yes,Fiber optic,No,No,No,No,Yes,Yes,Month-To-Month,Yes,Mailed check,92.65,6109.88,Yes,0,Loyal (49m+),2,92.5739393939394,0,1,0,92.57
CUST-04998,Male,Yes,Yes,Yes,47,Yes,No,No,No internet service,No internet service,No internet service,No internet service,No internet service,No internet service,Month-To-Month,No,Electronic check,31.21,1465.45,No,0,Established (25-48m),0,31.179787234042553,0,0,0,31.18
CUST-04999,Female,No,No,No,68,Yes,No,Fiber optic,Yes,Yes,Yes,No,No,No,Two Year,No,Credit card,97.14,6607.0,No,0,Loyal (49m+),3,97.16176470588235,0,0,0,97.16
CUST-05000,Female,No,Yes,Yes,27,Yes,Yes,DSL,Yes,No,No,No,No,Yes,One Year,No,Electronic check,72.48,1958.25,No,0,Established (25-48m),2,72.52777777777777,0,1,0,72.53
